study_id,site_id,subject_id,visit_id,form_id,record_num,item_oid,value
SYN-2026-01,SITE-105,SITE-105-001,SCR,DM,1,BRTHDAT,2000-03-28
SYN-2026-01,SITE-105,SITE-105-001,SCR,DM,1,SEX,M
SYN-2026-01,SITE-105,SITE-105-001,SCR,DM,1,RFICDAT,2026-03-22
SYN-2026-01,SITE-105,SITE-105-001,SCR,DM,1,ARM,B
SYN-2026-01,SITE-105,SITE-105-001,SCR,IE,1,IEYN,Y
SYN-2026-01,SITE-105,SITE-105-001,SCR,IE,1,AGEELIG,Y
SYN-2026-01,SITE-105,SITE-105-001,SCR,VS,1,VSDAT,2026-03-25
SYN-2026-01,SITE-105,SITE-105-001,SCR,VS,1,SYSBP,115
SYN-2026-01,SITE-105,SITE-105-001,SCR,VS,1,DIABP,85
SYN-2026-01,SITE-105,SITE-105-001,SCR,VS,1,PULSE,72
SYN-2026-01,SITE-105,SITE-105-001,SCR,VS,1,WEIGHT,57.1
SYN-2026-01,SITE-105,SITE-105-001,BASE,VS,1,VSDAT,2026-04-08
SYN-2026-01,SITE-105,SITE-105-001,BASE,VS,1,SYSBP,120
SYN-2026-01,SITE-105,SITE-105-001,BASE,VS,1,DIABP,65
SYN-2026-01,SITE-105,SITE-105-001,BASE,VS,1,PULSE,59
SYN-2026-01,SITE-105,SITE-105-001,BASE,VS,1,TEMP,36.9
SYN-2026-01,SITE-105,SITE-105-001,BASE,VS,1,WEIGHT,78.1
SYN-2026-01,SITE-105,SITE-105-001,BASE,EX,1,EXSTDAT,2026-04-08
SYN-2026-01,SITE-105,SITE-105-001,BASE,EX,1,EXDOSE,50
SYN-2026-01,SITE-105,SITE-105-001,BASE,EX,1,EXADJ,N
SYN-2026-01,SITE-105,SITE-105-001,WK4,VS,1,VSDAT,2026-05-08
SYN-2026-01,SITE-105,SITE-105-001,WK4,VS,1,SYSBP,117
SYN-2026-01,SITE-105,SITE-105-001,WK4,VS,1,DIABP,83
SYN-2026-01,SITE-105,SITE-105-001,WK4,VS,1,PULSE,91
SYN-2026-01,SITE-105,SITE-105-001,WK4,VS,1,TEMP,36.8
SYN-2026-01,SITE-105,SITE-105-001,WK4,VS,1,WEIGHT,108.4
SYN-2026-01,SITE-105,SITE-105-001,WK4,EX,1,EXSTDAT,2026-05-08
SYN-2026-01,SITE-105,SITE-105-001,WK4,EX,1,EXDOSE,50
SYN-2026-01,SITE-105,SITE-105-001,WK4,EX,1,EXADJ,N
SYN-2026-01,SITE-105,SITE-105-001,WK12,VS,1,VSDAT,2026-06-27
SYN-2026-01,SITE-105,SITE-105-001,WK12,VS,1,SYSBP,127
SYN-2026-01,SITE-105,SITE-105-001,WK12,VS,1,DIABP,79
SYN-2026-01,SITE-105,SITE-105-001,WK12,VS,1,PULSE,78
SYN-2026-01,SITE-105,SITE-105-001,WK12,VS,1,TEMP,36.1
SYN-2026-01,SITE-105,SITE-105-001,WK12,EX,1,EXSTDAT,2026-06-27
SYN-2026-01,SITE-105,SITE-105-001,WK12,EX,1,EXDOSE,25
SYN-2026-01,SITE-105,SITE-105-001,WK12,EX,1,EXADJ,N
SYN-2026-01,SITE-105,SITE-105-001,WK12,AE,1,AETERM,sore throat and runny nose
SYN-2026-01,SITE-105,SITE-105-001,WK12,AE,1,AESTDAT,2026-06-26
SYN-2026-01,SITE-105,SITE-105-001,WK12,AE,1,AEOUT,UNKNOWN
SYN-2026-01,SITE-105,SITE-105-001,WK12,AE,1,AESEV,MODERATE
SYN-2026-01,SITE-105,SITE-105-001,WK12,AE,1,AESER,N
SYN-2026-01,SITE-105,SITE-105-001,WK12,AE,1,AEREL,PROBABLE
SYN-2026-01,SITE-105,SITE-105-001,EOS,VS,1,VSDAT,2026-09-27
SYN-2026-01,SITE-105,SITE-105-001,EOS,VS,1,SYSBP,98
SYN-2026-01,SITE-105,SITE-105-001,EOS,VS,1,DIABP,77
SYN-2026-01,SITE-105,SITE-105-001,EOS,VS,1,PULSE,71
SYN-2026-01,SITE-105,SITE-105-001,EOS,VS,1,TEMP,37.1
SYN-2026-01,SITE-105,SITE-105-001,EOS,VS,1,WEIGHT,65.5
SYN-2026-01,SITE-105,SITE-105-001,EOS,AE,1,AETERM,Nausea
SYN-2026-01,SITE-105,SITE-105-001,EOS,AE,1,AESTDAT,2026-09-10
SYN-2026-01,SITE-105,SITE-105-001,EOS,AE,1,AEOUT,UNKNOWN
SYN-2026-01,SITE-105,SITE-105-001,EOS,AE,1,AESEV,MODERATE
SYN-2026-01,SITE-105,SITE-105-001,EOS,AE,1,AESER,N
SYN-2026-01,SITE-105,SITE-105-001,EOS,AE,1,AEREL,POSSIBLE
SYN-2026-01,SITE-105,SITE-105-001,EOS,AE,2,AETERM,not himself
SYN-2026-01,SITE-105,SITE-105-001,EOS,AE,2,AESTDAT,2026-09-23
SYN-2026-01,SITE-105,SITE-105-001,EOS,AE,2,AEOUT,RECOVERED
SYN-2026-01,SITE-105,SITE-105-001,EOS,AE,2,AEENDAT,2026-10-07
SYN-2026-01,SITE-105,SITE-105-001,EOS,AE,2,AESEV,MODERATE
SYN-2026-01,SITE-105,SITE-105-001,EOS,AE,2,AESER,N
SYN-2026-01,SITE-105,SITE-105-001,EOS,AE,2,AEREL,NOT RELATED
SYN-2026-01,SITE-105,SITE-105-001,EOS,AE,3,AETERM,Fatigue
SYN-2026-01,SITE-105,SITE-105-001,EOS,AE,3,AESTDAT,2026-09-16
SYN-2026-01,SITE-105,SITE-105-001,EOS,AE,3,AEOUT,RECOVERED
SYN-2026-01,SITE-105,SITE-105-001,EOS,AE,3,AEENDAT,2026-09-26
SYN-2026-01,SITE-105,SITE-105-001,EOS,AE,3,AESEV,MODERATE
SYN-2026-01,SITE-105,SITE-105-001,EOS,AE,3,AESER,N
SYN-2026-01,SITE-105,SITE-105-001,EOS,AE,3,AEREL,NOT RELATED
SYN-2026-01,SITE-105,SITE-105-001,EOS,CM,1,CMTRT,Metformin
SYN-2026-01,SITE-105,SITE-105-001,EOS,CM,1,CMINDC,Infection
SYN-2026-01,SITE-105,SITE-105-001,EOS,CM,1,CMSTDAT,2026-08-23
SYN-2026-01,SITE-105,SITE-105-001,EOS,DS,1,DSCOMP,Y
SYN-2026-01,SITE-105,SITE-105-001,EOS,DS,1,DSSTDAT,2026-09-27
SYN-2026-01,SITE-103,SITE-103-002,SCR,DM,1,BRTHDAT,1957-02-05
SYN-2026-01,SITE-103,SITE-103-002,SCR,DM,1,SEX,F
SYN-2026-01,SITE-103,SITE-103-002,SCR,DM,1,RFICDAT,2026-01-19
SYN-2026-01,SITE-103,SITE-103-002,SCR,DM,1,ARM,B
SYN-2026-01,SITE-103,SITE-103-002,SCR,IE,1,IEYN,Y
SYN-2026-01,SITE-103,SITE-103-002,SCR,IE,1,AGEELIG,Y
SYN-2026-01,SITE-103,SITE-103-002,SCR,VS,1,VSDAT,2026-01-15
SYN-2026-01,SITE-103,SITE-103-002,SCR,VS,1,SYSBP,116
SYN-2026-01,SITE-103,SITE-103-002,SCR,VS,1,DIABP,68
SYN-2026-01,SITE-103,SITE-103-002,SCR,VS,1,PULSE,74
SYN-2026-01,SITE-103,SITE-103-002,SCR,VS,1,TEMP,36.6
SYN-2026-01,SITE-103,SITE-103-002,SCR,VS,1,WEIGHT,89.2
SYN-2026-01,SITE-103,SITE-103-002,SCR,MH,1,MHTERM,Hypercholesterolaemia
SYN-2026-01,SITE-103,SITE-103-002,SCR,MH,1,MHSTDAT,2024-06-16
SYN-2026-01,SITE-103,SITE-103-002,SCR,MH,1,MHONGO,N
SYN-2026-01,SITE-103,SITE-103-002,BASE,VS,1,VSDAT,2026-02-02
SYN-2026-01,SITE-103,SITE-103-002,BASE,VS,1,SYSBP,121
SYN-2026-01,SITE-103,SITE-103-002,BASE,VS,1,DIABP,73
SYN-2026-01,SITE-103,SITE-103-002,BASE,VS,1,PULSE,57
SYN-2026-01,SITE-103,SITE-103-002,BASE,VS,1,TEMP,37.0
SYN-2026-01,SITE-103,SITE-103-002,BASE,VS,1,WEIGHT,55.5
SYN-2026-01,SITE-103,SITE-103-002,BASE,EX,1,EXSTDAT,2026-02-02
SYN-2026-01,SITE-103,SITE-103-002,BASE,EX,1,EXDOSE,100
SYN-2026-01,SITE-103,SITE-103-002,BASE,EX,1,EXADJ,N
SYN-2026-01,SITE-103,SITE-103-002,WK4,VS,1,VSDAT,2026-03-02
SYN-2026-01,SITE-103,SITE-103-002,WK4,VS,1,SYSBP,127
SYN-2026-01,SITE-103,SITE-103-002,WK4,VS,1,DIABP,86
SYN-2026-01,SITE-103,SITE-103-002,WK4,VS,1,PULSE,71
SYN-2026-01,SITE-103,SITE-103-002,WK4,VS,1,TEMP,36.8
SYN-2026-01,SITE-103,SITE-103-002,WK4,VS,1,WEIGHT,88.8
SYN-2026-01,SITE-103,SITE-103-002,WK4,EX,1,EXSTDAT,2026-03-02
SYN-2026-01,SITE-103,SITE-103-002,WK4,EX,1,EXDOSE,100
SYN-2026-01,SITE-103,SITE-103-002,WK4,EX,1,EXADJ,N
SYN-2026-01,SITE-103,SITE-103-002,WK12,VS,1,VSDAT,2026-04-30
SYN-2026-01,SITE-103,SITE-103-002,WK12,VS,1,SYSBP,142
SYN-2026-01,SITE-103,SITE-103-002,WK12,VS,1,DIABP,85
SYN-2026-01,SITE-103,SITE-103-002,WK12,VS,1,PULSE,87
SYN-2026-01,SITE-103,SITE-103-002,WK12,VS,1,TEMP,37.3
SYN-2026-01,SITE-103,SITE-103-002,WK12,VS,1,WEIGHT,90.8
SYN-2026-01,SITE-103,SITE-103-002,WK12,EX,1,EXSTDAT,2026-04-30
SYN-2026-01,SITE-103,SITE-103-002,WK12,EX,1,EXDOSE,100
SYN-2026-01,SITE-103,SITE-103-002,WK12,EX,1,EXADJ,N
SYN-2026-01,SITE-103,SITE-103-002,WK12,AE,1,AETERM,Arthralgia
SYN-2026-01,SITE-103,SITE-103-002,WK12,AE,1,AESTDAT,2026-04-29
SYN-2026-01,SITE-103,SITE-103-002,WK12,AE,1,AEOUT,RECOVERED
SYN-2026-01,SITE-103,SITE-103-002,WK12,AE,1,AEENDAT,2026-05-01
SYN-2026-01,SITE-103,SITE-103-002,WK12,AE,1,AESEV,MODERATE
SYN-2026-01,SITE-103,SITE-103-002,WK12,AE,1,AESER,N
SYN-2026-01,SITE-103,SITE-103-002,WK12,AE,1,AEREL,RELATED
SYN-2026-01,SITE-103,SITE-103-002,WK12,CM,1,CMTRT,Amoxicillin
SYN-2026-01,SITE-103,SITE-103-002,WK12,CM,1,CMINDC,Pain
SYN-2026-01,SITE-103,SITE-103-002,WK12,CM,1,CMSTDAT,2026-03-28
SYN-2026-01,SITE-103,SITE-103-002,EOS,VS,1,VSDAT,2026-07-13
SYN-2026-01,SITE-103,SITE-103-002,EOS,VS,1,SYSBP,137
SYN-2026-01,SITE-103,SITE-103-002,EOS,VS,1,DIABP,68
SYN-2026-01,SITE-103,SITE-103-002,EOS,VS,1,PULSE,74
SYN-2026-01,SITE-103,SITE-103-002,EOS,VS,1,TEMP,36.4
SYN-2026-01,SITE-103,SITE-103-002,EOS,VS,1,WEIGHT,64.1
SYN-2026-01,SITE-103,SITE-103-002,EOS,DS,1,DSCOMP,Y
SYN-2026-01,SITE-103,SITE-103-002,EOS,DS,1,DSSTDAT,2026-07-13
SYN-2026-01,SITE-102,SITE-102-003,SCR,DM,1,BRTHDAT,2007-09-18
SYN-2026-01,SITE-102,SITE-102-003,SCR,DM,1,SEX,M
SYN-2026-01,SITE-102,SITE-102-003,SCR,DM,1,RFICDAT,2025-09-13
SYN-2026-01,SITE-102,SITE-102-003,SCR,DM,1,ARM,A
SYN-2026-01,SITE-102,SITE-102-003,SCR,IE,1,IEYN,Y
SYN-2026-01,SITE-102,SITE-102-003,SCR,IE,1,AGEELIG,Y
SYN-2026-01,SITE-102,SITE-102-003,SCR,VS,1,VSDAT,2025-09-13
SYN-2026-01,SITE-102,SITE-102-003,SCR,VS,1,SYSBP,128
SYN-2026-01,SITE-102,SITE-102-003,SCR,VS,1,DIABP,61
SYN-2026-01,SITE-102,SITE-102-003,SCR,VS,1,PULSE,76
SYN-2026-01,SITE-102,SITE-102-003,SCR,VS,1,TEMP,36.5
SYN-2026-01,SITE-102,SITE-102-003,SCR,VS,1,WEIGHT,83.8
SYN-2026-01,SITE-102,SITE-102-003,SCR,MH,1,MHTERM,Type 2 diabetes mellitus
SYN-2026-01,SITE-102,SITE-102-003,SCR,MH,1,MHSTDAT,2021-09-29
SYN-2026-01,SITE-102,SITE-102-003,SCR,MH,1,MHONGO,Y
SYN-2026-01,SITE-102,SITE-102-003,BASE,VS,1,VSDAT,2025-09-23
SYN-2026-01,SITE-102,SITE-102-003,BASE,VS,1,SYSBP,132
SYN-2026-01,SITE-102,SITE-102-003,BASE,VS,1,DIABP,73
SYN-2026-01,SITE-102,SITE-102-003,BASE,VS,1,PULSE,85
SYN-2026-01,SITE-102,SITE-102-003,BASE,VS,1,WEIGHT,53.6
SYN-2026-01,SITE-102,SITE-102-003,BASE,EX,1,EXSTDAT,2025-09-23
SYN-2026-01,SITE-102,SITE-102-003,BASE,EX,1,EXDOSE,50
SYN-2026-01,SITE-102,SITE-102-003,BASE,EX,1,EXADJ,N
SYN-2026-01,SITE-102,SITE-102-003,BASE,AE,1,AETERM,Fatigue
SYN-2026-01,SITE-102,SITE-102-003,BASE,AE,1,AESTDAT,2025-09-13
SYN-2026-01,SITE-102,SITE-102-003,BASE,AE,1,AEOUT,UNKNOWN
SYN-2026-01,SITE-102,SITE-102-003,BASE,AE,1,AESEV,MODERATE
SYN-2026-01,SITE-102,SITE-102-003,BASE,AE,1,AESER,N
SYN-2026-01,SITE-102,SITE-102-003,BASE,AE,1,AEREL,RELATED
SYN-2026-01,SITE-102,SITE-102-003,BASE,AE,2,AETERM,head ache
SYN-2026-01,SITE-102,SITE-102-003,BASE,AE,2,AESTDAT,2025-09-16
SYN-2026-01,SITE-102,SITE-102-003,BASE,AE,2,AEOUT,NOT RECOVERED
SYN-2026-01,SITE-102,SITE-102-003,BASE,AE,2,AESEV,MODERATE
SYN-2026-01,SITE-102,SITE-102-003,BASE,AE,2,AESER,N
SYN-2026-01,SITE-102,SITE-102-003,BASE,AE,2,AEREL,UNLIKELY
SYN-2026-01,SITE-102,SITE-102-003,WK4,VS,1,VSDAT,2025-10-22
SYN-2026-01,SITE-102,SITE-102-003,WK4,VS,1,SYSBP,145
SYN-2026-01,SITE-102,SITE-102-003,WK4,VS,1,DIABP,71
SYN-2026-01,SITE-102,SITE-102-003,WK4,VS,1,PULSE,71
SYN-2026-01,SITE-102,SITE-102-003,WK4,VS,1,TEMP,36.5
SYN-2026-01,SITE-102,SITE-102-003,WK4,VS,1,WEIGHT,72.9
SYN-2026-01,SITE-102,SITE-102-003,WK4,EX,1,EXSTDAT,2025-10-22
SYN-2026-01,SITE-102,SITE-102-003,WK4,EX,1,EXDOSE,50
SYN-2026-01,SITE-102,SITE-102-003,WK4,EX,1,EXADJ,N
SYN-2026-01,SITE-102,SITE-102-003,WK4,CM,1,CMTRT,Atorvastatin
SYN-2026-01,SITE-102,SITE-102-003,WK4,CM,1,CMSTDAT,2025-09-09
SYN-2026-01,SITE-102,SITE-102-003,WK4,DS,1,DSCOMP,N
SYN-2026-01,SITE-102,SITE-102-003,WK4,DS,1,DSTERM,Physician decision
SYN-2026-01,SITE-102,SITE-102-003,WK4,DS,1,DSSTDAT,2025-10-22
SYN-2026-01,SITE-105,SITE-105-004,SCR,DM,1,BRTHDAT,1953-03-24
SYN-2026-01,SITE-105,SITE-105-004,SCR,DM,1,SEX,F
SYN-2026-01,SITE-105,SITE-105-004,SCR,DM,1,RFICDAT,2026-03-06
SYN-2026-01,SITE-105,SITE-105-004,SCR,DM,1,ARM,B
SYN-2026-01,SITE-105,SITE-105-004,SCR,IE,1,IEYN,Y
SYN-2026-01,SITE-105,SITE-105-004,SCR,IE,1,AGEELIG,Y
SYN-2026-01,SITE-105,SITE-105-004,SCR,VS,1,VSDAT,2026-03-01
SYN-2026-01,SITE-105,SITE-105-004,SCR,VS,1,SYSBP,129
SYN-2026-01,SITE-105,SITE-105-004,SCR,VS,1,DIABP,78
SYN-2026-01,SITE-105,SITE-105-004,SCR,VS,1,PULSE,90
SYN-2026-01,SITE-105,SITE-105-004,SCR,VS,1,TEMP,36.8
SYN-2026-01,SITE-105,SITE-105-004,SCR,VS,1,WEIGHT,88.6
SYN-2026-01,SITE-105,SITE-105-004,SCR,MH,1,MHTERM,Migraine
SYN-2026-01,SITE-105,SITE-105-004,SCR,MH,1,MHSTDAT,2019-07-16
SYN-2026-01,SITE-105,SITE-105-004,SCR,MH,1,MHONGO,Y
SYN-2026-01,SITE-105,SITE-105-004,SCR,MH,2,MHTERM,Type 2 diabetes mellitus
SYN-2026-01,SITE-105,SITE-105-004,SCR,MH,2,MHSTDAT,2018-12-15
SYN-2026-01,SITE-105,SITE-105-004,SCR,MH,2,MHONGO,N
SYN-2026-01,SITE-105,SITE-105-004,BASE,VS,1,VSDAT,2026-03-16
SYN-2026-01,SITE-105,SITE-105-004,BASE,VS,1,SYSBP,103
SYN-2026-01,SITE-105,SITE-105-004,BASE,VS,1,DIABP,56
SYN-2026-01,SITE-105,SITE-105-004,BASE,VS,1,PULSE,59
SYN-2026-01,SITE-105,SITE-105-004,BASE,VS,1,TEMP,36.5
SYN-2026-01,SITE-105,SITE-105-004,BASE,VS,1,WEIGHT,74.1
SYN-2026-01,SITE-105,SITE-105-004,BASE,EX,1,EXSTDAT,2026-03-16
SYN-2026-01,SITE-105,SITE-105-004,BASE,EX,1,EXDOSE,50
SYN-2026-01,SITE-105,SITE-105-004,BASE,EX,1,EXADJ,N
SYN-2026-01,SITE-105,SITE-105-004,WK4,VS,1,VSDAT,2026-04-09
SYN-2026-01,SITE-105,SITE-105-004,WK4,VS,1,SYSBP,119
SYN-2026-01,SITE-105,SITE-105-004,WK4,VS,1,DIABP,77
SYN-2026-01,SITE-105,SITE-105-004,WK4,VS,1,PULSE,67
SYN-2026-01,SITE-105,SITE-105-004,WK4,VS,1,TEMP,36.7
SYN-2026-01,SITE-105,SITE-105-004,WK4,VS,1,WEIGHT,68.5
SYN-2026-01,SITE-105,SITE-105-004,WK4,EX,1,EXSTDAT,2026-04-09
SYN-2026-01,SITE-105,SITE-105-004,WK4,EX,1,EXDOSE,50
SYN-2026-01,SITE-105,SITE-105-004,WK4,EX,1,EXADJ,Y
SYN-2026-01,SITE-105,SITE-105-004,WK12,VS,1,VSDAT,2026-06-08
SYN-2026-01,SITE-105,SITE-105-004,WK12,VS,1,SYSBP,141
SYN-2026-01,SITE-105,SITE-105-004,WK12,VS,1,DIABP,85
SYN-2026-01,SITE-105,SITE-105-004,WK12,VS,1,PULSE,81
SYN-2026-01,SITE-105,SITE-105-004,WK12,VS,1,TEMP,36.6
SYN-2026-01,SITE-105,SITE-105-004,WK12,VS,1,WEIGHT,95.7
SYN-2026-01,SITE-105,SITE-105-004,WK12,EX,1,EXSTDAT,2026-06-08
SYN-2026-01,SITE-105,SITE-105-004,WK12,EX,1,EXDOSE,50
SYN-2026-01,SITE-105,SITE-105-004,WK12,EX,1,EXADJ,Y
SYN-2026-01,SITE-105,SITE-105-004,WK12,CM,1,CMTRT,Salbutamol
SYN-2026-01,SITE-105,SITE-105-004,WK12,CM,1,CMINDC,Infection
SYN-2026-01,SITE-105,SITE-105-004,WK12,CM,1,CMSTDAT,2026-05-26
SYN-2026-01,SITE-105,SITE-105-004,EOS,VS,1,VSDAT,2026-08-29
SYN-2026-01,SITE-105,SITE-105-004,EOS,VS,1,SYSBP,132
SYN-2026-01,SITE-105,SITE-105-004,EOS,VS,1,DIABP,71
SYN-2026-01,SITE-105,SITE-105-004,EOS,VS,1,PULSE,65
SYN-2026-01,SITE-105,SITE-105-004,EOS,VS,1,TEMP,37.6
SYN-2026-01,SITE-105,SITE-105-004,EOS,VS,1,WEIGHT,85.6
SYN-2026-01,SITE-105,SITE-105-004,EOS,DS,1,DSCOMP,Y
SYN-2026-01,SITE-105,SITE-105-004,EOS,DS,1,DSSTDAT,2026-08-29
SYN-2026-01,SITE-103,SITE-103-005,SCR,DM,1,BRTHDAT,1998-03-09
SYN-2026-01,SITE-103,SITE-103-005,SCR,DM,1,SEX,M
SYN-2026-01,SITE-103,SITE-103-005,SCR,DM,1,RFICDAT,2026-03-02
SYN-2026-01,SITE-103,SITE-103-005,SCR,DM,1,ARM,B
SYN-2026-01,SITE-103,SITE-103-005,SCR,IE,1,IEYN,Y
SYN-2026-01,SITE-103,SITE-103-005,SCR,IE,1,AGEELIG,Y
SYN-2026-01,SITE-103,SITE-103-005,SCR,VS,1,VSDAT,2026-03-10
SYN-2026-01,SITE-103,SITE-103-005,SCR,VS,1,SYSBP,117
SYN-2026-01,SITE-103,SITE-103-005,SCR,VS,1,DIABP,104
SYN-2026-01,SITE-103,SITE-103-005,SCR,VS,1,PULSE,63
SYN-2026-01,SITE-103,SITE-103-005,SCR,VS,1,TEMP,36.9
SYN-2026-01,SITE-103,SITE-103-005,SCR,VS,1,WEIGHT,68.8
SYN-2026-01,SITE-103,SITE-103-005,SCR,MH,1,MHTERM,Hypercholesterolaemia
SYN-2026-01,SITE-103,SITE-103-005,SCR,MH,1,MHSTDAT,2024-12-21
SYN-2026-01,SITE-103,SITE-103-005,SCR,MH,1,MHONGO,N
SYN-2026-01,SITE-103,SITE-103-005,BASE,VS,1,VSDAT,2026-03-19
SYN-2026-01,SITE-103,SITE-103-005,BASE,VS,1,SYSBP,133
SYN-2026-01,SITE-103,SITE-103-005,BASE,VS,1,DIABP,68
SYN-2026-01,SITE-103,SITE-103-005,BASE,VS,1,PULSE,65
SYN-2026-01,SITE-103,SITE-103-005,BASE,VS,1,TEMP,36.8
SYN-2026-01,SITE-103,SITE-103-005,BASE,VS,1,WEIGHT,81.1
SYN-2026-01,SITE-103,SITE-103-005,BASE,EX,1,EXSTDAT,2026-03-19
SYN-2026-01,SITE-103,SITE-103-005,BASE,EX,1,EXDOSE,25
SYN-2026-01,SITE-103,SITE-103-005,BASE,EX,1,EXADJ,N
SYN-2026-01,SITE-103,SITE-103-005,BASE,AE,1,AETERM,Pyrexia
SYN-2026-01,SITE-103,SITE-103-005,BASE,AE,1,AESTDAT,2026-03-05
SYN-2026-01,SITE-103,SITE-103-005,BASE,AE,1,AEOUT,RECOVERING
SYN-2026-01,SITE-103,SITE-103-005,BASE,AE,1,AESEV,MODERATE
SYN-2026-01,SITE-103,SITE-103-005,BASE,AE,1,AESER,N
SYN-2026-01,SITE-103,SITE-103-005,BASE,AE,1,AEREL,PROBABLE
SYN-2026-01,SITE-103,SITE-103-005,BASE,AE,2,AETERM,Upper respiratory tract infection
SYN-2026-01,SITE-103,SITE-103-005,BASE,AE,2,AESTDAT,2026-03-03
SYN-2026-01,SITE-103,SITE-103-005,BASE,AE,2,AEOUT,RECOVERED
SYN-2026-01,SITE-103,SITE-103-005,BASE,AE,2,AEENDAT,2026-03-18
SYN-2026-01,SITE-103,SITE-103-005,BASE,AE,2,AESEV,MODERATE
SYN-2026-01,SITE-103,SITE-103-005,BASE,AE,2,AESER,N
SYN-2026-01,SITE-103,SITE-103-005,BASE,AE,2,AEREL,POSSIBLE
SYN-2026-01,SITE-103,SITE-103-005,WK4,VS,1,VSDAT,2026-04-18
SYN-2026-01,SITE-103,SITE-103-005,WK4,VS,1,SYSBP,119
SYN-2026-01,SITE-103,SITE-103-005,WK4,VS,1,DIABP,81
SYN-2026-01,SITE-103,SITE-103-005,WK4,VS,1,PULSE,94
SYN-2026-01,SITE-103,SITE-103-005,WK4,VS,1,TEMP,35.9
SYN-2026-01,SITE-103,SITE-103-005,WK4,VS,1,WEIGHT,65.3
SYN-2026-01,SITE-103,SITE-103-005,WK4,EX,1,EXSTDAT,2026-04-18
SYN-2026-01,SITE-103,SITE-103-005,WK4,EX,1,EXDOSE,50
SYN-2026-01,SITE-103,SITE-103-005,WK4,EX,1,EXADJ,N
SYN-2026-01,SITE-103,SITE-103-005,WK4,CM,1,CMTRT,Atorvastatin
SYN-2026-01,SITE-103,SITE-103-005,WK4,CM,1,CMINDC,Infection
SYN-2026-01,SITE-103,SITE-103-005,WK4,CM,1,CMSTDAT,2026-03-20
SYN-2026-01,SITE-103,SITE-103-005,WK4,DS,1,DSCOMP,N
SYN-2026-01,SITE-103,SITE-103-005,WK4,DS,1,DSTERM,Lost to follow-up
SYN-2026-01,SITE-103,SITE-103-005,WK4,DS,1,DSSTDAT,2026-04-18
SYN-2026-01,SITE-103,SITE-103-006,SCR,DM,1,BRTHDAT,1980-02-19
SYN-2026-01,SITE-103,SITE-103-006,SCR,DM,1,SEX,F
SYN-2026-01,SITE-103,SITE-103-006,SCR,DM,1,RFICDAT,2026-02-07
SYN-2026-01,SITE-103,SITE-103-006,SCR,DM,1,ARM,B
SYN-2026-01,SITE-103,SITE-103-006,SCR,IE,1,IEYN,Y
SYN-2026-01,SITE-103,SITE-103-006,SCR,IE,1,AGEELIG,Y
SYN-2026-01,SITE-103,SITE-103-006,SCR,VS,1,VSDAT,2026-02-04
SYN-2026-01,SITE-103,SITE-103-006,SCR,VS,1,SYSBP,138
SYN-2026-01,SITE-103,SITE-103-006,SCR,VS,1,DIABP,69
SYN-2026-01,SITE-103,SITE-103-006,SCR,VS,1,PULSE,77
SYN-2026-01,SITE-103,SITE-103-006,SCR,VS,1,TEMP,37.6
SYN-2026-01,SITE-103,SITE-103-006,SCR,VS,1,WEIGHT,75.4
SYN-2026-01,SITE-103,SITE-103-006,BASE,VS,1,VSDAT,2026-02-18
SYN-2026-01,SITE-103,SITE-103-006,BASE,VS,1,SYSBP,116
SYN-2026-01,SITE-103,SITE-103-006,BASE,VS,1,DIABP,77
SYN-2026-01,SITE-103,SITE-103-006,BASE,VS,1,PULSE,85
SYN-2026-01,SITE-103,SITE-103-006,BASE,VS,1,WEIGHT,86.2
SYN-2026-01,SITE-103,SITE-103-006,BASE,EX,1,EXSTDAT,2026-02-18
SYN-2026-01,SITE-103,SITE-103-006,BASE,EX,1,EXDOSE,50
SYN-2026-01,SITE-103,SITE-103-006,BASE,EX,1,EXADJ,N
SYN-2026-01,SITE-103,SITE-103-006,WK4,VS,1,VSDAT,2026-03-18
SYN-2026-01,SITE-103,SITE-103-006,WK4,VS,1,SYSBP,128
SYN-2026-01,SITE-103,SITE-103-006,WK4,VS,1,DIABP,80
SYN-2026-01,SITE-103,SITE-103-006,WK4,VS,1,PULSE,69
SYN-2026-01,SITE-103,SITE-103-006,WK4,VS,1,TEMP,36.0
SYN-2026-01,SITE-103,SITE-103-006,WK4,VS,1,WEIGHT,61.4
SYN-2026-01,SITE-103,SITE-103-006,WK4,EX,1,EXSTDAT,2026-03-18
SYN-2026-01,SITE-103,SITE-103-006,WK4,EX,1,EXDOSE,50
SYN-2026-01,SITE-103,SITE-103-006,WK4,EX,1,EXADJ,N
SYN-2026-01,SITE-103,SITE-103-006,WK4,AE,1,AETERM,head ache
SYN-2026-01,SITE-103,SITE-103-006,WK4,AE,1,AESTDAT,2026-03-17
SYN-2026-01,SITE-103,SITE-103-006,WK4,AE,1,AEOUT,RECOVERED
SYN-2026-01,SITE-103,SITE-103-006,WK4,AE,1,AEENDAT,2026-03-21
SYN-2026-01,SITE-103,SITE-103-006,WK4,AE,1,AESEV,SEVERE
SYN-2026-01,SITE-103,SITE-103-006,WK4,AE,1,AESER,N
SYN-2026-01,SITE-103,SITE-103-006,WK4,AE,1,AEREL,UNLIKELY
SYN-2026-01,SITE-103,SITE-103-006,WK12,VS,1,VSDAT,2026-05-14
SYN-2026-01,SITE-103,SITE-103-006,WK12,VS,1,SYSBP,132
SYN-2026-01,SITE-103,SITE-103-006,WK12,VS,1,DIABP,75
SYN-2026-01,SITE-103,SITE-103-006,WK12,VS,1,PULSE,81
SYN-2026-01,SITE-103,SITE-103-006,WK12,VS,1,TEMP,36.4
SYN-2026-01,SITE-103,SITE-103-006,WK12,VS,1,WEIGHT,62.2
SYN-2026-01,SITE-103,SITE-103-006,WK12,EX,1,EXSTDAT,2026-05-14
SYN-2026-01,SITE-103,SITE-103-006,WK12,EX,1,EXDOSE,100
SYN-2026-01,SITE-103,SITE-103-006,WK12,EX,1,EXADJ,N
SYN-2026-01,SITE-103,SITE-103-006,WK12,CM,1,CMTRT,Ibuprofen
SYN-2026-01,SITE-103,SITE-103-006,WK12,CM,1,CMINDC,Infection
SYN-2026-01,SITE-103,SITE-103-006,WK12,CM,1,CMSTDAT,2026-03-31
SYN-2026-01,SITE-103,SITE-103-006,WK12,CM,2,CMTRT,Amoxicillin
SYN-2026-01,SITE-103,SITE-103-006,WK12,CM,2,CMSTDAT,2026-04-07
SYN-2026-01,SITE-103,SITE-103-006,WK12,CM,3,CMTRT,Atorvastatin
SYN-2026-01,SITE-103,SITE-103-006,WK12,CM,3,CMSTDAT,2026-03-17
SYN-2026-01,SITE-103,SITE-103-006,EOS,VS,1,VSDAT,2026-08-06
SYN-2026-01,SITE-103,SITE-103-006,EOS,VS,1,SYSBP,115
SYN-2026-01,SITE-103,SITE-103-006,EOS,VS,1,DIABP,88
SYN-2026-01,SITE-103,SITE-103-006,EOS,VS,1,PULSE,67
SYN-2026-01,SITE-103,SITE-103-006,EOS,VS,1,TEMP,37.2
SYN-2026-01,SITE-103,SITE-103-006,EOS,VS,1,WEIGHT,82.7
SYN-2026-01,SITE-103,SITE-103-006,EOS,AE,1,AETERM,Dizziness
SYN-2026-01,SITE-103,SITE-103-006,EOS,AE,1,AESTDAT,2026-07-19
SYN-2026-01,SITE-103,SITE-103-006,EOS,AE,1,AEOUT,RECOVERED
SYN-2026-01,SITE-103,SITE-103-006,EOS,AE,1,AEENDAT,2026-07-26
SYN-2026-01,SITE-103,SITE-103-006,EOS,AE,1,AESEV,MODERATE
SYN-2026-01,SITE-103,SITE-103-006,EOS,AE,1,AESER,N
SYN-2026-01,SITE-103,SITE-103-006,EOS,AE,1,AEREL,POSSIBLE
SYN-2026-01,SITE-103,SITE-103-006,EOS,DS,1,DSCOMP,Y
SYN-2026-01,SITE-103,SITE-103-006,EOS,DS,1,DSSTDAT,2026-08-06
SYN-2026-01,SITE-104,SITE-104-007,SCR,DM,1,BRTHDAT,1951-12-15
SYN-2026-01,SITE-104,SITE-104-007,SCR,DM,1,SEX,F
SYN-2026-01,SITE-104,SITE-104-007,SCR,DM,1,RFICDAT,2025-11-26
SYN-2026-01,SITE-104,SITE-104-007,SCR,DM,1,ARM,A
SYN-2026-01,SITE-104,SITE-104-007,SCR,IE,1,IEYN,Y
SYN-2026-01,SITE-104,SITE-104-007,SCR,IE,1,AGEELIG,Y
SYN-2026-01,SITE-104,SITE-104-007,SCR,VS,1,VSDAT,2025-11-19
SYN-2026-01,SITE-104,SITE-104-007,SCR,VS,1,SYSBP,164
SYN-2026-01,SITE-104,SITE-104-007,SCR,VS,1,DIABP,73
SYN-2026-01,SITE-104,SITE-104-007,SCR,VS,1,PULSE,59
SYN-2026-01,SITE-104,SITE-104-007,SCR,VS,1,WEIGHT,63.8
SYN-2026-01,SITE-104,SITE-104-007,SCR,MH,1,MHTERM,Osteoarthritis
SYN-2026-01,SITE-104,SITE-104-007,SCR,MH,1,MHSTDAT,2021-06-20
SYN-2026-01,SITE-104,SITE-104-007,SCR,MH,1,MHONGO,Y
SYN-2026-01,SITE-104,SITE-104-007,BASE,VS,1,VSDAT,2025-12-06
SYN-2026-01,SITE-104,SITE-104-007,BASE,VS,1,SYSBP,125
SYN-2026-01,SITE-104,SITE-104-007,BASE,VS,1,DIABP,70
SYN-2026-01,SITE-104,SITE-104-007,BASE,VS,1,PULSE,70
SYN-2026-01,SITE-104,SITE-104-007,BASE,VS,1,TEMP,35.9
SYN-2026-01,SITE-104,SITE-104-007,BASE,VS,1,WEIGHT,100.4
SYN-2026-01,SITE-104,SITE-104-007,BASE,EX,1,EXSTDAT,2025-12-06
SYN-2026-01,SITE-104,SITE-104-007,BASE,EX,1,EXDOSE,50
SYN-2026-01,SITE-104,SITE-104-007,BASE,EX,1,EXADJ,N
SYN-2026-01,SITE-104,SITE-104-007,BASE,AE,1,AETERM,Cough
SYN-2026-01,SITE-104,SITE-104-007,BASE,AE,1,AESTDAT,2025-11-26
SYN-2026-01,SITE-104,SITE-104-007,BASE,AE,1,AEOUT,RECOVERING
SYN-2026-01,SITE-104,SITE-104-007,BASE,AE,1,AESEV,MILD
SYN-2026-01,SITE-104,SITE-104-007,BASE,AE,1,AESER,N
SYN-2026-01,SITE-104,SITE-104-007,BASE,AE,1,AEREL,RELATED
SYN-2026-01,SITE-104,SITE-104-007,WK4,VS,1,VSDAT,2026-01-04
SYN-2026-01,SITE-104,SITE-104-007,WK4,VS,1,SYSBP,120
SYN-2026-01,SITE-104,SITE-104-007,WK4,VS,1,DIABP,72
SYN-2026-01,SITE-104,SITE-104-007,WK4,VS,1,PULSE,90
SYN-2026-01,SITE-104,SITE-104-007,WK4,VS,1,TEMP,35.9
SYN-2026-01,SITE-104,SITE-104-007,WK4,VS,1,WEIGHT,60.7
SYN-2026-01,SITE-104,SITE-104-007,WK4,EX,1,EXSTDAT,2026-01-04
SYN-2026-01,SITE-104,SITE-104-007,WK4,EX,1,EXDOSE,50
SYN-2026-01,SITE-104,SITE-104-007,WK4,EX,1,EXADJ,Y
SYN-2026-01,SITE-104,SITE-104-007,WK4,DS,1,DSCOMP,N
SYN-2026-01,SITE-104,SITE-104-007,WK4,DS,1,DSTERM,Adverse event
SYN-2026-01,SITE-104,SITE-104-007,WK4,DS,1,DSSTDAT,2026-01-04
SYN-2026-01,SITE-104,SITE-104-008,SCR,DM,1,BRTHDAT,2002-03-15
SYN-2026-01,SITE-104,SITE-104-008,SCR,DM,1,SEX,M
SYN-2026-01,SITE-104,SITE-104-008,SCR,DM,1,RFICDAT,2026-03-09
SYN-2026-01,SITE-104,SITE-104-008,SCR,DM,1,ARM,A
SYN-2026-01,SITE-104,SITE-104-008,SCR,IE,1,IEYN,Y
SYN-2026-01,SITE-104,SITE-104-008,SCR,IE,1,AGEELIG,Y
SYN-2026-01,SITE-104,SITE-104-008,SCR,VS,1,VSDAT,2026-03-06
SYN-2026-01,SITE-104,SITE-104-008,SCR,VS,1,SYSBP,116
SYN-2026-01,SITE-104,SITE-104-008,SCR,VS,1,DIABP,76
SYN-2026-01,SITE-104,SITE-104-008,SCR,VS,1,PULSE,76
SYN-2026-01,SITE-104,SITE-104-008,SCR,VS,1,WEIGHT,72.8
SYN-2026-01,SITE-104,SITE-104-008,BASE,VS,1,VSDAT,2026-03-19
SYN-2026-01,SITE-104,SITE-104-008,BASE,VS,1,SYSBP,127
SYN-2026-01,SITE-104,SITE-104-008,BASE,VS,1,DIABP,73
SYN-2026-01,SITE-104,SITE-104-008,BASE,VS,1,PULSE,77
SYN-2026-01,SITE-104,SITE-104-008,BASE,VS,1,TEMP,36.6
SYN-2026-01,SITE-104,SITE-104-008,BASE,VS,1,WEIGHT,59.6
SYN-2026-01,SITE-104,SITE-104-008,BASE,EX,1,EXSTDAT,2026-03-19
SYN-2026-01,SITE-104,SITE-104-008,BASE,EX,1,EXDOSE,100
SYN-2026-01,SITE-104,SITE-104-008,BASE,EX,1,EXADJ,N
SYN-2026-01,SITE-104,SITE-104-008,BASE,AE,1,AETERM,felt off
SYN-2026-01,SITE-104,SITE-104-008,BASE,AE,1,AESTDAT,2026-03-12
SYN-2026-01,SITE-104,SITE-104-008,BASE,AE,1,AEOUT,RECOVERING
SYN-2026-01,SITE-104,SITE-104-008,BASE,AE,1,AESEV,SEVERE
SYN-2026-01,SITE-104,SITE-104-008,BASE,AE,1,AESER,N
SYN-2026-01,SITE-104,SITE-104-008,BASE,AE,1,AEREL,NOT RELATED
SYN-2026-01,SITE-104,SITE-104-008,BASE,AE,2,AETERM,Upper respiratory tract infection
SYN-2026-01,SITE-104,SITE-104-008,BASE,AE,2,AESTDAT,2026-03-09
SYN-2026-01,SITE-104,SITE-104-008,BASE,AE,2,AEOUT,NOT RECOVERED
SYN-2026-01,SITE-104,SITE-104-008,BASE,AE,2,AESEV,MODERATE
SYN-2026-01,SITE-104,SITE-104-008,BASE,AE,2,AESER,N
SYN-2026-01,SITE-104,SITE-104-008,BASE,AE,2,AEREL,POSSIBLE
SYN-2026-01,SITE-104,SITE-104-008,WK4,VS,1,VSDAT,2026-04-17
SYN-2026-01,SITE-104,SITE-104-008,WK4,VS,1,SYSBP,122
SYN-2026-01,SITE-104,SITE-104-008,WK4,VS,1,DIABP,81
SYN-2026-01,SITE-104,SITE-104-008,WK4,VS,1,PULSE,61
SYN-2026-01,SITE-104,SITE-104-008,WK4,VS,1,TEMP,36.3
SYN-2026-01,SITE-104,SITE-104-008,WK4,VS,1,WEIGHT,69.6
SYN-2026-01,SITE-104,SITE-104-008,WK4,EX,1,EXSTDAT,2026-04-17
SYN-2026-01,SITE-104,SITE-104-008,WK4,EX,1,EXDOSE,50
SYN-2026-01,SITE-104,SITE-104-008,WK4,EX,1,EXADJ,Y
SYN-2026-01,SITE-104,SITE-104-008,WK12,VS,1,VSDAT,2026-06-15
SYN-2026-01,SITE-104,SITE-104-008,WK12,VS,1,SYSBP,113
SYN-2026-01,SITE-104,SITE-104-008,WK12,VS,1,DIABP,83
SYN-2026-01,SITE-104,SITE-104-008,WK12,VS,1,PULSE,75
SYN-2026-01,SITE-104,SITE-104-008,WK12,VS,1,WEIGHT,48.5
SYN-2026-01,SITE-104,SITE-104-008,WK12,EX,1,EXSTDAT,2026-06-15
SYN-2026-01,SITE-104,SITE-104-008,WK12,EX,1,EXDOSE,50
SYN-2026-01,SITE-104,SITE-104-008,WK12,EX,1,EXADJ,N
SYN-2026-01,SITE-104,SITE-104-008,WK12,AE,1,AETERM,Arthralgia
SYN-2026-01,SITE-104,SITE-104-008,WK12,AE,1,AESTDAT,2026-06-06
SYN-2026-01,SITE-104,SITE-104-008,WK12,AE,1,AEOUT,RECOVERED
SYN-2026-01,SITE-104,SITE-104-008,WK12,AE,1,AEENDAT,2026-06-21
SYN-2026-01,SITE-104,SITE-104-008,WK12,AE,1,AESEV,MILD
SYN-2026-01,SITE-104,SITE-104-008,WK12,AE,1,AESER,N
SYN-2026-01,SITE-104,SITE-104-008,WK12,AE,1,AEREL,NOT RELATED
SYN-2026-01,SITE-104,SITE-104-008,WK12,AE,2,AETERM,Diarrhoea
SYN-2026-01,SITE-104,SITE-104-008,WK12,AE,2,AESTDAT,2026-06-11
SYN-2026-01,SITE-104,SITE-104-008,WK12,AE,2,AEOUT,RECOVERED
SYN-2026-01,SITE-104,SITE-104-008,WK12,AE,2,AEENDAT,2026-06-27
SYN-2026-01,SITE-104,SITE-104-008,WK12,AE,2,AESEV,MILD
SYN-2026-01,SITE-104,SITE-104-008,WK12,AE,2,AESER,N
SYN-2026-01,SITE-104,SITE-104-008,WK12,AE,2,AEREL,POSSIBLE
SYN-2026-01,SITE-104,SITE-104-008,WK12,CM,1,CMTRT,Amoxicillin
SYN-2026-01,SITE-104,SITE-104-008,WK12,CM,1,CMINDC,Infection
SYN-2026-01,SITE-104,SITE-104-008,WK12,CM,1,CMSTDAT,2026-05-06
SYN-2026-01,SITE-104,SITE-104-008,WK12,CM,2,CMTRT,Atorvastatin
SYN-2026-01,SITE-104,SITE-104-008,WK12,CM,2,CMINDC,Prophylaxis
SYN-2026-01,SITE-104,SITE-104-008,WK12,CM,2,CMSTDAT,2026-05-27
SYN-2026-01,SITE-104,SITE-104-008,EOS,VS,1,VSDAT,2026-08-31
SYN-2026-01,SITE-104,SITE-104-008,EOS,VS,1,SYSBP,133
SYN-2026-01,SITE-104,SITE-104-008,EOS,VS,1,DIABP,90
SYN-2026-01,SITE-104,SITE-104-008,EOS,VS,1,PULSE,50
SYN-2026-01,SITE-104,SITE-104-008,EOS,VS,1,TEMP,36.8
SYN-2026-01,SITE-104,SITE-104-008,EOS,VS,1,WEIGHT,88.3
SYN-2026-01,SITE-104,SITE-104-008,EOS,DS,1,DSCOMP,Y
SYN-2026-01,SITE-104,SITE-104-008,EOS,DS,1,DSSTDAT,2026-08-31
SYN-2026-01,SITE-103,SITE-103-009,SCR,DM,1,BRTHDAT,1954-10-10
SYN-2026-01,SITE-103,SITE-103-009,SCR,DM,1,SEX,F
SYN-2026-01,SITE-103,SITE-103-009,SCR,DM,1,RFICDAT,2025-09-22
SYN-2026-01,SITE-103,SITE-103-009,SCR,DM,1,ARM,A
SYN-2026-01,SITE-103,SITE-103-009,SCR,IE,1,IEYN,Y
SYN-2026-01,SITE-103,SITE-103-009,SCR,IE,1,AGEELIG,Y
SYN-2026-01,SITE-103,SITE-103-009,SCR,VS,1,VSDAT,2025-09-30
SYN-2026-01,SITE-103,SITE-103-009,SCR,VS,1,SYSBP,116
SYN-2026-01,SITE-103,SITE-103-009,SCR,VS,1,DIABP,87
SYN-2026-01,SITE-103,SITE-103-009,SCR,VS,1,PULSE,77
SYN-2026-01,SITE-103,SITE-103-009,SCR,VS,1,TEMP,36.6
SYN-2026-01,SITE-103,SITE-103-009,SCR,VS,1,WEIGHT,77.0
SYN-2026-01,SITE-103,SITE-103-009,SCR,MH,1,MHTERM,Osteoarthritis
SYN-2026-01,SITE-103,SITE-103-009,SCR,MH,1,MHSTDAT,2020-08-12
SYN-2026-01,SITE-103,SITE-103-009,SCR,MH,1,MHONGO,Y
SYN-2026-01,SITE-103,SITE-103-009,SCR,MH,2,MHTERM,Osteoarthritis
SYN-2026-01,SITE-103,SITE-103-009,SCR,MH,2,MHSTDAT,2021-12-11
SYN-2026-01,SITE-103,SITE-103-009,SCR,MH,2,MHONGO,Y
SYN-2026-01,SITE-103,SITE-103-009,SCR,MH,3,MHTERM,Asthma
SYN-2026-01,SITE-103,SITE-103-009,SCR,MH,3,MHSTDAT,2018-02-03
SYN-2026-01,SITE-103,SITE-103-009,SCR,MH,3,MHONGO,Y
SYN-2026-01,SITE-103,SITE-103-009,BASE,VS,1,VSDAT,2025-10-10
SYN-2026-01,SITE-103,SITE-103-009,BASE,VS,1,SYSBP,127
SYN-2026-01,SITE-103,SITE-103-009,BASE,VS,1,DIABP,78
SYN-2026-01,SITE-103,SITE-103-009,BASE,VS,1,PULSE,80
SYN-2026-01,SITE-103,SITE-103-009,BASE,VS,1,TEMP,36.7
SYN-2026-01,SITE-103,SITE-103-009,BASE,VS,1,WEIGHT,94.4
SYN-2026-01,SITE-103,SITE-103-009,BASE,EX,1,EXSTDAT,2025-10-10
SYN-2026-01,SITE-103,SITE-103-009,BASE,EX,1,EXDOSE,50
SYN-2026-01,SITE-103,SITE-103-009,BASE,EX,1,EXADJ,Y
SYN-2026-01,SITE-103,SITE-103-009,WK4,VS,1,VSDAT,2025-11-08
SYN-2026-01,SITE-103,SITE-103-009,WK4,VS,1,SYSBP,131
SYN-2026-01,SITE-103,SITE-103-009,WK4,VS,1,DIABP,54
SYN-2026-01,SITE-103,SITE-103-009,WK4,VS,1,PULSE,67
SYN-2026-01,SITE-103,SITE-103-009,WK4,VS,1,TEMP,36.9
SYN-2026-01,SITE-103,SITE-103-009,WK4,VS,1,WEIGHT,82.2
SYN-2026-01,SITE-103,SITE-103-009,WK4,EX,1,EXSTDAT,2025-11-08
SYN-2026-01,SITE-103,SITE-103-009,WK4,EX,1,EXDOSE,50
SYN-2026-01,SITE-103,SITE-103-009,WK4,EX,1,EXADJ,N
SYN-2026-01,SITE-103,SITE-103-009,WK4,AE,1,AETERM,Nausea
SYN-2026-01,SITE-103,SITE-103-009,WK4,AE,1,AESTDAT,2025-10-31
SYN-2026-01,SITE-103,SITE-103-009,WK4,AE,1,AEOUT,RECOVERED
SYN-2026-01,SITE-103,SITE-103-009,WK4,AE,1,AEENDAT,2025-11-01
SYN-2026-01,SITE-103,SITE-103-009,WK4,AE,1,AESEV,MILD
SYN-2026-01,SITE-103,SITE-103-009,WK4,AE,1,AESER,N
SYN-2026-01,SITE-103,SITE-103-009,WK4,AE,1,AEREL,PROBABLE
SYN-2026-01,SITE-103,SITE-103-009,WK4,AE,2,AETERM,Pruritus
SYN-2026-01,SITE-103,SITE-103-009,WK4,AE,2,AESTDAT,2025-10-31
SYN-2026-01,SITE-103,SITE-103-009,WK4,AE,2,AEOUT,RECOVERING
SYN-2026-01,SITE-103,SITE-103-009,WK4,AE,2,AESEV,MODERATE
SYN-2026-01,SITE-103,SITE-103-009,WK4,AE,2,AESER,N
SYN-2026-01,SITE-103,SITE-103-009,WK4,AE,2,AEREL,POSSIBLE
SYN-2026-01,SITE-103,SITE-103-009,WK12,VS,1,VSDAT,2025-12-28
SYN-2026-01,SITE-103,SITE-103-009,WK12,VS,1,SYSBP,134
SYN-2026-01,SITE-103,SITE-103-009,WK12,VS,1,DIABP,79
SYN-2026-01,SITE-103,SITE-103-009,WK12,VS,1,PULSE,72
SYN-2026-01,SITE-103,SITE-103-009,WK12,VS,1,TEMP,36.6
SYN-2026-01,SITE-103,SITE-103-009,WK12,VS,1,WEIGHT,86.6
SYN-2026-01,SITE-103,SITE-103-009,WK12,EX,1,EXSTDAT,2025-12-28
SYN-2026-01,SITE-103,SITE-103-009,WK12,EX,1,EXDOSE,50
SYN-2026-01,SITE-103,SITE-103-009,WK12,EX,1,EXADJ,N
SYN-2026-01,SITE-103,SITE-103-009,WK12,CM,1,CMTRT,Ibuprofen
SYN-2026-01,SITE-103,SITE-103-009,WK12,CM,1,CMSTDAT,2025-11-21
SYN-2026-01,SITE-103,SITE-103-009,EOS,VS,1,VSDAT,2026-03-30
SYN-2026-01,SITE-103,SITE-103-009,EOS,VS,1,SYSBP,142
SYN-2026-01,SITE-103,SITE-103-009,EOS,VS,1,DIABP,81
SYN-2026-01,SITE-103,SITE-103-009,EOS,VS,1,PULSE,69
SYN-2026-01,SITE-103,SITE-103-009,EOS,VS,1,TEMP,36.4
SYN-2026-01,SITE-103,SITE-103-009,EOS,VS,1,WEIGHT,72.9
SYN-2026-01,SITE-103,SITE-103-009,EOS,AE,1,AETERM,felt off
SYN-2026-01,SITE-103,SITE-103-009,EOS,AE,1,AESTDAT,2026-03-24
SYN-2026-01,SITE-103,SITE-103-009,EOS,AE,1,AEOUT,RECOVERED
SYN-2026-01,SITE-103,SITE-103-009,EOS,AE,1,AEENDAT,2026-04-04
SYN-2026-01,SITE-103,SITE-103-009,EOS,AE,1,AESEV,MODERATE
SYN-2026-01,SITE-103,SITE-103-009,EOS,AE,1,AESER,N
SYN-2026-01,SITE-103,SITE-103-009,EOS,AE,1,AEREL,PROBABLE
SYN-2026-01,SITE-103,SITE-103-009,EOS,AE,2,AETERM,felt off
SYN-2026-01,SITE-103,SITE-103-009,EOS,AE,2,AESTDAT,2026-03-29
SYN-2026-01,SITE-103,SITE-103-009,EOS,AE,2,AEOUT,NOT RECOVERED
SYN-2026-01,SITE-103,SITE-103-009,EOS,AE,2,AESEV,MILD
SYN-2026-01,SITE-103,SITE-103-009,EOS,AE,2,AESER,N
SYN-2026-01,SITE-103,SITE-103-009,EOS,AE,2,AEREL,NOT RELATED
SYN-2026-01,SITE-103,SITE-103-009,EOS,DS,1,DSCOMP,Y
SYN-2026-01,SITE-103,SITE-103-009,EOS,DS,1,DSSTDAT,2026-03-30
SYN-2026-01,SITE-102,SITE-102-010,SCR,DM,1,BRTHDAT,1975-11-08
SYN-2026-01,SITE-102,SITE-102-010,SCR,DM,1,SEX,F
SYN-2026-01,SITE-102,SITE-102-010,SCR,DM,1,RFICDAT,2025-10-26
SYN-2026-01,SITE-102,SITE-102-010,SCR,DM,1,ARM,A
SYN-2026-01,SITE-102,SITE-102-010,SCR,IE,1,IEYN,Y
SYN-2026-01,SITE-102,SITE-102-010,SCR,IE,1,AGEELIG,Y
SYN-2026-01,SITE-102,SITE-102-010,SCR,VS,1,VSDAT,2025-10-21
SYN-2026-01,SITE-102,SITE-102-010,SCR,VS,1,SYSBP,126
SYN-2026-01,SITE-102,SITE-102-010,SCR,VS,1,DIABP,65
SYN-2026-01,SITE-102,SITE-102-010,SCR,VS,1,PULSE,83
SYN-2026-01,SITE-102,SITE-102-010,SCR,VS,1,TEMP,36.7
SYN-2026-01,SITE-102,SITE-102-010,SCR,VS,1,WEIGHT,101.1
SYN-2026-01,SITE-102,SITE-102-010,BASE,VS,1,VSDAT,2025-11-11
SYN-2026-01,SITE-102,SITE-102-010,BASE,VS,1,SYSBP,151
SYN-2026-01,SITE-102,SITE-102-010,BASE,VS,1,DIABP,80
SYN-2026-01,SITE-102,SITE-102-010,BASE,VS,1,PULSE,58
SYN-2026-01,SITE-102,SITE-102-010,BASE,VS,1,TEMP,37.2
SYN-2026-01,SITE-102,SITE-102-010,BASE,VS,1,WEIGHT,67.3
SYN-2026-01,SITE-102,SITE-102-010,BASE,EX,1,EXSTDAT,2025-11-11
SYN-2026-01,SITE-102,SITE-102-010,BASE,EX,1,EXDOSE,25
SYN-2026-01,SITE-102,SITE-102-010,BASE,EX,1,EXADJ,N
SYN-2026-01,SITE-102,SITE-102-010,BASE,AE,1,AETERM,Vomiting
SYN-2026-01,SITE-102,SITE-102-010,BASE,AE,1,AESTDAT,2025-11-03
SYN-2026-01,SITE-102,SITE-102-010,BASE,AE,1,AEOUT,RECOVERED
SYN-2026-01,SITE-102,SITE-102-010,BASE,AE,1,AEENDAT,2025-11-20
SYN-2026-01,SITE-102,SITE-102-010,BASE,AE,1,AESEV,MILD
SYN-2026-01,SITE-102,SITE-102-010,BASE,AE,1,AESER,N
SYN-2026-01,SITE-102,SITE-102-010,BASE,AE,1,AEREL,PROBABLE
SYN-2026-01,SITE-102,SITE-102-010,BASE,AE,2,AETERM,feeling sick to stomach
SYN-2026-01,SITE-102,SITE-102-010,BASE,AE,2,AESTDAT,2025-11-11
SYN-2026-01,SITE-102,SITE-102-010,BASE,AE,2,AEOUT,RECOVERED
SYN-2026-01,SITE-102,SITE-102-010,BASE,AE,2,AEENDAT,2025-11-16
SYN-2026-01,SITE-102,SITE-102-010,BASE,AE,2,AESEV,MILD
SYN-2026-01,SITE-102,SITE-102-010,BASE,AE,2,AESER,N
SYN-2026-01,SITE-102,SITE-102-010,BASE,AE,2,AEREL,RELATED
SYN-2026-01,SITE-102,SITE-102-010,WK4,VS,1,VSDAT,2025-12-08
SYN-2026-01,SITE-102,SITE-102-010,WK4,VS,1,SYSBP,115
SYN-2026-01,SITE-102,SITE-102-010,WK4,VS,1,DIABP,63
SYN-2026-01,SITE-102,SITE-102-010,WK4,VS,1,PULSE,57
SYN-2026-01,SITE-102,SITE-102-010,WK4,VS,1,TEMP,36.4
SYN-2026-01,SITE-102,SITE-102-010,WK4,VS,1,WEIGHT,67.3
SYN-2026-01,SITE-102,SITE-102-010,WK4,EX,1,EXSTDAT,2025-12-08
SYN-2026-01,SITE-102,SITE-102-010,WK4,EX,1,EXDOSE,100
SYN-2026-01,SITE-102,SITE-102-010,WK4,EX,1,EXADJ,N
SYN-2026-01,SITE-102,SITE-102-010,WK4,DS,1,DSCOMP,N
SYN-2026-01,SITE-102,SITE-102-010,WK4,DS,1,DSTERM,Withdrawal by subject
SYN-2026-01,SITE-102,SITE-102-010,WK4,DS,1,DSSTDAT,2025-12-08
SYN-2026-01,SITE-105,SITE-105-011,SCR,DM,1,BRTHDAT,1960-04-03
SYN-2026-01,SITE-105,SITE-105-011,SCR,DM,1,SEX,F
SYN-2026-01,SITE-105,SITE-105-011,SCR,DM,1,RFICDAT,2026-03-18
SYN-2026-01,SITE-105,SITE-105-011,SCR,DM,1,ARM,A
SYN-2026-01,SITE-105,SITE-105-011,SCR,IE,1,IEYN,Y
SYN-2026-01,SITE-105,SITE-105-011,SCR,IE,1,AGEELIG,Y
SYN-2026-01,SITE-105,SITE-105-011,SCR,VS,1,VSDAT,2026-03-18
SYN-2026-01,SITE-105,SITE-105-011,SCR,VS,1,SYSBP,116
SYN-2026-01,SITE-105,SITE-105-011,SCR,VS,1,DIABP,69
SYN-2026-01,SITE-105,SITE-105-011,SCR,VS,1,PULSE,89
SYN-2026-01,SITE-105,SITE-105-011,SCR,VS,1,TEMP,36.6
SYN-2026-01,SITE-105,SITE-105-011,SCR,VS,1,WEIGHT,89.1
SYN-2026-01,SITE-105,SITE-105-011,BASE,VS,1,VSDAT,2026-04-05
SYN-2026-01,SITE-105,SITE-105-011,BASE,VS,1,SYSBP,104
SYN-2026-01,SITE-105,SITE-105-011,BASE,VS,1,DIABP,71
SYN-2026-01,SITE-105,SITE-105-011,BASE,VS,1,PULSE,72
SYN-2026-01,SITE-105,SITE-105-011,BASE,VS,1,TEMP,37.2
SYN-2026-01,SITE-105,SITE-105-011,BASE,VS,1,WEIGHT,84.2
SYN-2026-01,SITE-105,SITE-105-011,BASE,EX,1,EXSTDAT,2026-04-05
SYN-2026-01,SITE-105,SITE-105-011,BASE,EX,1,EXDOSE,25
SYN-2026-01,SITE-105,SITE-105-011,BASE,EX,1,EXADJ,N
SYN-2026-01,SITE-105,SITE-105-011,BASE,AE,1,AETERM,Diarrhoea
SYN-2026-01,SITE-105,SITE-105-011,BASE,AE,1,AESTDAT,2026-03-20
SYN-2026-01,SITE-105,SITE-105-011,BASE,AE,1,AEOUT,NOT RECOVERED
SYN-2026-01,SITE-105,SITE-105-011,BASE,AE,1,AESEV,MODERATE
SYN-2026-01,SITE-105,SITE-105-011,BASE,AE,1,AESER,N
SYN-2026-01,SITE-105,SITE-105-011,BASE,AE,1,AEREL,UNLIKELY
SYN-2026-01,SITE-105,SITE-105-011,WK4,VS,1,VSDAT,2026-05-05
SYN-2026-01,SITE-105,SITE-105-011,WK4,VS,1,SYSBP,119
SYN-2026-01,SITE-105,SITE-105-011,WK4,VS,1,DIABP,87
SYN-2026-01,SITE-105,SITE-105-011,WK4,VS,1,PULSE,78
SYN-2026-01,SITE-105,SITE-105-011,WK4,VS,1,WEIGHT,83.5
SYN-2026-01,SITE-105,SITE-105-011,WK4,EX,1,EXSTDAT,2026-05-05
SYN-2026-01,SITE-105,SITE-105-011,WK4,EX,1,EXDOSE,100
SYN-2026-01,SITE-105,SITE-105-011,WK4,EX,1,EXADJ,N
SYN-2026-01,SITE-105,SITE-105-011,WK12,VS,1,VSDAT,2026-06-30
SYN-2026-01,SITE-105,SITE-105-011,WK12,VS,1,SYSBP,124
SYN-2026-01,SITE-105,SITE-105-011,WK12,VS,1,DIABP,73
SYN-2026-01,SITE-105,SITE-105-011,WK12,VS,1,PULSE,60
SYN-2026-01,SITE-105,SITE-105-011,WK12,VS,1,TEMP,36.9
SYN-2026-01,SITE-105,SITE-105-011,WK12,VS,1,WEIGHT,76.3
SYN-2026-01,SITE-105,SITE-105-011,WK12,EX,1,EXSTDAT,2026-06-30
SYN-2026-01,SITE-105,SITE-105-011,WK12,EX,1,EXDOSE,50
SYN-2026-01,SITE-105,SITE-105-011,WK12,EX,1,EXADJ,Y
SYN-2026-01,SITE-105,SITE-105-011,WK12,CM,1,CMTRT,advil
SYN-2026-01,SITE-105,SITE-105-011,WK12,CM,1,CMINDC,Hypertension
SYN-2026-01,SITE-105,SITE-105-011,WK12,CM,1,CMSTDAT,2026-06-15
SYN-2026-01,SITE-105,SITE-105-011,EOS,VS,1,VSDAT,2026-09-22
SYN-2026-01,SITE-105,SITE-105-011,EOS,VS,1,SYSBP,141
SYN-2026-01,SITE-105,SITE-105-011,EOS,VS,1,DIABP,83
SYN-2026-01,SITE-105,SITE-105-011,EOS,VS,1,PULSE,87
SYN-2026-01,SITE-105,SITE-105-011,EOS,VS,1,TEMP,37.0
SYN-2026-01,SITE-105,SITE-105-011,EOS,VS,1,WEIGHT,90.0
SYN-2026-01,SITE-105,SITE-105-011,EOS,AE,1,AETERM,Upper respiratory tract infection
SYN-2026-01,SITE-105,SITE-105-011,EOS,AE,1,AESTDAT,2026-09-03
SYN-2026-01,SITE-105,SITE-105-011,EOS,AE,1,AEOUT,RECOVERED
SYN-2026-01,SITE-105,SITE-105-011,EOS,AE,1,AEENDAT,2026-09-06
SYN-2026-01,SITE-105,SITE-105-011,EOS,AE,1,AESEV,SEVERE
SYN-2026-01,SITE-105,SITE-105-011,EOS,AE,1,AESER,N
SYN-2026-01,SITE-105,SITE-105-011,EOS,AE,1,AEREL,NOT RELATED
SYN-2026-01,SITE-105,SITE-105-011,EOS,AE,2,AETERM,Abdominal pain
SYN-2026-01,SITE-105,SITE-105-011,EOS,AE,2,AESTDAT,2026-09-15
SYN-2026-01,SITE-105,SITE-105-011,EOS,AE,2,AEOUT,UNKNOWN
SYN-2026-01,SITE-105,SITE-105-011,EOS,AE,2,AESEV,MILD
SYN-2026-01,SITE-105,SITE-105-011,EOS,AE,2,AESER,N
SYN-2026-01,SITE-105,SITE-105-011,EOS,AE,2,AEREL,POSSIBLE
SYN-2026-01,SITE-105,SITE-105-011,EOS,AE,3,AETERM,Back pain
SYN-2026-01,SITE-105,SITE-105-011,EOS,AE,3,AESTDAT,2026-09-05
SYN-2026-01,SITE-105,SITE-105-011,EOS,AE,3,AEOUT,RECOVERED
SYN-2026-01,SITE-105,SITE-105-011,EOS,AE,3,AEENDAT,2026-09-12
SYN-2026-01,SITE-105,SITE-105-011,EOS,AE,3,AESEV,MILD
SYN-2026-01,SITE-105,SITE-105-011,EOS,AE,3,AESER,N
SYN-2026-01,SITE-105,SITE-105-011,EOS,AE,3,AEREL,PROBABLE
SYN-2026-01,SITE-105,SITE-105-011,EOS,CM,1,CMTRT,Omeprazole
SYN-2026-01,SITE-105,SITE-105-011,EOS,CM,1,CMINDC,Infection
SYN-2026-01,SITE-105,SITE-105-011,EOS,CM,1,CMSTDAT,2026-08-01
SYN-2026-01,SITE-105,SITE-105-011,EOS,CM,2,CMTRT,Metformin
SYN-2026-01,SITE-105,SITE-105-011,EOS,CM,2,CMINDC,Infection
SYN-2026-01,SITE-105,SITE-105-011,EOS,CM,2,CMSTDAT,2026-08-25
SYN-2026-01,SITE-105,SITE-105-011,EOS,CM,3,CMTRT,Salbutamol
SYN-2026-01,SITE-105,SITE-105-011,EOS,CM,3,CMINDC,Infection
SYN-2026-01,SITE-105,SITE-105-011,EOS,CM,3,CMSTDAT,2026-07-26
SYN-2026-01,SITE-105,SITE-105-011,EOS,DS,1,DSCOMP,Y
SYN-2026-01,SITE-105,SITE-105-011,EOS,DS,1,DSSTDAT,2026-09-22
SYN-2026-01,SITE-101,SITE-101-012,SCR,DM,1,BRTHDAT,1961-01-05
SYN-2026-01,SITE-101,SITE-101-012,SCR,DM,1,SEX,M
SYN-2026-01,SITE-101,SITE-101-012,SCR,DM,1,RFICDAT,2025-12-20
SYN-2026-01,SITE-101,SITE-101-012,SCR,DM,1,ARM,B
SYN-2026-01,SITE-101,SITE-101-012,SCR,IE,1,IEYN,Y
SYN-2026-01,SITE-101,SITE-101-012,SCR,IE,1,AGEELIG,Y
SYN-2026-01,SITE-101,SITE-101-012,SCR,VS,1,VSDAT,2025-12-14
SYN-2026-01,SITE-101,SITE-101-012,SCR,VS,1,SYSBP,121
SYN-2026-01,SITE-101,SITE-101-012,SCR,VS,1,DIABP,94
SYN-2026-01,SITE-101,SITE-101-012,SCR,VS,1,PULSE,75
SYN-2026-01,SITE-101,SITE-101-012,SCR,VS,1,TEMP,36.7
SYN-2026-01,SITE-101,SITE-101-012,SCR,VS,1,WEIGHT,86.2
SYN-2026-01,SITE-101,SITE-101-012,SCR,MH,1,MHTERM,Hypertension
SYN-2026-01,SITE-101,SITE-101-012,SCR,MH,1,MHSTDAT,2018-12-19
SYN-2026-01,SITE-101,SITE-101-012,SCR,MH,1,MHONGO,N
SYN-2026-01,SITE-101,SITE-101-012,SCR,MH,2,MHTERM,Hypercholesterolaemia
SYN-2026-01,SITE-101,SITE-101-012,SCR,MH,2,MHSTDAT,2019-03-08
SYN-2026-01,SITE-101,SITE-101-012,SCR,MH,2,MHONGO,Y
SYN-2026-01,SITE-101,SITE-101-012,BASE,VS,1,VSDAT,2026-01-04
SYN-2026-01,SITE-101,SITE-101-012,BASE,VS,1,SYSBP,98
SYN-2026-01,SITE-101,SITE-101-012,BASE,VS,1,DIABP,80
SYN-2026-01,SITE-101,SITE-101-012,BASE,VS,1,PULSE,88
SYN-2026-01,SITE-101,SITE-101-012,BASE,VS,1,TEMP,36.9
SYN-2026-01,SITE-101,SITE-101-012,BASE,VS,1,WEIGHT,96.9
SYN-2026-01,SITE-101,SITE-101-012,BASE,EX,1,EXSTDAT,2026-01-04
SYN-2026-01,SITE-101,SITE-101-012,BASE,EX,1,EXDOSE,25
SYN-2026-01,SITE-101,SITE-101-012,BASE,EX,1,EXADJ,N
SYN-2026-01,SITE-101,SITE-101-012,BASE,AE,1,AETERM,Back pain
SYN-2026-01,SITE-101,SITE-101-012,BASE,AE,1,AESTDAT,2025-12-28
SYN-2026-01,SITE-101,SITE-101-012,BASE,AE,1,AEOUT,NOT RECOVERED
SYN-2026-01,SITE-101,SITE-101-012,BASE,AE,1,AESEV,SEVERE
SYN-2026-01,SITE-101,SITE-101-012,BASE,AE,1,AESER,N
SYN-2026-01,SITE-101,SITE-101-012,BASE,AE,1,AEREL,RELATED
SYN-2026-01,SITE-101,SITE-101-012,WK4,VS,1,VSDAT,2026-01-28
SYN-2026-01,SITE-101,SITE-101-012,WK4,VS,1,SYSBP,127
SYN-2026-01,SITE-101,SITE-101-012,WK4,VS,1,DIABP,84
SYN-2026-01,SITE-101,SITE-101-012,WK4,VS,1,PULSE,87
SYN-2026-01,SITE-101,SITE-101-012,WK4,VS,1,TEMP,37.1
SYN-2026-01,SITE-101,SITE-101-012,WK4,VS,1,WEIGHT,81.7
SYN-2026-01,SITE-101,SITE-101-012,WK4,EX,1,EXSTDAT,2026-01-28
SYN-2026-01,SITE-101,SITE-101-012,WK4,EX,1,EXDOSE,50
SYN-2026-01,SITE-101,SITE-101-012,WK4,EX,1,EXADJ,N
SYN-2026-01,SITE-101,SITE-101-012,WK4,AE,1,AETERM,Cough
SYN-2026-01,SITE-101,SITE-101-012,WK4,AE,1,AESTDAT,2026-01-12
SYN-2026-01,SITE-101,SITE-101-012,WK4,AE,1,AEOUT,RECOVERED
SYN-2026-01,SITE-101,SITE-101-012,WK4,AE,1,AEENDAT,2026-01-21
SYN-2026-01,SITE-101,SITE-101-012,WK4,AE,1,AESEV,MILD
SYN-2026-01,SITE-101,SITE-101-012,WK4,AE,1,AESER,Y
SYN-2026-01,SITE-101,SITE-101-012,WK4,AE,1,AEREL,NOT RELATED
SYN-2026-01,SITE-101,SITE-101-012,WK4,AE,1,AEACN,DOSE NOT CHANGED
SYN-2026-01,SITE-101,SITE-101-012,WK4,CM,1,CMTRT,Salbutamol
SYN-2026-01,SITE-101,SITE-101-012,WK4,CM,1,CMINDC,Pain
SYN-2026-01,SITE-101,SITE-101-012,WK4,CM,1,CMSTDAT,2025-12-31
SYN-2026-01,SITE-101,SITE-101-012,WK4,CM,2,CMTRT,Amoxicillin
SYN-2026-01,SITE-101,SITE-101-012,WK4,CM,2,CMINDC,Infection
SYN-2026-01,SITE-101,SITE-101-012,WK4,CM,2,CMSTDAT,2026-01-07
SYN-2026-01,SITE-101,SITE-101-012,WK12,VS,1,VSDAT,2026-03-28
SYN-2026-01,SITE-101,SITE-101-012,WK12,VS,1,SYSBP,151
SYN-2026-01,SITE-101,SITE-101-012,WK12,VS,1,DIABP,86
SYN-2026-01,SITE-101,SITE-101-012,WK12,VS,1,PULSE,73
SYN-2026-01,SITE-101,SITE-101-012,WK12,VS,1,TEMP,36.9
SYN-2026-01,SITE-101,SITE-101-012,WK12,EX,1,EXSTDAT,2026-03-28
SYN-2026-01,SITE-101,SITE-101-012,WK12,EX,1,EXDOSE,50
SYN-2026-01,SITE-101,SITE-101-012,WK12,EX,1,EXADJ,Y
SYN-2026-01,SITE-101,SITE-101-012,WK12,AE,1,AETERM,Arthralgia
SYN-2026-01,SITE-101,SITE-101-012,WK12,AE,1,AESTDAT,2026-03-09
SYN-2026-01,SITE-101,SITE-101-012,WK12,AE,1,AEOUT,RECOVERED
SYN-2026-01,SITE-101,SITE-101-012,WK12,AE,1,AEENDAT,2026-03-22
SYN-2026-01,SITE-101,SITE-101-012,WK12,AE,1,AESEV,MILD
SYN-2026-01,SITE-101,SITE-101-012,WK12,AE,1,AESER,N
SYN-2026-01,SITE-101,SITE-101-012,WK12,AE,1,AEREL,POSSIBLE
SYN-2026-01,SITE-101,SITE-101-012,WK12,AE,2,AETERM,Upper respiratory tract infection
SYN-2026-01,SITE-101,SITE-101-012,WK12,AE,2,AESTDAT,2026-03-25
SYN-2026-01,SITE-101,SITE-101-012,WK12,AE,2,AEOUT,RECOVERED
SYN-2026-01,SITE-101,SITE-101-012,WK12,AE,2,AESEV,MODERATE
SYN-2026-01,SITE-101,SITE-101-012,WK12,AE,2,AESER,N
SYN-2026-01,SITE-101,SITE-101-012,WK12,AE,2,AEREL,NOT RELATED
SYN-2026-01,SITE-101,SITE-101-012,WK12,AE,3,AETERM,Nausea
SYN-2026-01,SITE-101,SITE-101-012,WK12,AE,3,AESTDAT,2026-03-08
SYN-2026-01,SITE-101,SITE-101-012,WK12,AE,3,AEOUT,RECOVERED
SYN-2026-01,SITE-101,SITE-101-012,WK12,AE,3,AEENDAT,2026-03-14
SYN-2026-01,SITE-101,SITE-101-012,WK12,AE,3,AESEV,MILD
SYN-2026-01,SITE-101,SITE-101-012,WK12,AE,3,AESER,N
SYN-2026-01,SITE-101,SITE-101-012,WK12,AE,3,AEREL,PROBABLE
SYN-2026-01,SITE-101,SITE-101-012,WK12,CM,1,CMTRT,Omeprazole
SYN-2026-01,SITE-101,SITE-101-012,WK12,CM,1,CMINDC,Pain
SYN-2026-01,SITE-101,SITE-101-012,WK12,CM,1,CMSTDAT,2026-02-02
SYN-2026-01,SITE-101,SITE-101-012,EOS,VS,1,VSDAT,2026-06-20
SYN-2026-01,SITE-101,SITE-101-012,EOS,VS,1,SYSBP,125
SYN-2026-01,SITE-101,SITE-101-012,EOS,VS,1,DIABP,77
SYN-2026-01,SITE-101,SITE-101-012,EOS,VS,1,PULSE,78
SYN-2026-01,SITE-101,SITE-101-012,EOS,VS,1,TEMP,36.9
SYN-2026-01,SITE-101,SITE-101-012,EOS,VS,1,WEIGHT,68.7
SYN-2026-01,SITE-101,SITE-101-012,EOS,CM,1,CMTRT,Atorvastatin
SYN-2026-01,SITE-101,SITE-101-012,EOS,CM,1,CMINDC,Hypertension
SYN-2026-01,SITE-101,SITE-101-012,EOS,CM,1,CMSTDAT,2026-05-29
SYN-2026-01,SITE-101,SITE-101-012,EOS,DS,1,DSCOMP,Y
SYN-2026-01,SITE-101,SITE-101-012,EOS,DS,1,DSSTDAT,2026-06-20
SYN-2026-01,SITE-104,SITE-104-013,SCR,DM,1,BRTHDAT,2000-03-18
SYN-2026-01,SITE-104,SITE-104-013,SCR,DM,1,SEX,F
SYN-2026-01,SITE-104,SITE-104-013,SCR,DM,1,RFICDAT,2026-03-12
SYN-2026-01,SITE-104,SITE-104-013,SCR,DM,1,ARM,B
SYN-2026-01,SITE-104,SITE-104-013,SCR,IE,1,IEYN,Y
SYN-2026-01,SITE-104,SITE-104-013,SCR,IE,1,AGEELIG,Y
SYN-2026-01,SITE-104,SITE-104-013,SCR,VS,1,VSDAT,2026-03-16
SYN-2026-01,SITE-104,SITE-104-013,SCR,VS,1,SYSBP,134
SYN-2026-01,SITE-104,SITE-104-013,SCR,VS,1,DIABP,87
SYN-2026-01,SITE-104,SITE-104-013,SCR,VS,1,PULSE,58
SYN-2026-01,SITE-104,SITE-104-013,SCR,VS,1,WEIGHT,88.3
SYN-2026-01,SITE-104,SITE-104-013,BASE,VS,1,VSDAT,2026-03-26
SYN-2026-01,SITE-104,SITE-104-013,BASE,VS,1,SYSBP,127
SYN-2026-01,SITE-104,SITE-104-013,BASE,VS,1,DIABP,86
SYN-2026-01,SITE-104,SITE-104-013,BASE,VS,1,PULSE,72
SYN-2026-01,SITE-104,SITE-104-013,BASE,VS,1,TEMP,37.4
SYN-2026-01,SITE-104,SITE-104-013,BASE,VS,1,WEIGHT,90.8
SYN-2026-01,SITE-104,SITE-104-013,BASE,EX,1,EXSTDAT,2026-03-26
SYN-2026-01,SITE-104,SITE-104-013,BASE,EX,1,EXDOSE,50
SYN-2026-01,SITE-104,SITE-104-013,BASE,EX,1,EXADJ,Y
SYN-2026-01,SITE-104,SITE-104-013,BASE,AE,1,AETERM,feeling sick to stomach
SYN-2026-01,SITE-104,SITE-104-013,BASE,AE,1,AESTDAT,2026-03-12
SYN-2026-01,SITE-104,SITE-104-013,BASE,AE,1,AEOUT,NOT RECOVERED
SYN-2026-01,SITE-104,SITE-104-013,BASE,AE,1,AESEV,MILD
SYN-2026-01,SITE-104,SITE-104-013,BASE,AE,1,AESER,N
SYN-2026-01,SITE-104,SITE-104-013,BASE,AE,1,AEREL,POSSIBLE
SYN-2026-01,SITE-104,SITE-104-013,BASE,AE,2,AETERM,Headache
SYN-2026-01,SITE-104,SITE-104-013,BASE,AE,2,AESTDAT,2026-03-25
SYN-2026-01,SITE-104,SITE-104-013,BASE,AE,2,AEOUT,RECOVERED
SYN-2026-01,SITE-104,SITE-104-013,BASE,AE,2,AEENDAT,2026-04-12
SYN-2026-01,SITE-104,SITE-104-013,BASE,AE,2,AESEV,MILD
SYN-2026-01,SITE-104,SITE-104-013,BASE,AE,2,AESER,N
SYN-2026-01,SITE-104,SITE-104-013,BASE,AE,2,AEREL,NOT RELATED
SYN-2026-01,SITE-104,SITE-104-013,BASE,AE,3,AETERM,Fatigue
SYN-2026-01,SITE-104,SITE-104-013,BASE,AE,3,AESTDAT,2026-03-23
SYN-2026-01,SITE-104,SITE-104-013,BASE,AE,3,AEOUT,RECOVERED
SYN-2026-01,SITE-104,SITE-104-013,BASE,AE,3,AEENDAT,2026-03-30
SYN-2026-01,SITE-104,SITE-104-013,BASE,AE,3,AESEV,MILD
SYN-2026-01,SITE-104,SITE-104-013,BASE,AE,3,AESER,N
SYN-2026-01,SITE-104,SITE-104-013,BASE,AE,3,AEREL,UNLIKELY
SYN-2026-01,SITE-104,SITE-104-013,WK4,VS,1,VSDAT,2026-04-22
SYN-2026-01,SITE-104,SITE-104-013,WK4,VS,1,SYSBP,114
SYN-2026-01,SITE-104,SITE-104-013,WK4,VS,1,DIABP,90
SYN-2026-01,SITE-104,SITE-104-013,WK4,VS,1,PULSE,70
SYN-2026-01,SITE-104,SITE-104-013,WK4,VS,1,WEIGHT,93.2
SYN-2026-01,SITE-104,SITE-104-013,WK4,EX,1,EXSTDAT,2026-04-22
SYN-2026-01,SITE-104,SITE-104-013,WK4,EX,1,EXDOSE,100
SYN-2026-01,SITE-104,SITE-104-013,WK4,EX,1,EXADJ,N
SYN-2026-01,SITE-104,SITE-104-013,WK4,CM,1,CMTRT,Metformin
SYN-2026-01,SITE-104,SITE-104-013,WK4,CM,1,CMSTDAT,2026-04-05
SYN-2026-01,SITE-104,SITE-104-013,WK4,CM,2,CMTRT,Ibuprofen
SYN-2026-01,SITE-104,SITE-104-013,WK4,CM,2,CMINDC,Hypertension
SYN-2026-01,SITE-104,SITE-104-013,WK4,CM,2,CMSTDAT,2026-04-07
SYN-2026-01,SITE-104,SITE-104-013,WK12,VS,1,VSDAT,2026-06-22
SYN-2026-01,SITE-104,SITE-104-013,WK12,VS,1,SYSBP,140
SYN-2026-01,SITE-104,SITE-104-013,WK12,VS,1,DIABP,84
SYN-2026-01,SITE-104,SITE-104-013,WK12,VS,1,PULSE,71
SYN-2026-01,SITE-104,SITE-104-013,WK12,VS,1,TEMP,36.3
SYN-2026-01,SITE-104,SITE-104-013,WK12,VS,1,WEIGHT,84.9
SYN-2026-01,SITE-104,SITE-104-013,WK12,EX,1,EXSTDAT,2026-06-22
SYN-2026-01,SITE-104,SITE-104-013,WK12,EX,1,EXDOSE,50
SYN-2026-01,SITE-104,SITE-104-013,WK12,EX,1,EXADJ,N
SYN-2026-01,SITE-104,SITE-104-013,EOS,VS,1,VSDAT,2026-09-12
SYN-2026-01,SITE-104,SITE-104-013,EOS,VS,1,SYSBP,128
SYN-2026-01,SITE-104,SITE-104-013,EOS,VS,1,DIABP,88
SYN-2026-01,SITE-104,SITE-104-013,EOS,VS,1,PULSE,73
SYN-2026-01,SITE-104,SITE-104-013,EOS,VS,1,TEMP,36.9
SYN-2026-01,SITE-104,SITE-104-013,EOS,VS,1,WEIGHT,49.9
SYN-2026-01,SITE-104,SITE-104-013,EOS,CM,1,CMTRT,Omeprazole
SYN-2026-01,SITE-104,SITE-104-013,EOS,CM,1,CMINDC,Prophylaxis
SYN-2026-01,SITE-104,SITE-104-013,EOS,CM,1,CMSTDAT,2026-08-02
SYN-2026-01,SITE-104,SITE-104-013,EOS,CM,2,CMTRT,advil
SYN-2026-01,SITE-104,SITE-104-013,EOS,CM,2,CMSTDAT,2026-08-13
SYN-2026-01,SITE-104,SITE-104-013,EOS,DS,1,DSCOMP,Y
SYN-2026-01,SITE-104,SITE-104-013,EOS,DS,1,DSSTDAT,2026-09-12
SYN-2026-01,SITE-101,SITE-101-014,SCR,DM,1,BRTHDAT,2001-10-22
SYN-2026-01,SITE-101,SITE-101-014,SCR,DM,1,SEX,M
SYN-2026-01,SITE-101,SITE-101-014,SCR,DM,1,RFICDAT,2025-10-16
SYN-2026-01,SITE-101,SITE-101-014,SCR,DM,1,ARM,B
SYN-2026-01,SITE-101,SITE-101-014,SCR,IE,1,IEYN,Y
SYN-2026-01,SITE-101,SITE-101-014,SCR,IE,1,AGEELIG,Y
SYN-2026-01,SITE-101,SITE-101-014,SCR,VS,1,VSDAT,2025-10-18
SYN-2026-01,SITE-101,SITE-101-014,SCR,VS,1,SYSBP,126
SYN-2026-01,SITE-101,SITE-101-014,SCR,VS,1,DIABP,75
SYN-2026-01,SITE-101,SITE-101-014,SCR,VS,1,PULSE,83
SYN-2026-01,SITE-101,SITE-101-014,SCR,VS,1,WEIGHT,55.3
SYN-2026-01,SITE-101,SITE-101-014,BASE,VS,1,VSDAT,2025-10-26
SYN-2026-01,SITE-101,SITE-101-014,BASE,VS,1,SYSBP,136
SYN-2026-01,SITE-101,SITE-101-014,BASE,VS,1,DIABP,81
SYN-2026-01,SITE-101,SITE-101-014,BASE,VS,1,PULSE,68
SYN-2026-01,SITE-101,SITE-101-014,BASE,VS,1,TEMP,37.1
SYN-2026-01,SITE-101,SITE-101-014,BASE,VS,1,WEIGHT,61.3
SYN-2026-01,SITE-101,SITE-101-014,BASE,EX,1,EXSTDAT,2025-10-26
SYN-2026-01,SITE-101,SITE-101-014,BASE,EX,1,EXDOSE,50
SYN-2026-01,SITE-101,SITE-101-014,BASE,EX,1,EXADJ,Y
SYN-2026-01,SITE-101,SITE-101-014,WK4,VS,1,VSDAT,2025-11-19
SYN-2026-01,SITE-101,SITE-101-014,WK4,VS,1,SYSBP,120
SYN-2026-01,SITE-101,SITE-101-014,WK4,VS,1,DIABP,83
SYN-2026-01,SITE-101,SITE-101-014,WK4,VS,1,PULSE,89
SYN-2026-01,SITE-101,SITE-101-014,WK4,VS,1,TEMP,36.4
SYN-2026-01,SITE-101,SITE-101-014,WK4,VS,1,WEIGHT,78.9
SYN-2026-01,SITE-101,SITE-101-014,WK4,EX,1,EXSTDAT,2025-11-19
SYN-2026-01,SITE-101,SITE-101-014,WK4,EX,1,EXDOSE,100
SYN-2026-01,SITE-101,SITE-101-014,WK4,EX,1,EXADJ,N
SYN-2026-01,SITE-101,SITE-101-014,WK4,AE,1,AETERM,Dizziness
SYN-2026-01,SITE-101,SITE-101-014,WK4,AE,1,AESTDAT,2025-11-15
SYN-2026-01,SITE-101,SITE-101-014,WK4,AE,1,AEOUT,RECOVERING
SYN-2026-01,SITE-101,SITE-101-014,WK4,AE,1,AESEV,MILD
SYN-2026-01,SITE-101,SITE-101-014,WK4,AE,1,AESER,N
SYN-2026-01,SITE-101,SITE-101-014,WK4,AE,1,AEREL,POSSIBLE
SYN-2026-01,SITE-101,SITE-101-014,WK4,CM,1,CMTRT,Paracetamol
SYN-2026-01,SITE-101,SITE-101-014,WK4,CM,1,CMINDC,Pain
SYN-2026-01,SITE-101,SITE-101-014,WK4,CM,1,CMSTDAT,2025-10-03
SYN-2026-01,SITE-101,SITE-101-014,WK12,VS,1,VSDAT,2026-01-21
SYN-2026-01,SITE-101,SITE-101-014,WK12,VS,1,SYSBP,110
SYN-2026-01,SITE-101,SITE-101-014,WK12,VS,1,DIABP,75
SYN-2026-01,SITE-101,SITE-101-014,WK12,VS,1,PULSE,63
SYN-2026-01,SITE-101,SITE-101-014,WK12,VS,1,TEMP,36.5
SYN-2026-01,SITE-101,SITE-101-014,WK12,VS,1,WEIGHT,88.3
SYN-2026-01,SITE-101,SITE-101-014,WK12,EX,1,EXSTDAT,2026-01-21
SYN-2026-01,SITE-101,SITE-101-014,WK12,EX,1,EXDOSE,50
SYN-2026-01,SITE-101,SITE-101-014,WK12,EX,1,EXADJ,N
SYN-2026-01,SITE-101,SITE-101-014,WK12,AE,1,AETERM,Vomiting
SYN-2026-01,SITE-101,SITE-101-014,WK12,AE,1,AESTDAT,2026-01-07
SYN-2026-01,SITE-101,SITE-101-014,WK12,AE,1,AEOUT,RECOVERING
SYN-2026-01,SITE-101,SITE-101-014,WK12,AE,1,AESEV,MODERATE
SYN-2026-01,SITE-101,SITE-101-014,WK12,AE,1,AESER,N
SYN-2026-01,SITE-101,SITE-101-014,WK12,AE,1,AEREL,PROBABLE
SYN-2026-01,SITE-101,SITE-101-014,WK12,CM,1,CMTRT,Paracetamol
SYN-2026-01,SITE-101,SITE-101-014,WK12,CM,1,CMSTDAT,2025-12-29
SYN-2026-01,SITE-101,SITE-101-014,WK12,CM,2,CMTRT,Amoxicillin
SYN-2026-01,SITE-101,SITE-101-014,WK12,CM,2,CMSTDAT,2025-12-12
SYN-2026-01,SITE-101,SITE-101-014,EOS,VS,1,VSDAT,2026-04-10
SYN-2026-01,SITE-101,SITE-101-014,EOS,VS,1,SYSBP,136
SYN-2026-01,SITE-101,SITE-101-014,EOS,VS,1,DIABP,78
SYN-2026-01,SITE-101,SITE-101-014,EOS,VS,1,PULSE,66
SYN-2026-01,SITE-101,SITE-101-014,EOS,VS,1,TEMP,37.4
SYN-2026-01,SITE-101,SITE-101-014,EOS,VS,1,WEIGHT,79.6
SYN-2026-01,SITE-101,SITE-101-014,EOS,AE,1,AETERM,Insomnia
SYN-2026-01,SITE-101,SITE-101-014,EOS,AE,1,AESTDAT,2026-03-28
SYN-2026-01,SITE-101,SITE-101-014,EOS,AE,1,AEOUT,RECOVERED
SYN-2026-01,SITE-101,SITE-101-014,EOS,AE,1,AEENDAT,2026-04-12
SYN-2026-01,SITE-101,SITE-101-014,EOS,AE,1,AESEV,MILD
SYN-2026-01,SITE-101,SITE-101-014,EOS,AE,1,AESER,N
SYN-2026-01,SITE-101,SITE-101-014,EOS,AE,1,AEREL,RELATED
SYN-2026-01,SITE-101,SITE-101-014,EOS,AE,2,AETERM,Pyrexia
SYN-2026-01,SITE-101,SITE-101-014,EOS,AE,2,AESTDAT,2026-04-06
SYN-2026-01,SITE-101,SITE-101-014,EOS,AE,2,AEOUT,RECOVERING
SYN-2026-01,SITE-101,SITE-101-014,EOS,AE,2,AESEV,MILD
SYN-2026-01,SITE-101,SITE-101-014,EOS,AE,2,AESER,N
SYN-2026-01,SITE-101,SITE-101-014,EOS,AE,2,AEREL,UNLIKELY
SYN-2026-01,SITE-101,SITE-101-014,EOS,AE,3,AETERM,sore throat and runny nose
SYN-2026-01,SITE-101,SITE-101-014,EOS,AE,3,AESTDAT,2026-03-25
SYN-2026-01,SITE-101,SITE-101-014,EOS,AE,3,AEOUT,RECOVERED
SYN-2026-01,SITE-101,SITE-101-014,EOS,AE,3,AEENDAT,2026-04-05
SYN-2026-01,SITE-101,SITE-101-014,EOS,AE,3,AESEV,MILD
SYN-2026-01,SITE-101,SITE-101-014,EOS,AE,3,AESER,N
SYN-2026-01,SITE-101,SITE-101-014,EOS,AE,3,AEREL,UNLIKELY
SYN-2026-01,SITE-101,SITE-101-014,EOS,CM,1,CMTRT,Atorvastatin
SYN-2026-01,SITE-101,SITE-101-014,EOS,CM,1,CMINDC,Infection
SYN-2026-01,SITE-101,SITE-101-014,EOS,CM,1,CMSTDAT,2026-03-17
SYN-2026-01,SITE-101,SITE-101-014,EOS,CM,2,CMTRT,Omeprazole
SYN-2026-01,SITE-101,SITE-101-014,EOS,CM,2,CMINDC,Infection
SYN-2026-01,SITE-101,SITE-101-014,EOS,CM,2,CMSTDAT,2026-02-14
SYN-2026-01,SITE-101,SITE-101-014,EOS,CM,3,CMTRT,advil
SYN-2026-01,SITE-101,SITE-101-014,EOS,CM,3,CMINDC,Pain
SYN-2026-01,SITE-101,SITE-101-014,EOS,CM,3,CMSTDAT,2026-02-27
SYN-2026-01,SITE-101,SITE-101-014,EOS,DS,1,DSCOMP,Y
SYN-2026-01,SITE-101,SITE-101-014,EOS,DS,1,DSSTDAT,2026-04-10
SYN-2026-01,SITE-104,SITE-104-015,SCR,DM,1,BRTHDAT,1974-09-23
SYN-2026-01,SITE-104,SITE-104-015,SCR,DM,1,SEX,M
SYN-2026-01,SITE-104,SITE-104-015,SCR,DM,1,RFICDAT,2025-09-10
SYN-2026-01,SITE-104,SITE-104-015,SCR,DM,1,ARM,A
SYN-2026-01,SITE-104,SITE-104-015,SCR,IE,1,IEYN,Y
SYN-2026-01,SITE-104,SITE-104-015,SCR,IE,1,AGEELIG,Y
SYN-2026-01,SITE-104,SITE-104-015,SCR,VS,1,VSDAT,2025-09-01
SYN-2026-01,SITE-104,SITE-104-015,SCR,VS,1,SYSBP,138
SYN-2026-01,SITE-104,SITE-104-015,SCR,VS,1,DIABP,79
SYN-2026-01,SITE-104,SITE-104-015,SCR,VS,1,PULSE,58
SYN-2026-01,SITE-104,SITE-104-015,SCR,VS,1,TEMP,36.6
SYN-2026-01,SITE-104,SITE-104-015,SCR,VS,1,WEIGHT,65.9
SYN-2026-01,SITE-104,SITE-104-015,SCR,MH,1,MHTERM,Hypercholesterolaemia
SYN-2026-01,SITE-104,SITE-104-015,SCR,MH,1,MHSTDAT,2018-01-29
SYN-2026-01,SITE-104,SITE-104-015,SCR,MH,1,MHONGO,Y
SYN-2026-01,SITE-104,SITE-104-015,SCR,MH,2,MHTERM,Type 2 diabetes mellitus
SYN-2026-01,SITE-104,SITE-104-015,SCR,MH,2,MHSTDAT,2018-04-28
SYN-2026-01,SITE-104,SITE-104-015,SCR,MH,2,MHONGO,N
SYN-2026-01,SITE-104,SITE-104-015,BASE,VS,1,VSDAT,2025-09-21
SYN-2026-01,SITE-104,SITE-104-015,BASE,VS,1,SYSBP,140
SYN-2026-01,SITE-104,SITE-104-015,BASE,VS,1,DIABP,87
SYN-2026-01,SITE-104,SITE-104-015,BASE,VS,1,PULSE,70
SYN-2026-01,SITE-104,SITE-104-015,BASE,VS,1,TEMP,35.9
SYN-2026-01,SITE-104,SITE-104-015,BASE,VS,1,WEIGHT,88.3
SYN-2026-01,SITE-104,SITE-104-015,BASE,EX,1,EXSTDAT,2025-09-21
SYN-2026-01,SITE-104,SITE-104-015,BASE,EX,1,EXDOSE,100
SYN-2026-01,SITE-104,SITE-104-015,BASE,EX,1,EXADJ,N
SYN-2026-01,SITE-104,SITE-104-015,WK4,VS,1,VSDAT,2025-10-19
SYN-2026-01,SITE-104,SITE-104-015,WK4,VS,1,SYSBP,144
SYN-2026-01,SITE-104,SITE-104-015,WK4,VS,1,DIABP,69
SYN-2026-01,SITE-104,SITE-104-015,WK4,VS,1,PULSE,55
SYN-2026-01,SITE-104,SITE-104-015,WK4,VS,1,TEMP,36.2
SYN-2026-01,SITE-104,SITE-104-015,WK4,VS,1,WEIGHT,76.2
SYN-2026-01,SITE-104,SITE-104-015,WK4,EX,1,EXSTDAT,2025-10-19
SYN-2026-01,SITE-104,SITE-104-015,WK4,EX,1,EXDOSE,50
SYN-2026-01,SITE-104,SITE-104-015,WK4,EX,1,EXADJ,N
SYN-2026-01,SITE-104,SITE-104-015,WK12,VS,1,VSDAT,2025-12-14
SYN-2026-01,SITE-104,SITE-104-015,WK12,VS,1,SYSBP,140
SYN-2026-01,SITE-104,SITE-104-015,WK12,VS,1,DIABP,84
SYN-2026-01,SITE-104,SITE-104-015,WK12,VS,1,PULSE,80
SYN-2026-01,SITE-104,SITE-104-015,WK12,VS,1,TEMP,37.0
SYN-2026-01,SITE-104,SITE-104-015,WK12,VS,1,WEIGHT,97.4
SYN-2026-01,SITE-104,SITE-104-015,WK12,EX,1,EXSTDAT,2025-12-14
SYN-2026-01,SITE-104,SITE-104-015,WK12,EX,1,EXDOSE,50
SYN-2026-01,SITE-104,SITE-104-015,WK12,EX,1,EXADJ,N
SYN-2026-01,SITE-104,SITE-104-015,WK12,CM,1,CMTRT,Omeprazole
SYN-2026-01,SITE-104,SITE-104-015,WK12,CM,1,CMINDC,Prophylaxis
SYN-2026-01,SITE-104,SITE-104-015,WK12,CM,1,CMSTDAT,2025-12-02
SYN-2026-01,SITE-104,SITE-104-015,EOS,VS,1,VSDAT,2026-03-09
SYN-2026-01,SITE-104,SITE-104-015,EOS,VS,1,SYSBP,115
SYN-2026-01,SITE-104,SITE-104-015,EOS,VS,1,DIABP,80
SYN-2026-01,SITE-104,SITE-104-015,EOS,VS,1,PULSE,71
SYN-2026-01,SITE-104,SITE-104-015,EOS,VS,1,WEIGHT,75.3
SYN-2026-01,SITE-104,SITE-104-015,EOS,AE,1,AETERM,Pyrexia
SYN-2026-01,SITE-104,SITE-104-015,EOS,AE,1,AESTDAT,2026-03-05
SYN-2026-01,SITE-104,SITE-104-015,EOS,AE,1,AEOUT,RECOVERED
SYN-2026-01,SITE-104,SITE-104-015,EOS,AE,1,AEENDAT,2026-03-18
SYN-2026-01,SITE-104,SITE-104-015,EOS,AE,1,AESEV,MODERATE
SYN-2026-01,SITE-104,SITE-104-015,EOS,AE,1,AESER,N
SYN-2026-01,SITE-104,SITE-104-015,EOS,AE,1,AEREL,NOT RELATED
SYN-2026-01,SITE-104,SITE-104-015,EOS,AE,2,AETERM,Insomnia
SYN-2026-01,SITE-104,SITE-104-015,EOS,AE,2,AESTDAT,2026-02-19
SYN-2026-01,SITE-104,SITE-104-015,EOS,AE,2,AEOUT,NOT RECOVERED
SYN-2026-01,SITE-104,SITE-104-015,EOS,AE,2,AESEV,MILD
SYN-2026-01,SITE-104,SITE-104-015,EOS,AE,2,AESER,N
SYN-2026-01,SITE-104,SITE-104-015,EOS,AE,2,AEREL,UNLIKELY
SYN-2026-01,SITE-104,SITE-104-015,EOS,AE,3,AETERM,Diarrhoea
SYN-2026-01,SITE-104,SITE-104-015,EOS,AE,3,AESTDAT,2026-02-26
SYN-2026-01,SITE-104,SITE-104-015,EOS,AE,3,AEOUT,RECOVERED
SYN-2026-01,SITE-104,SITE-104-015,EOS,AE,3,AEENDAT,2026-03-12
SYN-2026-01,SITE-104,SITE-104-015,EOS,AE,3,AESEV,MODERATE
SYN-2026-01,SITE-104,SITE-104-015,EOS,AE,3,AESER,N
SYN-2026-01,SITE-104,SITE-104-015,EOS,AE,3,AEREL,POSSIBLE
SYN-2026-01,SITE-104,SITE-104-015,EOS,CM,1,CMTRT,advil
SYN-2026-01,SITE-104,SITE-104-015,EOS,CM,1,CMINDC,Infection
SYN-2026-01,SITE-104,SITE-104-015,EOS,CM,1,CMSTDAT,2026-01-30
SYN-2026-01,SITE-104,SITE-104-015,EOS,DS,1,DSCOMP,Y
SYN-2026-01,SITE-104,SITE-104-015,EOS,DS,1,DSSTDAT,2026-03-09
SYN-2026-01,SITE-104,SITE-104-016,SCR,DM,1,BRTHDAT,1959-04-01
SYN-2026-01,SITE-104,SITE-104-016,SCR,DM,1,SEX,M
SYN-2026-01,SITE-104,SITE-104-016,SCR,DM,1,RFICDAT,2026-03-15
SYN-2026-01,SITE-104,SITE-104-016,SCR,DM,1,ARM,B
SYN-2026-01,SITE-104,SITE-104-016,SCR,IE,1,IEYN,Y
SYN-2026-01,SITE-104,SITE-104-016,SCR,IE,1,AGEELIG,Y
SYN-2026-01,SITE-104,SITE-104-016,SCR,VS,1,VSDAT,2026-03-14
SYN-2026-01,SITE-104,SITE-104-016,SCR,VS,1,SYSBP,133
SYN-2026-01,SITE-104,SITE-104-016,SCR,VS,1,DIABP,63
SYN-2026-01,SITE-104,SITE-104-016,SCR,VS,1,PULSE,78
SYN-2026-01,SITE-104,SITE-104-016,SCR,VS,1,TEMP,36.1
SYN-2026-01,SITE-104,SITE-104-016,SCR,VS,1,WEIGHT,67.0
SYN-2026-01,SITE-104,SITE-104-016,SCR,MH,1,MHTERM,Hypercholesterolaemia
SYN-2026-01,SITE-104,SITE-104-016,SCR,MH,1,MHSTDAT,2018-08-07
SYN-2026-01,SITE-104,SITE-104-016,SCR,MH,1,MHONGO,Y
SYN-2026-01,SITE-104,SITE-104-016,BASE,VS,1,VSDAT,2026-03-27
SYN-2026-01,SITE-104,SITE-104-016,BASE,VS,1,SYSBP,132
SYN-2026-01,SITE-104,SITE-104-016,BASE,VS,1,DIABP,67
SYN-2026-01,SITE-104,SITE-104-016,BASE,VS,1,PULSE,64
SYN-2026-01,SITE-104,SITE-104-016,BASE,VS,1,TEMP,36.6
SYN-2026-01,SITE-104,SITE-104-016,BASE,VS,1,WEIGHT,72.2
SYN-2026-01,SITE-104,SITE-104-016,BASE,EX,1,EXSTDAT,2026-03-27
SYN-2026-01,SITE-104,SITE-104-016,BASE,EX,1,EXDOSE,100
SYN-2026-01,SITE-104,SITE-104-016,BASE,EX,1,EXADJ,Y
SYN-2026-01,SITE-104,SITE-104-016,WK4,VS,1,VSDAT,2026-04-24
SYN-2026-01,SITE-104,SITE-104-016,WK4,VS,1,SYSBP,109
SYN-2026-01,SITE-104,SITE-104-016,WK4,VS,1,DIABP,89
SYN-2026-01,SITE-104,SITE-104-016,WK4,VS,1,PULSE,51
SYN-2026-01,SITE-104,SITE-104-016,WK4,VS,1,TEMP,36.4
SYN-2026-01,SITE-104,SITE-104-016,WK4,VS,1,WEIGHT,67.1
SYN-2026-01,SITE-104,SITE-104-016,WK4,EX,1,EXSTDAT,2026-04-24
SYN-2026-01,SITE-104,SITE-104-016,WK4,EX,1,EXDOSE,100
SYN-2026-01,SITE-104,SITE-104-016,WK4,EX,1,EXADJ,N
SYN-2026-01,SITE-104,SITE-104-016,WK4,AE,1,AETERM,sore throat and runny nose
SYN-2026-01,SITE-104,SITE-104-016,WK4,AE,1,AESTDAT,2026-04-22
SYN-2026-01,SITE-104,SITE-104-016,WK4,AE,1,AEOUT,RECOVERED
SYN-2026-01,SITE-104,SITE-104-016,WK4,AE,1,AEENDAT,2026-05-13
SYN-2026-01,SITE-104,SITE-104-016,WK4,AE,1,AESEV,MODERATE
SYN-2026-01,SITE-104,SITE-104-016,WK4,AE,1,AESER,N
SYN-2026-01,SITE-104,SITE-104-016,WK4,AE,1,AEREL,UNLIKELY
SYN-2026-01,SITE-104,SITE-104-016,WK4,CM,1,CMTRT,Salbutamol
SYN-2026-01,SITE-104,SITE-104-016,WK4,CM,1,CMINDC,Pain
SYN-2026-01,SITE-104,SITE-104-016,WK4,CM,1,CMSTDAT,2026-04-04
SYN-2026-01,SITE-104,SITE-104-016,WK4,CM,2,CMTRT,tylenol
SYN-2026-01,SITE-104,SITE-104-016,WK4,CM,2,CMSTDAT,2026-02-25
SYN-2026-01,SITE-104,SITE-104-016,WK12,VS,1,VSDAT,2026-06-22
SYN-2026-01,SITE-104,SITE-104-016,WK12,VS,1,SYSBP,143
SYN-2026-01,SITE-104,SITE-104-016,WK12,VS,1,DIABP,85
SYN-2026-01,SITE-104,SITE-104-016,WK12,VS,1,PULSE,72
SYN-2026-01,SITE-104,SITE-104-016,WK12,VS,1,TEMP,36.9
SYN-2026-01,SITE-104,SITE-104-016,WK12,VS,1,WEIGHT,81.3
SYN-2026-01,SITE-104,SITE-104-016,WK12,EX,1,EXSTDAT,2026-06-22
SYN-2026-01,SITE-104,SITE-104-016,WK12,EX,1,EXDOSE,100
SYN-2026-01,SITE-104,SITE-104-016,WK12,EX,1,EXADJ,Y
SYN-2026-01,SITE-104,SITE-104-016,EOS,VS,1,VSDAT,2026-09-10
SYN-2026-01,SITE-104,SITE-104-016,EOS,VS,1,SYSBP,133
SYN-2026-01,SITE-104,SITE-104-016,EOS,VS,1,DIABP,78
SYN-2026-01,SITE-104,SITE-104-016,EOS,VS,1,PULSE,75
SYN-2026-01,SITE-104,SITE-104-016,EOS,VS,1,TEMP,36.7
SYN-2026-01,SITE-104,SITE-104-016,EOS,VS,1,WEIGHT,102.1
SYN-2026-01,SITE-104,SITE-104-016,EOS,CM,1,CMTRT,advil
SYN-2026-01,SITE-104,SITE-104-016,EOS,CM,1,CMSTDAT,2026-08-31
SYN-2026-01,SITE-104,SITE-104-016,EOS,DS,1,DSCOMP,Y
SYN-2026-01,SITE-104,SITE-104-016,EOS,DS,1,DSSTDAT,2026-09-10
SYN-2026-01,SITE-105,SITE-105-017,SCR,DM,1,BRTHDAT,1970-03-26
SYN-2026-01,SITE-105,SITE-105-017,SCR,DM,1,SEX,M
SYN-2026-01,SITE-105,SITE-105-017,SCR,DM,1,RFICDAT,2026-03-12
SYN-2026-01,SITE-105,SITE-105-017,SCR,DM,1,ARM,A
SYN-2026-01,SITE-105,SITE-105-017,SCR,IE,1,IEYN,Y
SYN-2026-01,SITE-105,SITE-105-017,SCR,IE,1,AGEELIG,Y
SYN-2026-01,SITE-105,SITE-105-017,SCR,VS,1,VSDAT,2026-03-04
SYN-2026-01,SITE-105,SITE-105-017,SCR,VS,1,SYSBP,114
SYN-2026-01,SITE-105,SITE-105-017,SCR,VS,1,DIABP,92
SYN-2026-01,SITE-105,SITE-105-017,SCR,VS,1,PULSE,64
SYN-2026-01,SITE-105,SITE-105-017,SCR,VS,1,WEIGHT,60.0
SYN-2026-01,SITE-105,SITE-105-017,SCR,MH,1,MHTERM,Osteoarthritis
SYN-2026-01,SITE-105,SITE-105-017,SCR,MH,1,MHSTDAT,2023-09-03
SYN-2026-01,SITE-105,SITE-105-017,SCR,MH,1,MHONGO,N
SYN-2026-01,SITE-105,SITE-105-017,BASE,VS,1,VSDAT,2026-03-24
SYN-2026-01,SITE-105,SITE-105-017,BASE,VS,1,SYSBP,141
SYN-2026-01,SITE-105,SITE-105-017,BASE,VS,1,DIABP,69
SYN-2026-01,SITE-105,SITE-105-017,BASE,VS,1,PULSE,78
SYN-2026-01,SITE-105,SITE-105-017,BASE,VS,1,TEMP,37.1
SYN-2026-01,SITE-105,SITE-105-017,BASE,VS,1,WEIGHT,70.5
SYN-2026-01,SITE-105,SITE-105-017,BASE,EX,1,EXSTDAT,2026-03-24
SYN-2026-01,SITE-105,SITE-105-017,BASE,EX,1,EXDOSE,50
SYN-2026-01,SITE-105,SITE-105-017,BASE,EX,1,EXADJ,N
SYN-2026-01,SITE-105,SITE-105-017,WK4,VS,1,VSDAT,2026-04-23
SYN-2026-01,SITE-105,SITE-105-017,WK4,VS,1,SYSBP,132
SYN-2026-01,SITE-105,SITE-105-017,WK4,VS,1,DIABP,103
SYN-2026-01,SITE-105,SITE-105-017,WK4,VS,1,PULSE,84
SYN-2026-01,SITE-105,SITE-105-017,WK4,VS,1,TEMP,36.5
SYN-2026-01,SITE-105,SITE-105-017,WK4,VS,1,WEIGHT,77.1
SYN-2026-01,SITE-105,SITE-105-017,WK4,EX,1,EXSTDAT,2026-04-23
SYN-2026-01,SITE-105,SITE-105-017,WK4,EX,1,EXDOSE,50
SYN-2026-01,SITE-105,SITE-105-017,WK4,EX,1,EXADJ,N
SYN-2026-01,SITE-105,SITE-105-017,WK4,AE,1,AETERM,Rash
SYN-2026-01,SITE-105,SITE-105-017,WK4,AE,1,AESTDAT,2026-04-19
SYN-2026-01,SITE-105,SITE-105-017,WK4,AE,1,AEOUT,RECOVERING
SYN-2026-01,SITE-105,SITE-105-017,WK4,AE,1,AESEV,MODERATE
SYN-2026-01,SITE-105,SITE-105-017,WK4,AE,1,AESER,N
SYN-2026-01,SITE-105,SITE-105-017,WK4,AE,1,AEREL,RELATED
SYN-2026-01,SITE-105,SITE-105-017,WK4,CM,1,CMTRT,Amoxicillin
SYN-2026-01,SITE-105,SITE-105-017,WK4,CM,1,CMINDC,Hypertension
SYN-2026-01,SITE-105,SITE-105-017,WK4,CM,1,CMSTDAT,2026-03-18
SYN-2026-01,SITE-105,SITE-105-017,WK4,CM,2,CMTRT,Atorvastatin
SYN-2026-01,SITE-105,SITE-105-017,WK4,CM,2,CMINDC,Pain
SYN-2026-01,SITE-105,SITE-105-017,WK4,CM,2,CMSTDAT,2026-03-23
SYN-2026-01,SITE-105,SITE-105-017,WK12,VS,1,VSDAT,2026-06-13
SYN-2026-01,SITE-105,SITE-105-017,WK12,VS,1,SYSBP,97
SYN-2026-01,SITE-105,SITE-105-017,WK12,VS,1,DIABP,85
SYN-2026-01,SITE-105,SITE-105-017,WK12,VS,1,PULSE,72
SYN-2026-01,SITE-105,SITE-105-017,WK12,VS,1,TEMP,36.9
SYN-2026-01,SITE-105,SITE-105-017,WK12,VS,1,WEIGHT,54.2
SYN-2026-01,SITE-105,SITE-105-017,WK12,EX,1,EXSTDAT,2026-06-13
SYN-2026-01,SITE-105,SITE-105-017,WK12,EX,1,EXDOSE,100
SYN-2026-01,SITE-105,SITE-105-017,WK12,EX,1,EXADJ,N
SYN-2026-01,SITE-105,SITE-105-017,WK12,CM,1,CMTRT,Metformin
SYN-2026-01,SITE-105,SITE-105-017,WK12,CM,1,CMINDC,Prophylaxis
SYN-2026-01,SITE-105,SITE-105-017,WK12,CM,1,CMSTDAT,2026-05-31
SYN-2026-01,SITE-105,SITE-105-017,EOS,VS,1,VSDAT,2026-09-04
SYN-2026-01,SITE-105,SITE-105-017,EOS,VS,1,SYSBP,146
SYN-2026-01,SITE-105,SITE-105-017,EOS,VS,1,DIABP,90
SYN-2026-01,SITE-105,SITE-105-017,EOS,VS,1,PULSE,71
SYN-2026-01,SITE-105,SITE-105-017,EOS,VS,1,TEMP,36.5
SYN-2026-01,SITE-105,SITE-105-017,EOS,VS,1,WEIGHT,119.7
SYN-2026-01,SITE-105,SITE-105-017,EOS,AE,1,AETERM,Nausea
SYN-2026-01,SITE-105,SITE-105-017,EOS,AE,1,AESTDAT,2026-09-02
SYN-2026-01,SITE-105,SITE-105-017,EOS,AE,1,AEOUT,RECOVERING
SYN-2026-01,SITE-105,SITE-105-017,EOS,AE,1,AESEV,MILD
SYN-2026-01,SITE-105,SITE-105-017,EOS,AE,1,AESER,N
SYN-2026-01,SITE-105,SITE-105-017,EOS,AE,1,AEREL,UNLIKELY
SYN-2026-01,SITE-105,SITE-105-017,EOS,AE,2,AETERM,Cough
SYN-2026-01,SITE-105,SITE-105-017,EOS,AE,2,AESTDAT,2026-08-31
SYN-2026-01,SITE-105,SITE-105-017,EOS,AE,2,AEOUT,RECOVERED
SYN-2026-01,SITE-105,SITE-105-017,EOS,AE,2,AEENDAT,2026-09-01
SYN-2026-01,SITE-105,SITE-105-017,EOS,AE,2,AESEV,MILD
SYN-2026-01,SITE-105,SITE-105-017,EOS,AE,2,AESER,N
SYN-2026-01,SITE-105,SITE-105-017,EOS,AE,2,AEREL,UNLIKELY
SYN-2026-01,SITE-105,SITE-105-017,EOS,AE,3,AETERM,Diarrhoea
SYN-2026-01,SITE-105,SITE-105-017,EOS,AE,3,AESTDAT,2026-08-31
SYN-2026-01,SITE-105,SITE-105-017,EOS,AE,3,AEOUT,NOT RECOVERED
SYN-2026-01,SITE-105,SITE-105-017,EOS,AE,3,AESEV,MILD
SYN-2026-01,SITE-105,SITE-105-017,EOS,AE,3,AESER,N
SYN-2026-01,SITE-105,SITE-105-017,EOS,AE,3,AEREL,UNLIKELY
SYN-2026-01,SITE-105,SITE-105-017,EOS,CM,1,CMTRT,advil
SYN-2026-01,SITE-105,SITE-105-017,EOS,CM,1,CMINDC,Prophylaxis
SYN-2026-01,SITE-105,SITE-105-017,EOS,CM,1,CMSTDAT,2026-07-06
SYN-2026-01,SITE-105,SITE-105-017,EOS,DS,1,DSCOMP,Y
SYN-2026-01,SITE-105,SITE-105-017,EOS,DS,1,DSSTDAT,2026-09-04
SYN-2026-01,SITE-101,SITE-101-018,SCR,DM,1,BRTHDAT,1980-01-29
SYN-2026-01,SITE-101,SITE-101-018,SCR,DM,1,SEX,F
SYN-2026-01,SITE-101,SITE-101-018,SCR,DM,1,RFICDAT,2026-01-17
SYN-2026-01,SITE-101,SITE-101-018,SCR,DM,1,ARM,A
SYN-2026-01,SITE-101,SITE-101-018,SCR,IE,1,IEYN,Y
SYN-2026-01,SITE-101,SITE-101-018,SCR,IE,1,AGEELIG,Y
SYN-2026-01,SITE-101,SITE-101-018,SCR,VS,1,VSDAT,2026-01-18
SYN-2026-01,SITE-101,SITE-101-018,SCR,VS,1,SYSBP,115
SYN-2026-01,SITE-101,SITE-101-018,SCR,VS,1,DIABP,89
SYN-2026-01,SITE-101,SITE-101-018,SCR,VS,1,PULSE,56
SYN-2026-01,SITE-101,SITE-101-018,SCR,VS,1,TEMP,36.5
SYN-2026-01,SITE-101,SITE-101-018,SCR,VS,1,WEIGHT,91.0
SYN-2026-01,SITE-101,SITE-101-018,BASE,VS,1,VSDAT,2026-02-02
SYN-2026-01,SITE-101,SITE-101-018,BASE,VS,1,SYSBP,127
SYN-2026-01,SITE-101,SITE-101-018,BASE,VS,1,DIABP,88
SYN-2026-01,SITE-101,SITE-101-018,BASE,VS,1,PULSE,65
SYN-2026-01,SITE-101,SITE-101-018,BASE,VS,1,TEMP,36.9
SYN-2026-01,SITE-101,SITE-101-018,BASE,VS,1,WEIGHT,61.0
SYN-2026-01,SITE-101,SITE-101-018,BASE,EX,1,EXSTDAT,2026-02-02
SYN-2026-01,SITE-101,SITE-101-018,BASE,EX,1,EXDOSE,50
SYN-2026-01,SITE-101,SITE-101-018,BASE,EX,1,EXADJ,N
SYN-2026-01,SITE-101,SITE-101-018,BASE,AE,1,AETERM,sore throat and runny nose
SYN-2026-01,SITE-101,SITE-101-018,BASE,AE,1,AESTDAT,2026-01-24
SYN-2026-01,SITE-101,SITE-101-018,BASE,AE,1,AEOUT,RECOVERED
SYN-2026-01,SITE-101,SITE-101-018,BASE,AE,1,AESEV,MILD
SYN-2026-01,SITE-101,SITE-101-018,BASE,AE,1,AESER,N
SYN-2026-01,SITE-101,SITE-101-018,BASE,AE,1,AEREL,POSSIBLE
SYN-2026-01,SITE-101,SITE-101-018,BASE,AE,2,AETERM,feeling sick to stomach
SYN-2026-01,SITE-101,SITE-101-018,BASE,AE,2,AESTDAT,2026-01-17
SYN-2026-01,SITE-101,SITE-101-018,BASE,AE,2,AEOUT,NOT RECOVERED
SYN-2026-01,SITE-101,SITE-101-018,BASE,AE,2,AESEV,MILD
SYN-2026-01,SITE-101,SITE-101-018,BASE,AE,2,AESER,N
SYN-2026-01,SITE-101,SITE-101-018,BASE,AE,2,AEREL,PROBABLE
SYN-2026-01,SITE-101,SITE-101-018,BASE,AE,3,AETERM,Dizziness
SYN-2026-01,SITE-101,SITE-101-018,BASE,AE,3,AESTDAT,2026-02-01
SYN-2026-01,SITE-101,SITE-101-018,BASE,AE,3,AEOUT,RECOVERED
SYN-2026-01,SITE-101,SITE-101-018,BASE,AE,3,AEENDAT,2026-02-02
SYN-2026-01,SITE-101,SITE-101-018,BASE,AE,3,AESEV,MODERATE
SYN-2026-01,SITE-101,SITE-101-018,BASE,AE,3,AESER,N
SYN-2026-01,SITE-101,SITE-101-018,BASE,AE,3,AEREL,PROBABLE
SYN-2026-01,SITE-101,SITE-101-018,WK4,VS,1,VSDAT,2026-02-27
SYN-2026-01,SITE-101,SITE-101-018,WK4,VS,1,SYSBP,131
SYN-2026-01,SITE-101,SITE-101-018,WK4,VS,1,DIABP,84
SYN-2026-01,SITE-101,SITE-101-018,WK4,VS,1,PULSE,71
SYN-2026-01,SITE-101,SITE-101-018,WK4,VS,1,TEMP,36.8
SYN-2026-01,SITE-101,SITE-101-018,WK4,VS,1,WEIGHT,79.0
SYN-2026-01,SITE-101,SITE-101-018,WK4,EX,1,EXSTDAT,2026-02-27
SYN-2026-01,SITE-101,SITE-101-018,WK4,EX,1,EXDOSE,100
SYN-2026-01,SITE-101,SITE-101-018,WK4,EX,1,EXADJ,N
SYN-2026-01,SITE-101,SITE-101-018,WK4,AE,1,AETERM,Diarrhoea
SYN-2026-01,SITE-101,SITE-101-018,WK4,AE,1,AESTDAT,2026-02-17
SYN-2026-01,SITE-101,SITE-101-018,WK4,AE,1,AEOUT,RECOVERING
SYN-2026-01,SITE-101,SITE-101-018,WK4,AE,1,AESEV,MILD
SYN-2026-01,SITE-101,SITE-101-018,WK4,AE,1,AESER,N
SYN-2026-01,SITE-101,SITE-101-018,WK4,AE,1,AEREL,RELATED
SYN-2026-01,SITE-101,SITE-101-018,WK12,VS,1,VSDAT,2026-04-25
SYN-2026-01,SITE-101,SITE-101-018,WK12,VS,1,SYSBP,151
SYN-2026-01,SITE-101,SITE-101-018,WK12,VS,1,DIABP,58
SYN-2026-01,SITE-101,SITE-101-018,WK12,VS,1,PULSE,62
SYN-2026-01,SITE-101,SITE-101-018,WK12,VS,1,TEMP,36.7
SYN-2026-01,SITE-101,SITE-101-018,WK12,VS,1,WEIGHT,77.9
SYN-2026-01,SITE-101,SITE-101-018,WK12,EX,1,EXSTDAT,2026-04-25
SYN-2026-01,SITE-101,SITE-101-018,WK12,EX,1,EXDOSE,25
SYN-2026-01,SITE-101,SITE-101-018,WK12,EX,1,EXADJ,N
SYN-2026-01,SITE-101,SITE-101-018,EOS,VS,1,VSDAT,2026-07-18
SYN-2026-01,SITE-101,SITE-101-018,EOS,VS,1,SYSBP,100
SYN-2026-01,SITE-101,SITE-101-018,EOS,VS,1,DIABP,81
SYN-2026-01,SITE-101,SITE-101-018,EOS,VS,1,PULSE,95
SYN-2026-01,SITE-101,SITE-101-018,EOS,VS,1,TEMP,36.4
SYN-2026-01,SITE-101,SITE-101-018,EOS,VS,1,WEIGHT,67.4
SYN-2026-01,SITE-101,SITE-101-018,EOS,AE,1,AETERM,Arthralgia
SYN-2026-01,SITE-101,SITE-101-018,EOS,AE,1,AESTDAT,2026-07-17
SYN-2026-01,SITE-101,SITE-101-018,EOS,AE,1,AEOUT,NOT RECOVERED
SYN-2026-01,SITE-101,SITE-101-018,EOS,AE,1,AESEV,MILD
SYN-2026-01,SITE-101,SITE-101-018,EOS,AE,1,AESER,N
SYN-2026-01,SITE-101,SITE-101-018,EOS,AE,1,AEREL,RELATED
SYN-2026-01,SITE-101,SITE-101-018,EOS,CM,1,CMTRT,Salbutamol
SYN-2026-01,SITE-101,SITE-101-018,EOS,CM,1,CMINDC,Prophylaxis
SYN-2026-01,SITE-101,SITE-101-018,EOS,CM,1,CMSTDAT,2026-06-13
SYN-2026-01,SITE-101,SITE-101-018,EOS,DS,1,DSCOMP,Y
SYN-2026-01,SITE-101,SITE-101-018,EOS,DS,1,DSSTDAT,2026-07-18
SYN-2026-01,SITE-104,SITE-104-019,SCR,DM,1,BRTHDAT,1963-01-06
SYN-2026-01,SITE-104,SITE-104-019,SCR,DM,1,SEX,M
SYN-2026-01,SITE-104,SITE-104-019,SCR,DM,1,RFICDAT,2025-12-21
SYN-2026-01,SITE-104,SITE-104-019,SCR,DM,1,ARM,A
SYN-2026-01,SITE-104,SITE-104-019,SCR,IE,1,IEYN,Y
SYN-2026-01,SITE-104,SITE-104-019,SCR,IE,1,AGEELIG,Y
SYN-2026-01,SITE-104,SITE-104-019,SCR,VS,1,VSDAT,2025-12-23
SYN-2026-01,SITE-104,SITE-104-019,SCR,VS,1,SYSBP,108
SYN-2026-01,SITE-104,SITE-104-019,SCR,VS,1,DIABP,72
SYN-2026-01,SITE-104,SITE-104-019,SCR,VS,1,PULSE,82
SYN-2026-01,SITE-104,SITE-104-019,SCR,VS,1,TEMP,36.5
SYN-2026-01,SITE-104,SITE-104-019,SCR,VS,1,WEIGHT,79.8
SYN-2026-01,SITE-104,SITE-104-019,SCR,MH,1,MHTERM,Osteoarthritis
SYN-2026-01,SITE-104,SITE-104-019,SCR,MH,1,MHSTDAT,2020-04-30
SYN-2026-01,SITE-104,SITE-104-019,SCR,MH,1,MHONGO,Y
SYN-2026-01,SITE-104,SITE-104-019,SCR,MH,2,MHTERM,Hypertension
SYN-2026-01,SITE-104,SITE-104-019,SCR,MH,2,MHSTDAT,2025-02-26
SYN-2026-01,SITE-104,SITE-104-019,SCR,MH,2,MHONGO,Y
SYN-2026-01,SITE-104,SITE-104-019,SCR,MH,3,MHTERM,Hypercholesterolaemia
SYN-2026-01,SITE-104,SITE-104-019,SCR,MH,3,MHSTDAT,2020-02-18
SYN-2026-01,SITE-104,SITE-104-019,SCR,MH,3,MHONGO,N
SYN-2026-01,SITE-104,SITE-104-019,BASE,VS,1,VSDAT,2026-01-05
SYN-2026-01,SITE-104,SITE-104-019,BASE,VS,1,SYSBP,153
SYN-2026-01,SITE-104,SITE-104-019,BASE,VS,1,DIABP,63
SYN-2026-01,SITE-104,SITE-104-019,BASE,VS,1,PULSE,70
SYN-2026-01,SITE-104,SITE-104-019,BASE,VS,1,TEMP,36.8
SYN-2026-01,SITE-104,SITE-104-019,BASE,VS,1,WEIGHT,80.1
SYN-2026-01,SITE-104,SITE-104-019,BASE,EX,1,EXSTDAT,2026-01-05
SYN-2026-01,SITE-104,SITE-104-019,BASE,EX,1,EXDOSE,100
SYN-2026-01,SITE-104,SITE-104-019,BASE,EX,1,EXADJ,Y
SYN-2026-01,SITE-104,SITE-104-019,WK4,VS,1,VSDAT,2026-01-30
SYN-2026-01,SITE-104,SITE-104-019,WK4,VS,1,SYSBP,116
SYN-2026-01,SITE-104,SITE-104-019,WK4,VS,1,DIABP,72
SYN-2026-01,SITE-104,SITE-104-019,WK4,VS,1,PULSE,57
SYN-2026-01,SITE-104,SITE-104-019,WK4,VS,1,TEMP,37.2
SYN-2026-01,SITE-104,SITE-104-019,WK4,VS,1,WEIGHT,78.6
SYN-2026-01,SITE-104,SITE-104-019,WK4,EX,1,EXSTDAT,2026-01-30
SYN-2026-01,SITE-104,SITE-104-019,WK4,EX,1,EXDOSE,100
SYN-2026-01,SITE-104,SITE-104-019,WK4,EX,1,EXADJ,N
SYN-2026-01,SITE-104,SITE-104-019,WK4,AE,1,AETERM,head ache
SYN-2026-01,SITE-104,SITE-104-019,WK4,AE,1,AESTDAT,2025-11-24
SYN-2026-01,SITE-104,SITE-104-019,WK4,AE,1,AEOUT,RECOVERING
SYN-2026-01,SITE-104,SITE-104-019,WK4,AE,1,AESEV,MILD
SYN-2026-01,SITE-104,SITE-104-019,WK4,AE,1,AESER,N
SYN-2026-01,SITE-104,SITE-104-019,WK4,AE,1,AEREL,RELATED
SYN-2026-01,SITE-104,SITE-104-019,WK12,VS,1,VSDAT,2026-03-24
SYN-2026-01,SITE-104,SITE-104-019,WK12,VS,1,SYSBP,128
SYN-2026-01,SITE-104,SITE-104-019,WK12,VS,1,DIABP,83
SYN-2026-01,SITE-104,SITE-104-019,WK12,VS,1,PULSE,79
SYN-2026-01,SITE-104,SITE-104-019,WK12,VS,1,TEMP,36.9
SYN-2026-01,SITE-104,SITE-104-019,WK12,VS,1,WEIGHT,76.1
SYN-2026-01,SITE-104,SITE-104-019,WK12,EX,1,EXSTDAT,2026-03-24
SYN-2026-01,SITE-104,SITE-104-019,WK12,EX,1,EXDOSE,25
SYN-2026-01,SITE-104,SITE-104-019,WK12,EX,1,EXADJ,N
SYN-2026-01,SITE-104,SITE-104-019,WK12,AE,1,AETERM,tired all the time
SYN-2026-01,SITE-104,SITE-104-019,WK12,AE,1,AESTDAT,2026-03-11
SYN-2026-01,SITE-104,SITE-104-019,WK12,AE,1,AEOUT,NOT RECOVERED
SYN-2026-01,SITE-104,SITE-104-019,WK12,AE,1,AESEV,MODERATE
SYN-2026-01,SITE-104,SITE-104-019,WK12,AE,1,AESER,N
SYN-2026-01,SITE-104,SITE-104-019,WK12,AE,1,AEREL,RELATED
SYN-2026-01,SITE-104,SITE-104-019,EOS,VS,1,VSDAT,2026-06-17
SYN-2026-01,SITE-104,SITE-104-019,EOS,VS,1,SYSBP,128
SYN-2026-01,SITE-104,SITE-104-019,EOS,VS,1,DIABP,86
SYN-2026-01,SITE-104,SITE-104-019,EOS,VS,1,PULSE,84
SYN-2026-01,SITE-104,SITE-104-019,EOS,VS,1,TEMP,36.3
SYN-2026-01,SITE-104,SITE-104-019,EOS,VS,1,WEIGHT,80.5
SYN-2026-01,SITE-104,SITE-104-019,EOS,CM,1,CMTRT,Ibuprofen
SYN-2026-01,SITE-104,SITE-104-019,EOS,CM,1,CMINDC,Infection
SYN-2026-01,SITE-104,SITE-104-019,EOS,CM,1,CMSTDAT,2026-05-05
SYN-2026-01,SITE-104,SITE-104-019,EOS,DS,1,DSCOMP,Y
SYN-2026-01,SITE-104,SITE-104-019,EOS,DS,1,DSSTDAT,2026-06-17
SYN-2026-01,SITE-104,SITE-104-020,SCR,DM,1,BRTHDAT,2007-10-08
SYN-2026-01,SITE-104,SITE-104-020,SCR,DM,1,SEX,F
SYN-2026-01,SITE-104,SITE-104-020,SCR,DM,1,RFICDAT,2025-10-03
SYN-2026-01,SITE-104,SITE-104-020,SCR,DM,1,ARM,B
SYN-2026-01,SITE-104,SITE-104-020,SCR,IE,1,IEYN,Y
SYN-2026-01,SITE-104,SITE-104-020,SCR,IE,1,AGEELIG,Y
SYN-2026-01,SITE-104,SITE-104-020,SCR,VS,1,VSDAT,2025-10-02
SYN-2026-01,SITE-104,SITE-104-020,SCR,VS,1,SYSBP,121
SYN-2026-01,SITE-104,SITE-104-020,SCR,VS,1,DIABP,62
SYN-2026-01,SITE-104,SITE-104-020,SCR,VS,1,PULSE,81
SYN-2026-01,SITE-104,SITE-104-020,SCR,VS,1,TEMP,36.5
SYN-2026-01,SITE-104,SITE-104-020,SCR,VS,1,WEIGHT,82.9
SYN-2026-01,SITE-104,SITE-104-020,SCR,MH,1,MHTERM,Hypercholesterolaemia
SYN-2026-01,SITE-104,SITE-104-020,SCR,MH,1,MHSTDAT,2019-07-25
SYN-2026-01,SITE-104,SITE-104-020,SCR,MH,1,MHONGO,Y
SYN-2026-01,SITE-104,SITE-104-020,BASE,VS,1,VSDAT,2025-10-17
SYN-2026-01,SITE-104,SITE-104-020,BASE,VS,1,SYSBP,123
SYN-2026-01,SITE-104,SITE-104-020,BASE,VS,1,DIABP,87
SYN-2026-01,SITE-104,SITE-104-020,BASE,VS,1,PULSE,73
SYN-2026-01,SITE-104,SITE-104-020,BASE,VS,1,TEMP,36.5
SYN-2026-01,SITE-104,SITE-104-020,BASE,VS,1,WEIGHT,62.1
SYN-2026-01,SITE-104,SITE-104-020,BASE,EX,1,EXSTDAT,2025-10-17
SYN-2026-01,SITE-104,SITE-104-020,BASE,EX,1,EXDOSE,50
SYN-2026-01,SITE-104,SITE-104-020,BASE,EX,1,EXADJ,N
SYN-2026-01,SITE-104,SITE-104-020,WK4,VS,1,VSDAT,2025-11-12
SYN-2026-01,SITE-104,SITE-104-020,WK4,VS,1,SYSBP,114
SYN-2026-01,SITE-104,SITE-104-020,WK4,VS,1,DIABP,86
SYN-2026-01,SITE-104,SITE-104-020,WK4,VS,1,PULSE,81
SYN-2026-01,SITE-104,SITE-104-020,WK4,VS,1,WEIGHT,84.1
SYN-2026-01,SITE-104,SITE-104-020,WK4,EX,1,EXSTDAT,2025-11-12
SYN-2026-01,SITE-104,SITE-104-020,WK4,EX,1,EXDOSE,25
SYN-2026-01,SITE-104,SITE-104-020,WK4,EX,1,EXADJ,Y
SYN-2026-01,SITE-104,SITE-104-020,WK4,AE,1,AETERM,Upper respiratory tract infection
SYN-2026-01,SITE-104,SITE-104-020,WK4,AE,1,AESTDAT,2025-11-02
SYN-2026-01,SITE-104,SITE-104-020,WK4,AE,1,AEOUT,RECOVERED
SYN-2026-01,SITE-104,SITE-104-020,WK4,AE,1,AEENDAT,2025-11-10
SYN-2026-01,SITE-104,SITE-104-020,WK4,AE,1,AESEV,MILD
SYN-2026-01,SITE-104,SITE-104-020,WK4,AE,1,AESER,N
SYN-2026-01,SITE-104,SITE-104-020,WK4,AE,1,AEREL,POSSIBLE
SYN-2026-01,SITE-104,SITE-104-020,WK4,CM,1,CMTRT,Salbutamol
SYN-2026-01,SITE-104,SITE-104-020,WK4,CM,1,CMINDC,Pain
SYN-2026-01,SITE-104,SITE-104-020,WK4,CM,1,CMSTDAT,2025-10-09
SYN-2026-01,SITE-104,SITE-104-020,WK12,VS,1,VSDAT,2026-01-21
SYN-2026-01,SITE-104,SITE-104-020,WK12,VS,1,SYSBP,102
SYN-2026-01,SITE-104,SITE-104-020,WK12,VS,1,DIABP,90
SYN-2026-01,SITE-104,SITE-104-020,WK12,VS,1,PULSE,89
SYN-2026-01,SITE-104,SITE-104-020,WK12,VS,1,TEMP,36.6
SYN-2026-01,SITE-104,SITE-104-020,WK12,VS,1,WEIGHT,80.8
SYN-2026-01,SITE-104,SITE-104-020,WK12,EX,1,EXSTDAT,2026-01-21
SYN-2026-01,SITE-104,SITE-104-020,WK12,EX,1,EXDOSE,25
SYN-2026-01,SITE-104,SITE-104-020,WK12,EX,1,EXADJ,N
SYN-2026-01,SITE-104,SITE-104-020,WK12,AE,1,AETERM,sore throat and runny nose
SYN-2026-01,SITE-104,SITE-104-020,WK12,AE,1,AESTDAT,2026-01-04
SYN-2026-01,SITE-104,SITE-104-020,WK12,AE,1,AEOUT,RECOVERED
SYN-2026-01,SITE-104,SITE-104-020,WK12,AE,1,AEENDAT,2026-01-07
SYN-2026-01,SITE-104,SITE-104-020,WK12,AE,1,AESEV,MILD
SYN-2026-01,SITE-104,SITE-104-020,WK12,AE,1,AESER,N
SYN-2026-01,SITE-104,SITE-104-020,WK12,AE,1,AEREL,UNLIKELY
SYN-2026-01,SITE-104,SITE-104-020,WK12,CM,1,CMTRT,Salbutamol
SYN-2026-01,SITE-104,SITE-104-020,WK12,CM,1,CMSTDAT,2025-11-28
SYN-2026-01,SITE-104,SITE-104-020,WK12,CM,2,CMTRT,tylenol
SYN-2026-01,SITE-104,SITE-104-020,WK12,CM,2,CMINDC,Hypertension
SYN-2026-01,SITE-104,SITE-104-020,WK12,CM,2,CMSTDAT,2025-12-12
SYN-2026-01,SITE-104,SITE-104-020,WK12,CM,3,CMTRT,tylenol
SYN-2026-01,SITE-104,SITE-104-020,WK12,CM,3,CMSTDAT,2026-01-01
SYN-2026-01,SITE-104,SITE-104-020,EOS,VS,1,VSDAT,2026-04-03
SYN-2026-01,SITE-104,SITE-104-020,EOS,VS,1,SYSBP,136
SYN-2026-01,SITE-104,SITE-104-020,EOS,VS,1,DIABP,71
SYN-2026-01,SITE-104,SITE-104-020,EOS,VS,1,PULSE,88
SYN-2026-01,SITE-104,SITE-104-020,EOS,VS,1,TEMP,36.5
SYN-2026-01,SITE-104,SITE-104-020,EOS,VS,1,WEIGHT,69.8
SYN-2026-01,SITE-104,SITE-104-020,EOS,AE,1,AETERM,BP high
SYN-2026-01,SITE-104,SITE-104-020,EOS,AE,1,AESTDAT,2026-03-31
SYN-2026-01,SITE-104,SITE-104-020,EOS,AE,1,AEOUT,RECOVERED
SYN-2026-01,SITE-104,SITE-104-020,EOS,AE,1,AEENDAT,2026-04-02
SYN-2026-01,SITE-104,SITE-104-020,EOS,AE,1,AESEV,MILD
SYN-2026-01,SITE-104,SITE-104-020,EOS,AE,1,AESER,N
SYN-2026-01,SITE-104,SITE-104-020,EOS,AE,1,AEREL,UNLIKELY
SYN-2026-01,SITE-104,SITE-104-020,EOS,CM,1,CMTRT,Amoxicillin
SYN-2026-01,SITE-104,SITE-104-020,EOS,CM,1,CMINDC,Prophylaxis
SYN-2026-01,SITE-104,SITE-104-020,EOS,CM,1,CMSTDAT,2026-02-05
SYN-2026-01,SITE-104,SITE-104-020,EOS,CM,2,CMTRT,tylenol
SYN-2026-01,SITE-104,SITE-104-020,EOS,CM,2,CMINDC,Pain
SYN-2026-01,SITE-104,SITE-104-020,EOS,CM,2,CMSTDAT,2026-02-27
SYN-2026-01,SITE-104,SITE-104-020,EOS,CM,3,CMTRT,Salbutamol
SYN-2026-01,SITE-104,SITE-104-020,EOS,CM,3,CMINDC,Prophylaxis
SYN-2026-01,SITE-104,SITE-104-020,EOS,CM,3,CMSTDAT,2026-03-19
SYN-2026-01,SITE-104,SITE-104-020,EOS,DS,1,DSCOMP,Y
SYN-2026-01,SITE-104,SITE-104-020,EOS,DS,1,DSSTDAT,2026-04-03
SYN-2026-01,SITE-103,SITE-103-021,SCR,DM,1,BRTHDAT,2001-11-28
SYN-2026-01,SITE-103,SITE-103-021,SCR,DM,1,SEX,F
SYN-2026-01,SITE-103,SITE-103-021,SCR,DM,1,RFICDAT,2025-11-22
SYN-2026-01,SITE-103,SITE-103-021,SCR,DM,1,ARM,A
SYN-2026-01,SITE-103,SITE-103-021,SCR,IE,1,IEYN,Y
SYN-2026-01,SITE-103,SITE-103-021,SCR,IE,1,AGEELIG,Y
SYN-2026-01,SITE-103,SITE-103-021,SCR,VS,1,VSDAT,2025-11-30
SYN-2026-01,SITE-103,SITE-103-021,SCR,VS,1,SYSBP,123
SYN-2026-01,SITE-103,SITE-103-021,SCR,VS,1,DIABP,78
SYN-2026-01,SITE-103,SITE-103-021,SCR,VS,1,PULSE,64
SYN-2026-01,SITE-103,SITE-103-021,SCR,VS,1,TEMP,36.0
SYN-2026-01,SITE-103,SITE-103-021,SCR,VS,1,WEIGHT,65.5
SYN-2026-01,SITE-103,SITE-103-021,SCR,MH,1,MHTERM,Migraine
SYN-2026-01,SITE-103,SITE-103-021,SCR,MH,1,MHSTDAT,2022-02-20
SYN-2026-01,SITE-103,SITE-103-021,SCR,MH,1,MHONGO,Y
SYN-2026-01,SITE-103,SITE-103-021,BASE,VS,1,VSDAT,2025-12-08
SYN-2026-01,SITE-103,SITE-103-021,BASE,VS,1,SYSBP,139
SYN-2026-01,SITE-103,SITE-103-021,BASE,VS,1,DIABP,76
SYN-2026-01,SITE-103,SITE-103-021,BASE,VS,1,PULSE,67
SYN-2026-01,SITE-103,SITE-103-021,BASE,VS,1,WEIGHT,63.8
SYN-2026-01,SITE-103,SITE-103-021,BASE,EX,1,EXSTDAT,2025-12-08
SYN-2026-01,SITE-103,SITE-103-021,BASE,EX,1,EXDOSE,100
SYN-2026-01,SITE-103,SITE-103-021,BASE,EX,1,EXADJ,N
SYN-2026-01,SITE-103,SITE-103-021,WK4,VS,1,VSDAT,2026-01-01
SYN-2026-01,SITE-103,SITE-103-021,WK4,VS,1,SYSBP,145
SYN-2026-01,SITE-103,SITE-103-021,WK4,VS,1,DIABP,82
SYN-2026-01,SITE-103,SITE-103-021,WK4,VS,1,PULSE,58
SYN-2026-01,SITE-103,SITE-103-021,WK4,VS,1,WEIGHT,58.9
SYN-2026-01,SITE-103,SITE-103-021,WK4,EX,1,EXSTDAT,2026-01-01
SYN-2026-01,SITE-103,SITE-103-021,WK4,EX,1,EXDOSE,25
SYN-2026-01,SITE-103,SITE-103-021,WK4,EX,1,EXADJ,N
SYN-2026-01,SITE-103,SITE-103-021,WK4,CM,1,CMTRT,Metformin
SYN-2026-01,SITE-103,SITE-103-021,WK4,CM,1,CMINDC,Pain
SYN-2026-01,SITE-103,SITE-103-021,WK4,CM,1,CMSTDAT,2025-11-24
SYN-2026-01,SITE-103,SITE-103-021,WK4,DS,1,DSCOMP,N
SYN-2026-01,SITE-103,SITE-103-021,WK4,DS,1,DSTERM,Physician decision
SYN-2026-01,SITE-103,SITE-103-021,WK4,DS,1,DSSTDAT,2026-01-01
SYN-2026-01,SITE-105,SITE-105-022,SCR,DM,1,BRTHDAT,1981-11-17
SYN-2026-01,SITE-105,SITE-105-022,SCR,DM,1,SEX,F
SYN-2026-01,SITE-105,SITE-105-022,SCR,DM,1,RFICDAT,2025-11-06
SYN-2026-01,SITE-105,SITE-105-022,SCR,DM,1,ARM,A
SYN-2026-01,SITE-105,SITE-105-022,SCR,IE,1,IEYN,Y
SYN-2026-01,SITE-105,SITE-105-022,SCR,IE,1,AGEELIG,Y
SYN-2026-01,SITE-105,SITE-105-022,SCR,VS,1,VSDAT,2025-11-06
SYN-2026-01,SITE-105,SITE-105-022,SCR,VS,1,SYSBP,83
SYN-2026-01,SITE-105,SITE-105-022,SCR,VS,1,DIABP,134
SYN-2026-01,SITE-105,SITE-105-022,SCR,VS,1,PULSE,73
SYN-2026-01,SITE-105,SITE-105-022,SCR,VS,1,TEMP,36.4
SYN-2026-01,SITE-105,SITE-105-022,SCR,VS,1,WEIGHT,83.1
SYN-2026-01,SITE-105,SITE-105-022,SCR,MH,1,MHTERM,Osteoarthritis
SYN-2026-01,SITE-105,SITE-105-022,SCR,MH,1,MHSTDAT,2020-04-17
SYN-2026-01,SITE-105,SITE-105-022,SCR,MH,1,MHONGO,Y
SYN-2026-01,SITE-105,SITE-105-022,SCR,MH,2,MHTERM,Osteoarthritis
SYN-2026-01,SITE-105,SITE-105-022,SCR,MH,2,MHSTDAT,2018-08-18
SYN-2026-01,SITE-105,SITE-105-022,SCR,MH,2,MHONGO,N
SYN-2026-01,SITE-105,SITE-105-022,BASE,VS,1,VSDAT,2025-11-20
SYN-2026-01,SITE-105,SITE-105-022,BASE,VS,1,SYSBP,132
SYN-2026-01,SITE-105,SITE-105-022,BASE,VS,1,DIABP,91
SYN-2026-01,SITE-105,SITE-105-022,BASE,VS,1,PULSE,61
SYN-2026-01,SITE-105,SITE-105-022,BASE,VS,1,TEMP,36.3
SYN-2026-01,SITE-105,SITE-105-022,BASE,VS,1,WEIGHT,42.0
SYN-2026-01,SITE-105,SITE-105-022,BASE,EX,1,EXSTDAT,2025-11-20
SYN-2026-01,SITE-105,SITE-105-022,BASE,EX,1,EXDOSE,25
SYN-2026-01,SITE-105,SITE-105-022,BASE,EX,1,EXADJ,Y
SYN-2026-01,SITE-105,SITE-105-022,BASE,DS,1,DSCOMP,N
SYN-2026-01,SITE-105,SITE-105-022,BASE,DS,1,DSTERM,Adverse event
SYN-2026-01,SITE-105,SITE-105-022,BASE,DS,1,DSSTDAT,2025-11-20
SYN-2026-01,SITE-102,SITE-102-023,SCR,DM,1,BRTHDAT,1998-02-25
SYN-2026-01,SITE-102,SITE-102-023,SCR,DM,1,SEX,F
SYN-2026-01,SITE-102,SITE-102-023,SCR,DM,1,RFICDAT,2026-02-18
SYN-2026-01,SITE-102,SITE-102-023,SCR,DM,1,ARM,A
SYN-2026-01,SITE-102,SITE-102-023,SCR,IE,1,IEYN,Y
SYN-2026-01,SITE-102,SITE-102-023,SCR,IE,1,AGEELIG,Y
SYN-2026-01,SITE-102,SITE-102-023,SCR,VS,1,VSDAT,2026-02-15
SYN-2026-01,SITE-102,SITE-102-023,SCR,VS,1,SYSBP,121
SYN-2026-01,SITE-102,SITE-102-023,SCR,VS,1,DIABP,96
SYN-2026-01,SITE-102,SITE-102-023,SCR,VS,1,PULSE,87
SYN-2026-01,SITE-102,SITE-102-023,SCR,VS,1,TEMP,37.0
SYN-2026-01,SITE-102,SITE-102-023,SCR,VS,1,WEIGHT,73.0
SYN-2026-01,SITE-102,SITE-102-023,BASE,VS,1,VSDAT,2026-03-01
SYN-2026-01,SITE-102,SITE-102-023,BASE,VS,1,SYSBP,134
SYN-2026-01,SITE-102,SITE-102-023,BASE,VS,1,DIABP,65
SYN-2026-01,SITE-102,SITE-102-023,BASE,VS,1,PULSE,70
SYN-2026-01,SITE-102,SITE-102-023,BASE,VS,1,TEMP,36.5
SYN-2026-01,SITE-102,SITE-102-023,BASE,VS,1,WEIGHT,66.6
SYN-2026-01,SITE-102,SITE-102-023,BASE,EX,1,EXSTDAT,2026-03-01
SYN-2026-01,SITE-102,SITE-102-023,BASE,EX,1,EXDOSE,50
SYN-2026-01,SITE-102,SITE-102-023,BASE,EX,1,EXADJ,Y
SYN-2026-01,SITE-102,SITE-102-023,BASE,AE,1,AETERM,Dizziness
SYN-2026-01,SITE-102,SITE-102-023,BASE,AE,1,AESTDAT,2026-02-18
SYN-2026-01,SITE-102,SITE-102-023,BASE,AE,1,AEOUT,RECOVERING
SYN-2026-01,SITE-102,SITE-102-023,BASE,AE,1,AESEV,SEVERE
SYN-2026-01,SITE-102,SITE-102-023,BASE,AE,1,AESER,N
SYN-2026-01,SITE-102,SITE-102-023,BASE,AE,1,AEREL,NOT RELATED
SYN-2026-01,SITE-102,SITE-102-023,BASE,AE,2,AETERM,Cough
SYN-2026-01,SITE-102,SITE-102-023,BASE,AE,2,AESTDAT,2026-02-18
SYN-2026-01,SITE-102,SITE-102-023,BASE,AE,2,AEOUT,RECOVERED
SYN-2026-01,SITE-102,SITE-102-023,BASE,AE,2,AEENDAT,2026-03-10
SYN-2026-01,SITE-102,SITE-102-023,BASE,AE,2,AESEV,MILD
SYN-2026-01,SITE-102,SITE-102-023,BASE,AE,2,AESER,N
SYN-2026-01,SITE-102,SITE-102-023,BASE,AE,2,AEREL,RELATED
SYN-2026-01,SITE-102,SITE-102-023,WK4,VS,1,VSDAT,2026-03-31
SYN-2026-01,SITE-102,SITE-102-023,WK4,VS,1,SYSBP,125
SYN-2026-01,SITE-102,SITE-102-023,WK4,VS,1,DIABP,74
SYN-2026-01,SITE-102,SITE-102-023,WK4,VS,1,PULSE,79
SYN-2026-01,SITE-102,SITE-102-023,WK4,VS,1,TEMP,36.5
SYN-2026-01,SITE-102,SITE-102-023,WK4,VS,1,WEIGHT,58.6
SYN-2026-01,SITE-102,SITE-102-023,WK4,EX,1,EXSTDAT,2026-03-31
SYN-2026-01,SITE-102,SITE-102-023,WK4,EX,1,EXDOSE,50
SYN-2026-01,SITE-102,SITE-102-023,WK4,EX,1,EXADJ,N
SYN-2026-01,SITE-102,SITE-102-023,WK4,AE,1,AETERM,Fatigue
SYN-2026-01,SITE-102,SITE-102-023,WK4,AE,1,AESTDAT,2026-03-30
SYN-2026-01,SITE-102,SITE-102-023,WK4,AE,1,AEOUT,UNKNOWN
SYN-2026-01,SITE-102,SITE-102-023,WK4,AE,1,AESEV,MILD
SYN-2026-01,SITE-102,SITE-102-023,WK4,AE,1,AESER,N
SYN-2026-01,SITE-102,SITE-102-023,WK4,AE,1,AEREL,POSSIBLE
SYN-2026-01,SITE-102,SITE-102-023,WK4,AE,2,AETERM,Pruritus
SYN-2026-01,SITE-102,SITE-102-023,WK4,AE,2,AESTDAT,2026-03-16
SYN-2026-01,SITE-102,SITE-102-023,WK4,AE,2,AEOUT,RECOVERED
SYN-2026-01,SITE-102,SITE-102-023,WK4,AE,2,AEENDAT,2026-04-06
SYN-2026-01,SITE-102,SITE-102-023,WK4,AE,2,AESEV,MILD
SYN-2026-01,SITE-102,SITE-102-023,WK4,AE,2,AESER,Y
SYN-2026-01,SITE-102,SITE-102-023,WK4,AE,2,AEREL,NOT RELATED
SYN-2026-01,SITE-102,SITE-102-023,WK4,AE,2,AEACN,DOSE NOT CHANGED
SYN-2026-01,SITE-102,SITE-102-023,WK4,CM,1,CMTRT,Salbutamol
SYN-2026-01,SITE-102,SITE-102-023,WK4,CM,1,CMINDC,Infection
SYN-2026-01,SITE-102,SITE-102-023,WK4,CM,1,CMSTDAT,2026-02-06
SYN-2026-01,SITE-102,SITE-102-023,WK4,CM,2,CMTRT,Metformin
SYN-2026-01,SITE-102,SITE-102-023,WK4,CM,2,CMINDC,Infection
SYN-2026-01,SITE-102,SITE-102-023,WK4,CM,2,CMSTDAT,2026-02-26
SYN-2026-01,SITE-102,SITE-102-023,WK12,VS,1,VSDAT,2026-05-24
SYN-2026-01,SITE-102,SITE-102-023,WK12,VS,1,SYSBP,122
SYN-2026-01,SITE-102,SITE-102-023,WK12,VS,1,DIABP,91
SYN-2026-01,SITE-102,SITE-102-023,WK12,VS,1,PULSE,73
SYN-2026-01,SITE-102,SITE-102-023,WK12,VS,1,TEMP,37.1
SYN-2026-01,SITE-102,SITE-102-023,WK12,VS,1,WEIGHT,57.6
SYN-2026-01,SITE-102,SITE-102-023,WK12,EX,1,EXSTDAT,2026-05-24
SYN-2026-01,SITE-102,SITE-102-023,WK12,EX,1,EXDOSE,50
SYN-2026-01,SITE-102,SITE-102-023,WK12,EX,1,EXADJ,N
SYN-2026-01,SITE-102,SITE-102-023,WK12,CM,1,CMTRT,Metformin
SYN-2026-01,SITE-102,SITE-102-023,WK12,CM,1,CMINDC,Prophylaxis
SYN-2026-01,SITE-102,SITE-102-023,WK12,CM,1,CMSTDAT,2026-05-14
SYN-2026-01,SITE-102,SITE-102-023,WK12,CM,2,CMTRT,Atorvastatin
SYN-2026-01,SITE-102,SITE-102-023,WK12,CM,2,CMINDC,Prophylaxis
SYN-2026-01,SITE-102,SITE-102-023,WK12,CM,2,CMSTDAT,2026-04-05
SYN-2026-01,SITE-102,SITE-102-023,WK12,CM,3,CMTRT,Salbutamol
SYN-2026-01,SITE-102,SITE-102-023,WK12,CM,3,CMINDC,Hypertension
SYN-2026-01,SITE-102,SITE-102-023,WK12,CM,3,CMSTDAT,2026-04-02
SYN-2026-01,SITE-102,SITE-102-023,EOS,VS,1,VSDAT,2026-08-12
SYN-2026-01,SITE-102,SITE-102-023,EOS,VS,1,SYSBP,118
SYN-2026-01,SITE-102,SITE-102-023,EOS,VS,1,DIABP,79
SYN-2026-01,SITE-102,SITE-102-023,EOS,VS,1,PULSE,70
SYN-2026-01,SITE-102,SITE-102-023,EOS,VS,1,TEMP,36.8
SYN-2026-01,SITE-102,SITE-102-023,EOS,VS,1,WEIGHT,79.3
SYN-2026-01,SITE-102,SITE-102-023,EOS,AE,1,AETERM,feeling sick to stomach
SYN-2026-01,SITE-102,SITE-102-023,EOS,AE,1,AESTDAT,2026-07-26
SYN-2026-01,SITE-102,SITE-102-023,EOS,AE,1,AEOUT,RECOVERING
SYN-2026-01,SITE-102,SITE-102-023,EOS,AE,1,AESEV,MODERATE
SYN-2026-01,SITE-102,SITE-102-023,EOS,AE,1,AESER,N
SYN-2026-01,SITE-102,SITE-102-023,EOS,AE,1,AEREL,RELATED
SYN-2026-01,SITE-102,SITE-102-023,EOS,AE,2,AETERM,Upper respiratory tract infection
SYN-2026-01,SITE-102,SITE-102-023,EOS,AE,2,AESTDAT,2026-07-30
SYN-2026-01,SITE-102,SITE-102-023,EOS,AE,2,AEOUT,RECOVERING
SYN-2026-01,SITE-102,SITE-102-023,EOS,AE,2,AESEV,MILD
SYN-2026-01,SITE-102,SITE-102-023,EOS,AE,2,AESER,N
SYN-2026-01,SITE-102,SITE-102-023,EOS,AE,2,AEREL,NOT RELATED
SYN-2026-01,SITE-102,SITE-102-023,EOS,DS,1,DSCOMP,Y
SYN-2026-01,SITE-102,SITE-102-023,EOS,DS,1,DSSTDAT,2026-08-12
SYN-2026-01,SITE-102,SITE-102-024,SCR,DM,1,BRTHDAT,1997-10-13
SYN-2026-01,SITE-102,SITE-102-024,SCR,DM,1,SEX,M
SYN-2026-01,SITE-102,SITE-102-024,SCR,DM,1,RFICDAT,2025-10-06
SYN-2026-01,SITE-102,SITE-102-024,SCR,DM,1,ARM,B
SYN-2026-01,SITE-102,SITE-102-024,SCR,IE,1,IEYN,Y
SYN-2026-01,SITE-102,SITE-102-024,SCR,IE,1,AGEELIG,Y
SYN-2026-01,SITE-102,SITE-102-024,SCR,VS,1,VSDAT,2025-10-07
SYN-2026-01,SITE-102,SITE-102-024,SCR,VS,1,SYSBP,133
SYN-2026-01,SITE-102,SITE-102-024,SCR,VS,1,DIABP,79
SYN-2026-01,SITE-102,SITE-102-024,SCR,VS,1,PULSE,70
SYN-2026-01,SITE-102,SITE-102-024,SCR,VS,1,TEMP,37.5
SYN-2026-01,SITE-102,SITE-102-024,SCR,VS,1,WEIGHT,100.1
SYN-2026-01,SITE-102,SITE-102-024,SCR,MH,1,MHTERM,Type 2 diabetes mellitus
SYN-2026-01,SITE-102,SITE-102-024,SCR,MH,1,MHSTDAT,2022-11-23
SYN-2026-01,SITE-102,SITE-102-024,SCR,MH,1,MHONGO,N
SYN-2026-01,SITE-102,SITE-102-024,BASE,VS,1,VSDAT,2025-10-21
SYN-2026-01,SITE-102,SITE-102-024,BASE,VS,1,SYSBP,115
SYN-2026-01,SITE-102,SITE-102-024,BASE,VS,1,DIABP,68
SYN-2026-01,SITE-102,SITE-102-024,BASE,VS,1,PULSE,69
SYN-2026-01,SITE-102,SITE-102-024,BASE,VS,1,TEMP,37.0
SYN-2026-01,SITE-102,SITE-102-024,BASE,VS,1,WEIGHT,88.8
SYN-2026-01,SITE-102,SITE-102-024,BASE,EX,1,EXSTDAT,2025-10-21
SYN-2026-01,SITE-102,SITE-102-024,BASE,EX,1,EXDOSE,50
SYN-2026-01,SITE-102,SITE-102-024,BASE,EX,1,EXADJ,Y
SYN-2026-01,SITE-102,SITE-102-024,BASE,AE,1,AETERM,Pruritus
SYN-2026-01,SITE-102,SITE-102-024,BASE,AE,1,AESTDAT,2025-10-13
SYN-2026-01,SITE-102,SITE-102-024,BASE,AE,1,AEOUT,RECOVERING
SYN-2026-01,SITE-102,SITE-102-024,BASE,AE,1,AESEV,MILD
SYN-2026-01,SITE-102,SITE-102-024,BASE,AE,1,AESER,N
SYN-2026-01,SITE-102,SITE-102-024,BASE,AE,1,AEREL,POSSIBLE
SYN-2026-01,SITE-102,SITE-102-024,BASE,AE,2,AETERM,Pyrexia
SYN-2026-01,SITE-102,SITE-102-024,BASE,AE,2,AESTDAT,2025-10-17
SYN-2026-01,SITE-102,SITE-102-024,BASE,AE,2,AEOUT,RECOVERED
SYN-2026-01,SITE-102,SITE-102-024,BASE,AE,2,AEENDAT,2025-10-27
SYN-2026-01,SITE-102,SITE-102-024,BASE,AE,2,AESEV,SEVERE
SYN-2026-01,SITE-102,SITE-102-024,BASE,AE,2,AESER,N
SYN-2026-01,SITE-102,SITE-102-024,BASE,AE,2,AEREL,POSSIBLE
SYN-2026-01,SITE-102,SITE-102-024,WK4,VS,1,VSDAT,2025-11-18
SYN-2026-01,SITE-102,SITE-102-024,WK4,VS,1,SYSBP,126
SYN-2026-01,SITE-102,SITE-102-024,WK4,VS,1,DIABP,72
SYN-2026-01,SITE-102,SITE-102-024,WK4,VS,1,PULSE,61
SYN-2026-01,SITE-102,SITE-102-024,WK4,VS,1,TEMP,37.3
SYN-2026-01,SITE-102,SITE-102-024,WK4,VS,1,WEIGHT,111.5
SYN-2026-01,SITE-102,SITE-102-024,WK4,EX,1,EXSTDAT,2025-11-18
SYN-2026-01,SITE-102,SITE-102-024,WK4,EX,1,EXDOSE,100
SYN-2026-01,SITE-102,SITE-102-024,WK4,EX,1,EXADJ,N
SYN-2026-01,SITE-102,SITE-102-024,WK4,AE,1,AETERM,Cough
SYN-2026-01,SITE-102,SITE-102-024,WK4,AE,1,AESTDAT,2025-11-08
SYN-2026-01,SITE-102,SITE-102-024,WK4,AE,1,AEOUT,UNKNOWN
SYN-2026-01,SITE-102,SITE-102-024,WK4,AE,1,AESEV,MILD
SYN-2026-01,SITE-102,SITE-102-024,WK4,AE,1,AESER,N
SYN-2026-01,SITE-102,SITE-102-024,WK4,AE,1,AEREL,PROBABLE
SYN-2026-01,SITE-102,SITE-102-024,WK12,VS,1,VSDAT,2026-01-22
SYN-2026-01,SITE-102,SITE-102-024,WK12,VS,1,SYSBP,133
SYN-2026-01,SITE-102,SITE-102-024,WK12,VS,1,DIABP,71
SYN-2026-01,SITE-102,SITE-102-024,WK12,VS,1,PULSE,61
SYN-2026-01,SITE-102,SITE-102-024,WK12,VS,1,TEMP,37.0
SYN-2026-01,SITE-102,SITE-102-024,WK12,VS,1,WEIGHT,69.0
SYN-2026-01,SITE-102,SITE-102-024,WK12,EX,1,EXSTDAT,2026-01-22
SYN-2026-01,SITE-102,SITE-102-024,WK12,EX,1,EXDOSE,100
SYN-2026-01,SITE-102,SITE-102-024,WK12,EX,1,EXADJ,N
SYN-2026-01,SITE-102,SITE-102-024,WK12,AE,1,AETERM,Arthralgia
SYN-2026-01,SITE-102,SITE-102-024,WK12,AE,1,AESTDAT,2026-01-18
SYN-2026-01,SITE-102,SITE-102-024,WK12,AE,1,AEOUT,RECOVERING
SYN-2026-01,SITE-102,SITE-102-024,WK12,AE,1,AESEV,MILD
SYN-2026-01,SITE-102,SITE-102-024,WK12,AE,1,AESER,Y
SYN-2026-01,SITE-102,SITE-102-024,WK12,AE,1,AEREL,POSSIBLE
SYN-2026-01,SITE-102,SITE-102-024,EOS,VS,1,VSDAT,2026-04-07
SYN-2026-01,SITE-102,SITE-102-024,EOS,VS,1,SYSBP,143
SYN-2026-01,SITE-102,SITE-102-024,EOS,VS,1,DIABP,62
SYN-2026-01,SITE-102,SITE-102-024,EOS,VS,1,PULSE,77
SYN-2026-01,SITE-102,SITE-102-024,EOS,VS,1,TEMP,36.8
SYN-2026-01,SITE-102,SITE-102-024,EOS,VS,1,WEIGHT,47.8
SYN-2026-01,SITE-102,SITE-102-024,EOS,AE,1,AETERM,Upper respiratory tract infection
SYN-2026-01,SITE-102,SITE-102-024,EOS,AE,1,AESTDAT,2026-04-05
SYN-2026-01,SITE-102,SITE-102-024,EOS,AE,1,AEOUT,RECOVERED
SYN-2026-01,SITE-102,SITE-102-024,EOS,AE,1,AEENDAT,2026-04-22
SYN-2026-01,SITE-102,SITE-102-024,EOS,AE,1,AESEV,SEVERE
SYN-2026-01,SITE-102,SITE-102-024,EOS,AE,1,AESER,Y
SYN-2026-01,SITE-102,SITE-102-024,EOS,AE,1,AEREL,UNLIKELY
SYN-2026-01,SITE-102,SITE-102-024,EOS,AE,1,AEACN,DOSE NOT CHANGED
SYN-2026-01,SITE-102,SITE-102-024,EOS,DS,1,DSCOMP,Y
SYN-2026-01,SITE-102,SITE-102-024,EOS,DS,1,DSSTDAT,2026-04-07
SYN-2026-01,SITE-102,SITE-102-025,SCR,DM,1,BRTHDAT,1967-11-28
SYN-2026-01,SITE-102,SITE-102-025,SCR,DM,1,SEX,M
SYN-2026-01,SITE-102,SITE-102-025,SCR,DM,1,RFICDAT,2025-11-13
SYN-2026-01,SITE-102,SITE-102-025,SCR,DM,1,ARM,A
SYN-2026-01,SITE-102,SITE-102-025,SCR,IE,1,IEYN,Y
SYN-2026-01,SITE-102,SITE-102-025,SCR,IE,1,AGEELIG,Y
SYN-2026-01,SITE-102,SITE-102-025,SCR,VS,1,VSDAT,2025-11-22
SYN-2026-01,SITE-102,SITE-102-025,SCR,VS,1,SYSBP,136
SYN-2026-01,SITE-102,SITE-102-025,SCR,VS,1,DIABP,68
SYN-2026-01,SITE-102,SITE-102-025,SCR,VS,1,PULSE,83
SYN-2026-01,SITE-102,SITE-102-025,SCR,VS,1,TEMP,37.3
SYN-2026-01,SITE-102,SITE-102-025,SCR,VS,1,WEIGHT,90.8
SYN-2026-01,SITE-102,SITE-102-025,BASE,VS,1,VSDAT,2025-12-01
SYN-2026-01,SITE-102,SITE-102-025,BASE,VS,1,SYSBP,107
SYN-2026-01,SITE-102,SITE-102-025,BASE,VS,1,DIABP,79
SYN-2026-01,SITE-102,SITE-102-025,BASE,VS,1,PULSE,74
SYN-2026-01,SITE-102,SITE-102-025,BASE,VS,1,WEIGHT,81.1
SYN-2026-01,SITE-102,SITE-102-025,BASE,EX,1,EXSTDAT,2025-12-01
SYN-2026-01,SITE-102,SITE-102-025,BASE,EX,1,EXDOSE,50
SYN-2026-01,SITE-102,SITE-102-025,BASE,EX,1,EXADJ,N
SYN-2026-01,SITE-102,SITE-102-025,BASE,AE,1,AETERM,Arthralgia
SYN-2026-01,SITE-102,SITE-102-025,BASE,AE,1,AESTDAT,2025-11-20
SYN-2026-01,SITE-102,SITE-102-025,BASE,AE,1,AEOUT,RECOVERED
SYN-2026-01,SITE-102,SITE-102-025,BASE,AE,1,AEENDAT,2025-11-25
SYN-2026-01,SITE-102,SITE-102-025,BASE,AE,1,AESEV,SEVERE
SYN-2026-01,SITE-102,SITE-102-025,BASE,AE,1,AESER,N
SYN-2026-01,SITE-102,SITE-102-025,BASE,AE,1,AEREL,RELATED
SYN-2026-01,SITE-102,SITE-102-025,WK4,VS,1,VSDAT,2025-12-25
SYN-2026-01,SITE-102,SITE-102-025,WK4,VS,1,SYSBP,106
SYN-2026-01,SITE-102,SITE-102-025,WK4,VS,1,DIABP,87
SYN-2026-01,SITE-102,SITE-102-025,WK4,VS,1,PULSE,75
SYN-2026-01,SITE-102,SITE-102-025,WK4,VS,1,TEMP,36.7
SYN-2026-01,SITE-102,SITE-102-025,WK4,VS,1,WEIGHT,76.1
SYN-2026-01,SITE-102,SITE-102-025,WK4,EX,1,EXSTDAT,2025-12-25
SYN-2026-01,SITE-102,SITE-102-025,WK4,EX,1,EXDOSE,25
SYN-2026-01,SITE-102,SITE-102-025,WK4,EX,1,EXADJ,Y
SYN-2026-01,SITE-102,SITE-102-025,WK4,AE,1,AETERM,Vomiting
SYN-2026-01,SITE-102,SITE-102-025,WK4,AE,1,AESTDAT,2025-12-08
SYN-2026-01,SITE-102,SITE-102-025,WK4,AE,1,AEOUT,RECOVERED
SYN-2026-01,SITE-102,SITE-102-025,WK4,AE,1,AEENDAT,2025-12-21
SYN-2026-01,SITE-102,SITE-102-025,WK4,AE,1,AESEV,MILD
SYN-2026-01,SITE-102,SITE-102-025,WK4,AE,1,AESER,N
SYN-2026-01,SITE-102,SITE-102-025,WK4,AE,1,AEREL,RELATED
SYN-2026-01,SITE-102,SITE-102-025,WK4,AE,2,AETERM,Insomnia
SYN-2026-01,SITE-102,SITE-102-025,WK4,AE,2,AESTDAT,2025-12-21
SYN-2026-01,SITE-102,SITE-102-025,WK4,AE,2,AEOUT,NOT RECOVERED
SYN-2026-01,SITE-102,SITE-102-025,WK4,AE,2,AESEV,SEVERE
SYN-2026-01,SITE-102,SITE-102-025,WK4,AE,2,AESER,N
SYN-2026-01,SITE-102,SITE-102-025,WK4,AE,2,AEREL,UNLIKELY
SYN-2026-01,SITE-102,SITE-102-025,WK4,AE,3,AETERM,Arthralgia
SYN-2026-01,SITE-102,SITE-102-025,WK4,AE,3,AESTDAT,2025-12-24
SYN-2026-01,SITE-102,SITE-102-025,WK4,AE,3,AEOUT,RECOVERED
SYN-2026-01,SITE-102,SITE-102-025,WK4,AE,3,AEENDAT,2026-01-14
SYN-2026-01,SITE-102,SITE-102-025,WK4,AE,3,AESEV,MODERATE
SYN-2026-01,SITE-102,SITE-102-025,WK4,AE,3,AESER,N
SYN-2026-01,SITE-102,SITE-102-025,WK4,AE,3,AEREL,RELATED
SYN-2026-01,SITE-102,SITE-102-025,WK4,CM,1,CMTRT,Omeprazole
SYN-2026-01,SITE-102,SITE-102-025,WK4,CM,1,CMINDC,Infection
SYN-2026-01,SITE-102,SITE-102-025,WK4,CM,1,CMSTDAT,2025-11-05
SYN-2026-01,SITE-102,SITE-102-025,WK4,CM,2,CMTRT,Ibuprofen
SYN-2026-01,SITE-102,SITE-102-025,WK4,CM,2,CMINDC,Hypertension
SYN-2026-01,SITE-102,SITE-102-025,WK4,CM,2,CMSTDAT,2025-10-26
SYN-2026-01,SITE-102,SITE-102-025,WK12,VS,1,VSDAT,2026-02-22
SYN-2026-01,SITE-102,SITE-102-025,WK12,VS,1,SYSBP,134
SYN-2026-01,SITE-102,SITE-102-025,WK12,VS,1,DIABP,85
SYN-2026-01,SITE-102,SITE-102-025,WK12,VS,1,PULSE,81
SYN-2026-01,SITE-102,SITE-102-025,WK12,VS,1,TEMP,36.9
SYN-2026-01,SITE-102,SITE-102-025,WK12,VS,1,WEIGHT,82.8
SYN-2026-01,SITE-102,SITE-102-025,WK12,EX,1,EXSTDAT,2026-02-22
SYN-2026-01,SITE-102,SITE-102-025,WK12,EX,1,EXDOSE,50
SYN-2026-01,SITE-102,SITE-102-025,WK12,EX,1,EXADJ,Y
SYN-2026-01,SITE-102,SITE-102-025,WK12,AE,1,AETERM,Dizziness
SYN-2026-01,SITE-102,SITE-102-025,WK12,AE,1,AESTDAT,2026-02-12
SYN-2026-01,SITE-102,SITE-102-025,WK12,AE,1,AEOUT,RECOVERED
SYN-2026-01,SITE-102,SITE-102-025,WK12,AE,1,AEENDAT,2026-02-18
SYN-2026-01,SITE-102,SITE-102-025,WK12,AE,1,AESEV,MILD
SYN-2026-01,SITE-102,SITE-102-025,WK12,AE,1,AESER,N
SYN-2026-01,SITE-102,SITE-102-025,WK12,AE,1,AEREL,RELATED
SYN-2026-01,SITE-102,SITE-102-025,WK12,AE,2,AETERM,Back pain
SYN-2026-01,SITE-102,SITE-102-025,WK12,AE,2,AESTDAT,2026-02-04
SYN-2026-01,SITE-102,SITE-102-025,WK12,AE,2,AEOUT,RECOVERED
SYN-2026-01,SITE-102,SITE-102-025,WK12,AE,2,AEENDAT,2026-02-11
SYN-2026-01,SITE-102,SITE-102-025,WK12,AE,2,AESEV,MILD
SYN-2026-01,SITE-102,SITE-102-025,WK12,AE,2,AESER,N
SYN-2026-01,SITE-102,SITE-102-025,WK12,AE,2,AEREL,RELATED
SYN-2026-01,SITE-102,SITE-102-025,EOS,VS,1,VSDAT,2026-05-22
SYN-2026-01,SITE-102,SITE-102-025,EOS,VS,1,SYSBP,132
SYN-2026-01,SITE-102,SITE-102-025,EOS,VS,1,DIABP,81
SYN-2026-01,SITE-102,SITE-102-025,EOS,VS,1,PULSE,75
SYN-2026-01,SITE-102,SITE-102-025,EOS,VS,1,TEMP,36.5
SYN-2026-01,SITE-102,SITE-102-025,EOS,VS,1,WEIGHT,68.3
SYN-2026-01,SITE-102,SITE-102-025,EOS,AE,1,AETERM,head ache
SYN-2026-01,SITE-102,SITE-102-025,EOS,AE,1,AESTDAT,2026-05-07
SYN-2026-01,SITE-102,SITE-102-025,EOS,AE,1,AEOUT,RECOVERED
SYN-2026-01,SITE-102,SITE-102-025,EOS,AE,1,AEENDAT,2026-05-15
SYN-2026-01,SITE-102,SITE-102-025,EOS,AE,1,AESEV,MODERATE
SYN-2026-01,SITE-102,SITE-102-025,EOS,AE,1,AESER,N
SYN-2026-01,SITE-102,SITE-102-025,EOS,AE,1,AEREL,RELATED
SYN-2026-01,SITE-102,SITE-102-025,EOS,AE,2,AETERM,Cough
SYN-2026-01,SITE-102,SITE-102-025,EOS,AE,2,AESTDAT,2026-05-16
SYN-2026-01,SITE-102,SITE-102-025,EOS,AE,2,AEOUT,RECOVERED
SYN-2026-01,SITE-102,SITE-102-025,EOS,AE,2,AEENDAT,2026-05-22
SYN-2026-01,SITE-102,SITE-102-025,EOS,AE,2,AESEV,MILD
SYN-2026-01,SITE-102,SITE-102-025,EOS,AE,2,AESER,N
SYN-2026-01,SITE-102,SITE-102-025,EOS,AE,2,AEREL,NOT RELATED
SYN-2026-01,SITE-102,SITE-102-025,EOS,DS,1,DSCOMP,Y
SYN-2026-01,SITE-102,SITE-102-025,EOS,DS,1,DSSTDAT,2026-05-22
SYN-2026-01,SITE-102,SITE-102-026,SCR,DM,1,BRTHDAT,1971-10-17
SYN-2026-01,SITE-102,SITE-102-026,SCR,DM,1,SEX,M
SYN-2026-01,SITE-102,SITE-102-026,SCR,DM,1,RFICDAT,2025-10-03
SYN-2026-01,SITE-102,SITE-102-026,SCR,DM,1,ARM,A
SYN-2026-01,SITE-102,SITE-102-026,SCR,IE,1,IEYN,Y
SYN-2026-01,SITE-102,SITE-102-026,SCR,IE,1,AGEELIG,Y
SYN-2026-01,SITE-102,SITE-102-026,SCR,VS,1,VSDAT,2025-09-28
SYN-2026-01,SITE-102,SITE-102-026,SCR,VS,1,SYSBP,114
SYN-2026-01,SITE-102,SITE-102-026,SCR,VS,1,DIABP,79
SYN-2026-01,SITE-102,SITE-102-026,SCR,VS,1,PULSE,94
SYN-2026-01,SITE-102,SITE-102-026,SCR,VS,1,WEIGHT,80.5
SYN-2026-01,SITE-102,SITE-102-026,BASE,VS,1,VSDAT,2025-10-20
SYN-2026-01,SITE-102,SITE-102-026,BASE,VS,1,SYSBP,118
SYN-2026-01,SITE-102,SITE-102-026,BASE,VS,1,DIABP,81
SYN-2026-01,SITE-102,SITE-102-026,BASE,VS,1,PULSE,63
SYN-2026-01,SITE-102,SITE-102-026,BASE,VS,1,TEMP,37.4
SYN-2026-01,SITE-102,SITE-102-026,BASE,VS,1,WEIGHT,84.5
SYN-2026-01,SITE-102,SITE-102-026,BASE,EX,1,EXSTDAT,2025-10-20
SYN-2026-01,SITE-102,SITE-102-026,BASE,EX,1,EXDOSE,100
SYN-2026-01,SITE-102,SITE-102-026,BASE,EX,1,EXADJ,N
SYN-2026-01,SITE-102,SITE-102-026,BASE,AE,1,AETERM,head ache
SYN-2026-01,SITE-102,SITE-102-026,BASE,AE,1,AESTDAT,2025-10-03
SYN-2026-01,SITE-102,SITE-102-026,BASE,AE,1,AEOUT,RECOVERED
SYN-2026-01,SITE-102,SITE-102-026,BASE,AE,1,AEENDAT,2025-10-13
SYN-2026-01,SITE-102,SITE-102-026,BASE,AE,1,AESEV,MODERATE
SYN-2026-01,SITE-102,SITE-102-026,BASE,AE,1,AESER,N
SYN-2026-01,SITE-102,SITE-102-026,BASE,AE,1,AEREL,UNLIKELY
SYN-2026-01,SITE-102,SITE-102-026,BASE,AE,2,AETERM,tired all the time
SYN-2026-01,SITE-102,SITE-102-026,BASE,AE,2,AESTDAT,2025-10-12
SYN-2026-01,SITE-102,SITE-102-026,BASE,AE,2,AEOUT,NOT RECOVERED
SYN-2026-01,SITE-102,SITE-102-026,BASE,AE,2,AESEV,MODERATE
SYN-2026-01,SITE-102,SITE-102-026,BASE,AE,2,AESER,N
SYN-2026-01,SITE-102,SITE-102-026,BASE,AE,2,AEREL,NOT RELATED
SYN-2026-01,SITE-102,SITE-102-026,WK4,VS,1,VSDAT,2025-11-24
SYN-2026-01,SITE-102,SITE-102-026,WK4,VS,1,SYSBP,139
SYN-2026-01,SITE-102,SITE-102-026,WK4,VS,1,DIABP,87
SYN-2026-01,SITE-102,SITE-102-026,WK4,VS,1,PULSE,59
SYN-2026-01,SITE-102,SITE-102-026,WK4,VS,1,TEMP,37.0
SYN-2026-01,SITE-102,SITE-102-026,WK4,VS,1,WEIGHT,104.8
SYN-2026-01,SITE-102,SITE-102-026,WK4,EX,1,EXSTDAT,2025-11-24
SYN-2026-01,SITE-102,SITE-102-026,WK4,EX,1,EXDOSE,50
SYN-2026-01,SITE-102,SITE-102-026,WK4,EX,1,EXADJ,N
SYN-2026-01,SITE-102,SITE-102-026,WK4,AE,1,AETERM,Headache
SYN-2026-01,SITE-102,SITE-102-026,WK4,AE,1,AESTDAT,2025-11-06
SYN-2026-01,SITE-102,SITE-102-026,WK4,AE,1,AEOUT,NOT RECOVERED
SYN-2026-01,SITE-102,SITE-102-026,WK4,AE,1,AESEV,MILD
SYN-2026-01,SITE-102,SITE-102-026,WK4,AE,1,AESER,N
SYN-2026-01,SITE-102,SITE-102-026,WK4,AE,1,AEREL,UNLIKELY
SYN-2026-01,SITE-102,SITE-102-026,WK4,AE,2,AETERM,Vomiting
SYN-2026-01,SITE-102,SITE-102-026,WK4,AE,2,AESTDAT,2025-11-04
SYN-2026-01,SITE-102,SITE-102-026,WK4,AE,2,AEOUT,RECOVERED
SYN-2026-01,SITE-102,SITE-102-026,WK4,AE,2,AEENDAT,2025-11-21
SYN-2026-01,SITE-102,SITE-102-026,WK4,AE,2,AESEV,MODERATE
SYN-2026-01,SITE-102,SITE-102-026,WK4,AE,2,AESER,N
SYN-2026-01,SITE-102,SITE-102-026,WK4,AE,2,AEREL,UNLIKELY
SYN-2026-01,SITE-102,SITE-102-026,WK12,VS,1,VSDAT,2026-01-10
SYN-2026-01,SITE-102,SITE-102-026,WK12,VS,1,SYSBP,112
SYN-2026-01,SITE-102,SITE-102-026,WK12,VS,1,DIABP,86
SYN-2026-01,SITE-102,SITE-102-026,WK12,VS,1,PULSE,89
SYN-2026-01,SITE-102,SITE-102-026,WK12,VS,1,TEMP,36.5
SYN-2026-01,SITE-102,SITE-102-026,WK12,VS,1,WEIGHT,66.8
SYN-2026-01,SITE-102,SITE-102-026,WK12,EX,1,EXSTDAT,2026-01-10
SYN-2026-01,SITE-102,SITE-102-026,WK12,EX,1,EXDOSE,50
SYN-2026-01,SITE-102,SITE-102-026,WK12,EX,1,EXADJ,N
SYN-2026-01,SITE-102,SITE-102-026,WK12,AE,1,AETERM,Nausea
SYN-2026-01,SITE-102,SITE-102-026,WK12,AE,1,AESTDAT,2025-12-23
SYN-2026-01,SITE-102,SITE-102-026,WK12,AE,1,AEOUT,RECOVERED
SYN-2026-01,SITE-102,SITE-102-026,WK12,AE,1,AEENDAT,2025-12-26
SYN-2026-01,SITE-102,SITE-102-026,WK12,AE,1,AESEV,MILD
SYN-2026-01,SITE-102,SITE-102-026,WK12,AE,1,AESER,N
SYN-2026-01,SITE-102,SITE-102-026,WK12,AE,1,AEREL,RELATED
SYN-2026-01,SITE-102,SITE-102-026,WK12,CM,1,CMTRT,Paracetamol
SYN-2026-01,SITE-102,SITE-102-026,WK12,CM,1,CMINDC,Pain
SYN-2026-01,SITE-102,SITE-102-026,WK12,CM,1,CMSTDAT,2026-01-10
SYN-2026-01,SITE-102,SITE-102-026,WK12,CM,2,CMTRT,Paracetamol
SYN-2026-01,SITE-102,SITE-102-026,WK12,CM,2,CMINDC,Prophylaxis
SYN-2026-01,SITE-102,SITE-102-026,WK12,CM,2,CMSTDAT,2025-11-21
SYN-2026-01,SITE-102,SITE-102-026,WK12,CM,3,CMTRT,Amoxicillin
SYN-2026-01,SITE-102,SITE-102-026,WK12,CM,3,CMINDC,Prophylaxis
SYN-2026-01,SITE-102,SITE-102-026,WK12,CM,3,CMSTDAT,2025-12-04
SYN-2026-01,SITE-102,SITE-102-026,EOS,VS,1,VSDAT,2026-03-30
SYN-2026-01,SITE-102,SITE-102-026,EOS,VS,1,SYSBP,129
SYN-2026-01,SITE-102,SITE-102-026,EOS,VS,1,DIABP,86
SYN-2026-01,SITE-102,SITE-102-026,EOS,VS,1,PULSE,72
SYN-2026-01,SITE-102,SITE-102-026,EOS,VS,1,TEMP,36.7
SYN-2026-01,SITE-102,SITE-102-026,EOS,VS,1,WEIGHT,61.4
SYN-2026-01,SITE-102,SITE-102-026,EOS,AE,1,AETERM,Pruritus
SYN-2026-01,SITE-102,SITE-102-026,EOS,AE,1,AESTDAT,2026-03-25
SYN-2026-01,SITE-102,SITE-102-026,EOS,AE,1,AEOUT,RECOVERED
SYN-2026-01,SITE-102,SITE-102-026,EOS,AE,1,AEENDAT,2026-03-30
SYN-2026-01,SITE-102,SITE-102-026,EOS,AE,1,AESEV,MODERATE
SYN-2026-01,SITE-102,SITE-102-026,EOS,AE,1,AESER,N
SYN-2026-01,SITE-102,SITE-102-026,EOS,AE,1,AEREL,UNLIKELY
SYN-2026-01,SITE-102,SITE-102-026,EOS,AE,2,AETERM,Fatigue
SYN-2026-01,SITE-102,SITE-102-026,EOS,AE,2,AESTDAT,2026-03-15
SYN-2026-01,SITE-102,SITE-102-026,EOS,AE,2,AEOUT,RECOVERED
SYN-2026-01,SITE-102,SITE-102-026,EOS,AE,2,AEENDAT,2026-03-29
SYN-2026-01,SITE-102,SITE-102-026,EOS,AE,2,AESEV,MODERATE
SYN-2026-01,SITE-102,SITE-102-026,EOS,AE,2,AESER,N
SYN-2026-01,SITE-102,SITE-102-026,EOS,AE,2,AEREL,RELATED
SYN-2026-01,SITE-102,SITE-102-026,EOS,CM,1,CMTRT,tylenol
SYN-2026-01,SITE-102,SITE-102-026,EOS,CM,1,CMINDC,Hypertension
SYN-2026-01,SITE-102,SITE-102-026,EOS,CM,1,CMSTDAT,2026-02-08
SYN-2026-01,SITE-102,SITE-102-026,EOS,DS,1,DSCOMP,Y
SYN-2026-01,SITE-102,SITE-102-026,EOS,DS,1,DSSTDAT,2026-03-30
SYN-2026-01,SITE-102,SITE-102-027,SCR,DM,1,BRTHDAT,1991-11-18
SYN-2026-01,SITE-102,SITE-102-027,SCR,DM,1,SEX,F
SYN-2026-01,SITE-102,SITE-102-027,SCR,DM,1,RFICDAT,2025-11-09
SYN-2026-01,SITE-102,SITE-102-027,SCR,DM,1,ARM,B
SYN-2026-01,SITE-102,SITE-102-027,SCR,IE,1,IEYN,Y
SYN-2026-01,SITE-102,SITE-102-027,SCR,IE,1,AGEELIG,Y
SYN-2026-01,SITE-102,SITE-102-027,SCR,VS,1,VSDAT,2025-11-11
SYN-2026-01,SITE-102,SITE-102-027,SCR,VS,1,SYSBP,136
SYN-2026-01,SITE-102,SITE-102-027,SCR,VS,1,DIABP,72
SYN-2026-01,SITE-102,SITE-102-027,SCR,VS,1,PULSE,78
SYN-2026-01,SITE-102,SITE-102-027,SCR,VS,1,TEMP,36.5
SYN-2026-01,SITE-102,SITE-102-027,SCR,VS,1,WEIGHT,60.1
SYN-2026-01,SITE-102,SITE-102-027,SCR,MH,1,MHTERM,Osteoarthritis
SYN-2026-01,SITE-102,SITE-102-027,SCR,MH,1,MHSTDAT,2018-09-07
SYN-2026-01,SITE-102,SITE-102-027,SCR,MH,1,MHONGO,Y
SYN-2026-01,SITE-102,SITE-102-027,BASE,VS,1,VSDAT,2025-11-23
SYN-2026-01,SITE-102,SITE-102-027,BASE,VS,1,SYSBP,135
SYN-2026-01,SITE-102,SITE-102-027,BASE,VS,1,DIABP,89
SYN-2026-01,SITE-102,SITE-102-027,BASE,VS,1,PULSE,54
SYN-2026-01,SITE-102,SITE-102-027,BASE,VS,1,WEIGHT,95.1
SYN-2026-01,SITE-102,SITE-102-027,BASE,EX,1,EXSTDAT,2025-11-23
SYN-2026-01,SITE-102,SITE-102-027,BASE,EX,1,EXDOSE,100
SYN-2026-01,SITE-102,SITE-102-027,BASE,EX,1,EXADJ,N
SYN-2026-01,SITE-102,SITE-102-027,BASE,AE,1,AETERM,Back pain
SYN-2026-01,SITE-102,SITE-102-027,BASE,AE,1,AESTDAT,2025-11-11
SYN-2026-01,SITE-102,SITE-102-027,BASE,AE,1,AEOUT,RECOVERED
SYN-2026-01,SITE-102,SITE-102-027,BASE,AE,1,AEENDAT,2025-11-25
SYN-2026-01,SITE-102,SITE-102-027,BASE,AE,1,AESEV,MODERATE
SYN-2026-01,SITE-102,SITE-102-027,BASE,AE,1,AESER,N
SYN-2026-01,SITE-102,SITE-102-027,BASE,AE,1,AEREL,PROBABLE
SYN-2026-01,SITE-102,SITE-102-027,WK4,VS,1,VSDAT,2025-12-23
SYN-2026-01,SITE-102,SITE-102-027,WK4,VS,1,SYSBP,131
SYN-2026-01,SITE-102,SITE-102-027,WK4,VS,1,DIABP,84
SYN-2026-01,SITE-102,SITE-102-027,WK4,VS,1,PULSE,77
SYN-2026-01,SITE-102,SITE-102-027,WK4,VS,1,TEMP,36.3
SYN-2026-01,SITE-102,SITE-102-027,WK4,VS,1,WEIGHT,85.5
SYN-2026-01,SITE-102,SITE-102-027,WK4,EX,1,EXSTDAT,2025-12-23
SYN-2026-01,SITE-102,SITE-102-027,WK4,EX,1,EXDOSE,100
SYN-2026-01,SITE-102,SITE-102-027,WK4,EX,1,EXADJ,N
SYN-2026-01,SITE-102,SITE-102-027,WK4,CM,1,CMTRT,Omeprazole
SYN-2026-01,SITE-102,SITE-102-027,WK4,CM,1,CMINDC,Hypertension
SYN-2026-01,SITE-102,SITE-102-027,WK4,CM,1,CMSTDAT,2025-12-11
SYN-2026-01,SITE-102,SITE-102-027,WK4,CM,2,CMTRT,Ibuprofen
SYN-2026-01,SITE-102,SITE-102-027,WK4,CM,2,CMINDC,Prophylaxis
SYN-2026-01,SITE-102,SITE-102-027,WK4,CM,2,CMSTDAT,2025-12-01
SYN-2026-01,SITE-102,SITE-102-027,WK12,VS,1,VSDAT,2026-02-17
SYN-2026-01,SITE-102,SITE-102-027,WK12,VS,1,SYSBP,139
SYN-2026-01,SITE-102,SITE-102-027,WK12,VS,1,DIABP,76
SYN-2026-01,SITE-102,SITE-102-027,WK12,VS,1,PULSE,69
SYN-2026-01,SITE-102,SITE-102-027,WK12,VS,1,TEMP,36.6
SYN-2026-01,SITE-102,SITE-102-027,WK12,VS,1,WEIGHT,67.9
SYN-2026-01,SITE-102,SITE-102-027,WK12,EX,1,EXSTDAT,2026-02-17
SYN-2026-01,SITE-102,SITE-102-027,WK12,EX,1,EXDOSE,50
SYN-2026-01,SITE-102,SITE-102-027,WK12,EX,1,EXADJ,Y
SYN-2026-01,SITE-102,SITE-102-027,WK12,CM,1,CMTRT,Amoxicillin
SYN-2026-01,SITE-102,SITE-102-027,WK12,CM,1,CMINDC,Hypertension
SYN-2026-01,SITE-102,SITE-102-027,WK12,CM,1,CMSTDAT,2026-01-23
SYN-2026-01,SITE-102,SITE-102-027,WK12,DS,1,DSCOMP,N
SYN-2026-01,SITE-102,SITE-102-027,WK12,DS,1,DSSTDAT,2026-02-17
SYN-2026-01,SITE-102,SITE-102-028,SCR,DM,1,BRTHDAT,1962-03-15
SYN-2026-01,SITE-102,SITE-102-028,SCR,DM,1,SEX,F
SYN-2026-01,SITE-102,SITE-102-028,SCR,DM,1,RFICDAT,2026-02-27
SYN-2026-01,SITE-102,SITE-102-028,SCR,DM,1,ARM,B
SYN-2026-01,SITE-102,SITE-102-028,SCR,IE,1,IEYN,Y
SYN-2026-01,SITE-102,SITE-102-028,SCR,IE,1,AGEELIG,Y
SYN-2026-01,SITE-102,SITE-102-028,SCR,VS,1,VSDAT,2026-03-02
SYN-2026-01,SITE-102,SITE-102-028,SCR,VS,1,SYSBP,125
SYN-2026-01,SITE-102,SITE-102-028,SCR,VS,1,DIABP,75
SYN-2026-01,SITE-102,SITE-102-028,SCR,VS,1,PULSE,70
SYN-2026-01,SITE-102,SITE-102-028,SCR,VS,1,TEMP,36.4
SYN-2026-01,SITE-102,SITE-102-028,SCR,VS,1,WEIGHT,95.6
SYN-2026-01,SITE-102,SITE-102-028,BASE,VS,1,VSDAT,2026-03-11
SYN-2026-01,SITE-102,SITE-102-028,BASE,VS,1,SYSBP,145
SYN-2026-01,SITE-102,SITE-102-028,BASE,VS,1,DIABP,78
SYN-2026-01,SITE-102,SITE-102-028,BASE,VS,1,PULSE,58
SYN-2026-01,SITE-102,SITE-102-028,BASE,VS,1,TEMP,37.1
SYN-2026-01,SITE-102,SITE-102-028,BASE,VS,1,WEIGHT,44.3
SYN-2026-01,SITE-102,SITE-102-028,BASE,EX,1,EXSTDAT,2026-03-11
SYN-2026-01,SITE-102,SITE-102-028,BASE,EX,1,EXDOSE,50
SYN-2026-01,SITE-102,SITE-102-028,BASE,EX,1,EXADJ,Y
SYN-2026-01,SITE-102,SITE-102-028,WK4,VS,1,VSDAT,2026-04-09
SYN-2026-01,SITE-102,SITE-102-028,WK4,VS,1,SYSBP,111
SYN-2026-01,SITE-102,SITE-102-028,WK4,VS,1,DIABP,96
SYN-2026-01,SITE-102,SITE-102-028,WK4,VS,1,PULSE,76
SYN-2026-01,SITE-102,SITE-102-028,WK4,VS,1,TEMP,36.5
SYN-2026-01,SITE-102,SITE-102-028,WK4,VS,1,WEIGHT,71.2
SYN-2026-01,SITE-102,SITE-102-028,WK4,EX,1,EXSTDAT,2026-04-09
SYN-2026-01,SITE-102,SITE-102-028,WK4,EX,1,EXDOSE,50
SYN-2026-01,SITE-102,SITE-102-028,WK4,EX,1,EXADJ,Y
SYN-2026-01,SITE-102,SITE-102-028,WK12,VS,1,VSDAT,2026-05-31
SYN-2026-01,SITE-102,SITE-102-028,WK12,VS,1,SYSBP,119
SYN-2026-01,SITE-102,SITE-102-028,WK12,VS,1,DIABP,85
SYN-2026-01,SITE-102,SITE-102-028,WK12,VS,1,PULSE,73
SYN-2026-01,SITE-102,SITE-102-028,WK12,VS,1,TEMP,37.1
SYN-2026-01,SITE-102,SITE-102-028,WK12,VS,1,WEIGHT,87.6
SYN-2026-01,SITE-102,SITE-102-028,WK12,EX,1,EXSTDAT,2026-05-31
SYN-2026-01,SITE-102,SITE-102-028,WK12,EX,1,EXDOSE,50
SYN-2026-01,SITE-102,SITE-102-028,WK12,EX,1,EXADJ,Y
SYN-2026-01,SITE-102,SITE-102-028,WK12,AE,1,AETERM,Upper respiratory tract infection
SYN-2026-01,SITE-102,SITE-102-028,WK12,AE,1,AESTDAT,2026-05-30
SYN-2026-01,SITE-102,SITE-102-028,WK12,AE,1,AEOUT,RECOVERED
SYN-2026-01,SITE-102,SITE-102-028,WK12,AE,1,AEENDAT,2026-06-13
SYN-2026-01,SITE-102,SITE-102-028,WK12,AE,1,AESEV,MODERATE
SYN-2026-01,SITE-102,SITE-102-028,WK12,AE,1,AESER,N
SYN-2026-01,SITE-102,SITE-102-028,WK12,AE,1,AEREL,RELATED
SYN-2026-01,SITE-102,SITE-102-028,EOS,VS,1,VSDAT,2026-08-19
SYN-2026-01,SITE-102,SITE-102-028,EOS,VS,1,SYSBP,134
SYN-2026-01,SITE-102,SITE-102-028,EOS,VS,1,DIABP,91
SYN-2026-01,SITE-102,SITE-102-028,EOS,VS,1,PULSE,73
SYN-2026-01,SITE-102,SITE-102-028,EOS,VS,1,TEMP,35.7
SYN-2026-01,SITE-102,SITE-102-028,EOS,VS,1,WEIGHT,87.8
SYN-2026-01,SITE-102,SITE-102-028,EOS,AE,1,AETERM,head ache
SYN-2026-01,SITE-102,SITE-102-028,EOS,AE,1,AESTDAT,2026-07-31
SYN-2026-01,SITE-102,SITE-102-028,EOS,AE,1,AEOUT,RECOVERED
SYN-2026-01,SITE-102,SITE-102-028,EOS,AE,1,AEENDAT,2026-08-18
SYN-2026-01,SITE-102,SITE-102-028,EOS,AE,1,AESEV,MILD
SYN-2026-01,SITE-102,SITE-102-028,EOS,AE,1,AESER,N
SYN-2026-01,SITE-102,SITE-102-028,EOS,AE,1,AEREL,UNLIKELY
SYN-2026-01,SITE-102,SITE-102-028,EOS,AE,2,AETERM,felt off
SYN-2026-01,SITE-102,SITE-102-028,EOS,AE,2,AESTDAT,2026-08-12
SYN-2026-01,SITE-102,SITE-102-028,EOS,AE,2,AEOUT,RECOVERED
SYN-2026-01,SITE-102,SITE-102-028,EOS,AE,2,AEENDAT,2026-08-21
SYN-2026-01,SITE-102,SITE-102-028,EOS,AE,2,AESEV,MILD
SYN-2026-01,SITE-102,SITE-102-028,EOS,AE,2,AESER,N
SYN-2026-01,SITE-102,SITE-102-028,EOS,AE,2,AEREL,NOT RELATED
SYN-2026-01,SITE-102,SITE-102-028,EOS,CM,1,CMTRT,Omeprazole
SYN-2026-01,SITE-102,SITE-102-028,EOS,CM,1,CMINDC,Pain
SYN-2026-01,SITE-102,SITE-102-028,EOS,CM,1,CMSTDAT,2026-07-10
SYN-2026-01,SITE-102,SITE-102-028,EOS,DS,1,DSCOMP,Y
SYN-2026-01,SITE-102,SITE-102-028,EOS,DS,1,DSSTDAT,2026-08-19
SYN-2026-01,SITE-104,SITE-104-029,SCR,DM,1,BRTHDAT,2003-03-25
SYN-2026-01,SITE-104,SITE-104-029,SCR,DM,1,SEX,F
SYN-2026-01,SITE-104,SITE-104-029,SCR,DM,1,RFICDAT,2026-03-19
SYN-2026-01,SITE-104,SITE-104-029,SCR,DM,1,ARM,A
SYN-2026-01,SITE-104,SITE-104-029,SCR,IE,1,IEYN,Y
SYN-2026-01,SITE-104,SITE-104-029,SCR,IE,1,AGEELIG,Y
SYN-2026-01,SITE-104,SITE-104-029,SCR,VS,1,VSDAT,2026-03-20
SYN-2026-01,SITE-104,SITE-104-029,SCR,VS,1,SYSBP,126
SYN-2026-01,SITE-104,SITE-104-029,SCR,VS,1,DIABP,78
SYN-2026-01,SITE-104,SITE-104-029,SCR,VS,1,PULSE,101
SYN-2026-01,SITE-104,SITE-104-029,SCR,VS,1,TEMP,36.7
SYN-2026-01,SITE-104,SITE-104-029,SCR,VS,1,WEIGHT,65.1
SYN-2026-01,SITE-104,SITE-104-029,SCR,MH,1,MHTERM,Hypercholesterolaemia
SYN-2026-01,SITE-104,SITE-104-029,SCR,MH,1,MHSTDAT,2024-01-04
SYN-2026-01,SITE-104,SITE-104-029,SCR,MH,1,MHONGO,N
SYN-2026-01,SITE-104,SITE-104-029,BASE,VS,1,VSDAT,2026-04-03
SYN-2026-01,SITE-104,SITE-104-029,BASE,VS,1,SYSBP,137
SYN-2026-01,SITE-104,SITE-104-029,BASE,VS,1,DIABP,95
SYN-2026-01,SITE-104,SITE-104-029,BASE,VS,1,PULSE,59
SYN-2026-01,SITE-104,SITE-104-029,BASE,VS,1,TEMP,37.4
SYN-2026-01,SITE-104,SITE-104-029,BASE,VS,1,WEIGHT,96.9
SYN-2026-01,SITE-104,SITE-104-029,BASE,EX,1,EXSTDAT,2026-04-03
SYN-2026-01,SITE-104,SITE-104-029,BASE,EX,1,EXDOSE,50
SYN-2026-01,SITE-104,SITE-104-029,BASE,EX,1,EXADJ,N
SYN-2026-01,SITE-104,SITE-104-029,BASE,AE,1,AETERM,Rash
SYN-2026-01,SITE-104,SITE-104-029,BASE,AE,1,AESTDAT,2026-03-29
SYN-2026-01,SITE-104,SITE-104-029,BASE,AE,1,AEOUT,NOT RECOVERED
SYN-2026-01,SITE-104,SITE-104-029,BASE,AE,1,AESEV,MODERATE
SYN-2026-01,SITE-104,SITE-104-029,BASE,AE,1,AESER,N
SYN-2026-01,SITE-104,SITE-104-029,BASE,AE,1,AEREL,UNLIKELY
SYN-2026-01,SITE-104,SITE-104-029,WK4,VS,1,VSDAT,2026-04-27
SYN-2026-01,SITE-104,SITE-104-029,WK4,VS,1,SYSBP,112
SYN-2026-01,SITE-104,SITE-104-029,WK4,VS,1,DIABP,98
SYN-2026-01,SITE-104,SITE-104-029,WK4,VS,1,PULSE,76
SYN-2026-01,SITE-104,SITE-104-029,WK4,VS,1,TEMP,36.7
SYN-2026-01,SITE-104,SITE-104-029,WK4,VS,1,WEIGHT,78.3
SYN-2026-01,SITE-104,SITE-104-029,WK4,EX,1,EXSTDAT,2026-04-27
SYN-2026-01,SITE-104,SITE-104-029,WK4,EX,1,EXDOSE,50
SYN-2026-01,SITE-104,SITE-104-029,WK4,EX,1,EXADJ,N
SYN-2026-01,SITE-104,SITE-104-029,WK4,AE,1,AETERM,felt off
SYN-2026-01,SITE-104,SITE-104-029,WK4,AE,1,AESTDAT,2026-04-18
SYN-2026-01,SITE-104,SITE-104-029,WK4,AE,1,AEOUT,RECOVERED
SYN-2026-01,SITE-104,SITE-104-029,WK4,AE,1,AEENDAT,2026-04-19
SYN-2026-01,SITE-104,SITE-104-029,WK4,AE,1,AESEV,MODERATE
SYN-2026-01,SITE-104,SITE-104-029,WK4,AE,1,AESER,N
SYN-2026-01,SITE-104,SITE-104-029,WK4,AE,1,AEREL,NOT RELATED
SYN-2026-01,SITE-104,SITE-104-029,WK4,AE,2,AETERM,Dizziness
SYN-2026-01,SITE-104,SITE-104-029,WK4,AE,2,AESTDAT,2026-04-21
SYN-2026-01,SITE-104,SITE-104-029,WK4,AE,2,AEOUT,RECOVERED
SYN-2026-01,SITE-104,SITE-104-029,WK4,AE,2,AEENDAT,2026-05-11
SYN-2026-01,SITE-104,SITE-104-029,WK4,AE,2,AESEV,MODERATE
SYN-2026-01,SITE-104,SITE-104-029,WK4,AE,2,AESER,N
SYN-2026-01,SITE-104,SITE-104-029,WK4,AE,2,AEREL,UNLIKELY
SYN-2026-01,SITE-104,SITE-104-029,WK4,CM,1,CMTRT,tylenol
SYN-2026-01,SITE-104,SITE-104-029,WK4,CM,1,CMINDC,Infection
SYN-2026-01,SITE-104,SITE-104-029,WK4,CM,1,CMSTDAT,2026-04-15
SYN-2026-01,SITE-104,SITE-104-029,WK12,VS,1,VSDAT,2026-06-27
SYN-2026-01,SITE-104,SITE-104-029,WK12,VS,1,SYSBP,138
SYN-2026-01,SITE-104,SITE-104-029,WK12,VS,1,DIABP,87
SYN-2026-01,SITE-104,SITE-104-029,WK12,VS,1,PULSE,62
SYN-2026-01,SITE-104,SITE-104-029,WK12,VS,1,TEMP,36.5
SYN-2026-01,SITE-104,SITE-104-029,WK12,VS,1,WEIGHT,53.5
SYN-2026-01,SITE-104,SITE-104-029,WK12,EX,1,EXSTDAT,2026-06-27
SYN-2026-01,SITE-104,SITE-104-029,WK12,EX,1,EXDOSE,50
SYN-2026-01,SITE-104,SITE-104-029,WK12,EX,1,EXADJ,Y
SYN-2026-01,SITE-104,SITE-104-029,WK12,CM,1,CMTRT,Ibuprofen
SYN-2026-01,SITE-104,SITE-104-029,WK12,CM,1,CMINDC,Infection
SYN-2026-01,SITE-104,SITE-104-029,WK12,CM,1,CMSTDAT,2026-05-04
SYN-2026-01,SITE-104,SITE-104-029,WK12,CM,2,CMTRT,Metformin
SYN-2026-01,SITE-104,SITE-104-029,WK12,CM,2,CMINDC,Hypertension
SYN-2026-01,SITE-104,SITE-104-029,WK12,CM,2,CMSTDAT,2026-04-30
SYN-2026-01,SITE-104,SITE-104-029,WK12,CM,3,CMTRT,Atorvastatin
SYN-2026-01,SITE-104,SITE-104-029,WK12,CM,3,CMINDC,Prophylaxis
SYN-2026-01,SITE-104,SITE-104-029,WK12,CM,3,CMSTDAT,2026-05-18
SYN-2026-01,SITE-104,SITE-104-029,EOS,VS,1,VSDAT,2026-09-16
SYN-2026-01,SITE-104,SITE-104-029,EOS,VS,1,SYSBP,137
SYN-2026-01,SITE-104,SITE-104-029,EOS,VS,1,DIABP,88
SYN-2026-01,SITE-104,SITE-104-029,EOS,VS,1,PULSE,79
SYN-2026-01,SITE-104,SITE-104-029,EOS,VS,1,TEMP,37.2
SYN-2026-01,SITE-104,SITE-104-029,EOS,VS,1,WEIGHT,74.4
SYN-2026-01,SITE-104,SITE-104-029,EOS,AE,1,AETERM,BP high
SYN-2026-01,SITE-104,SITE-104-029,EOS,AE,1,AESTDAT,2026-08-28
SYN-2026-01,SITE-104,SITE-104-029,EOS,AE,1,AEOUT,RECOVERED
SYN-2026-01,SITE-104,SITE-104-029,EOS,AE,1,AEENDAT,2026-09-12
SYN-2026-01,SITE-104,SITE-104-029,EOS,AE,1,AESEV,MILD
SYN-2026-01,SITE-104,SITE-104-029,EOS,AE,1,AESER,N
SYN-2026-01,SITE-104,SITE-104-029,EOS,AE,1,AEREL,UNLIKELY
SYN-2026-01,SITE-104,SITE-104-029,EOS,AE,2,AETERM,Upper respiratory tract infection
SYN-2026-01,SITE-104,SITE-104-029,EOS,AE,2,AESTDAT,2026-09-11
SYN-2026-01,SITE-104,SITE-104-029,EOS,AE,2,AEOUT,RECOVERED
SYN-2026-01,SITE-104,SITE-104-029,EOS,AE,2,AEENDAT,2026-09-27
SYN-2026-01,SITE-104,SITE-104-029,EOS,AE,2,AESEV,MILD
SYN-2026-01,SITE-104,SITE-104-029,EOS,AE,2,AESER,Y
SYN-2026-01,SITE-104,SITE-104-029,EOS,AE,2,AEREL,POSSIBLE
SYN-2026-01,SITE-104,SITE-104-029,EOS,AE,2,AEACN,DOSE NOT CHANGED
SYN-2026-01,SITE-104,SITE-104-029,EOS,AE,3,AETERM,Pruritus
SYN-2026-01,SITE-104,SITE-104-029,EOS,AE,3,AESTDAT,2026-09-04
SYN-2026-01,SITE-104,SITE-104-029,EOS,AE,3,AEOUT,RECOVERING
SYN-2026-01,SITE-104,SITE-104-029,EOS,AE,3,AESEV,MODERATE
SYN-2026-01,SITE-104,SITE-104-029,EOS,AE,3,AESER,N
SYN-2026-01,SITE-104,SITE-104-029,EOS,AE,3,AEREL,PROBABLE
SYN-2026-01,SITE-104,SITE-104-029,EOS,CM,1,CMTRT,advil
SYN-2026-01,SITE-104,SITE-104-029,EOS,CM,1,CMINDC,Infection
SYN-2026-01,SITE-104,SITE-104-029,EOS,CM,1,CMSTDAT,2026-07-23
SYN-2026-01,SITE-104,SITE-104-029,EOS,DS,1,DSCOMP,Y
SYN-2026-01,SITE-104,SITE-104-029,EOS,DS,1,DSSTDAT,2026-09-16
SYN-2026-01,SITE-105,SITE-105-030,SCR,DM,1,BRTHDAT,1952-04-08
SYN-2026-01,SITE-105,SITE-105-030,SCR,DM,1,SEX,F
SYN-2026-01,SITE-105,SITE-105-030,SCR,DM,1,RFICDAT,2026-03-21
SYN-2026-01,SITE-105,SITE-105-030,SCR,DM,1,ARM,A
SYN-2026-01,SITE-105,SITE-105-030,SCR,IE,1,IEYN,Y
SYN-2026-01,SITE-105,SITE-105-030,SCR,IE,1,AGEELIG,Y
SYN-2026-01,SITE-105,SITE-105-030,SCR,VS,1,VSDAT,2026-03-18
SYN-2026-01,SITE-105,SITE-105-030,SCR,VS,1,SYSBP,126
SYN-2026-01,SITE-105,SITE-105-030,SCR,VS,1,DIABP,75
SYN-2026-01,SITE-105,SITE-105-030,SCR,VS,1,PULSE,74
SYN-2026-01,SITE-105,SITE-105-030,SCR,VS,1,TEMP,37.1
SYN-2026-01,SITE-105,SITE-105-030,SCR,VS,1,WEIGHT,53.2
SYN-2026-01,SITE-105,SITE-105-030,SCR,MH,1,MHTERM,Osteoarthritis
SYN-2026-01,SITE-105,SITE-105-030,SCR,MH,1,MHSTDAT,2018-03-13
SYN-2026-01,SITE-105,SITE-105-030,SCR,MH,1,MHONGO,Y
SYN-2026-01,SITE-105,SITE-105-030,SCR,MH,2,MHTERM,Osteoarthritis
SYN-2026-01,SITE-105,SITE-105-030,SCR,MH,2,MHSTDAT,2021-02-03
SYN-2026-01,SITE-105,SITE-105-030,SCR,MH,2,MHONGO,N
SYN-2026-01,SITE-105,SITE-105-030,SCR,MH,3,MHTERM,Hypertension
SYN-2026-01,SITE-105,SITE-105-030,SCR,MH,3,MHSTDAT,2021-08-04
SYN-2026-01,SITE-105,SITE-105-030,SCR,MH,3,MHONGO,Y
SYN-2026-01,SITE-105,SITE-105-030,BASE,VS,1,VSDAT,2026-04-02
SYN-2026-01,SITE-105,SITE-105-030,BASE,VS,1,SYSBP,120
SYN-2026-01,SITE-105,SITE-105-030,BASE,VS,1,DIABP,88
SYN-2026-01,SITE-105,SITE-105-030,BASE,VS,1,PULSE,77
SYN-2026-01,SITE-105,SITE-105-030,BASE,VS,1,TEMP,36.5
SYN-2026-01,SITE-105,SITE-105-030,BASE,VS,1,WEIGHT,91.0
SYN-2026-01,SITE-105,SITE-105-030,BASE,EX,1,EXSTDAT,2026-04-02
SYN-2026-01,SITE-105,SITE-105-030,BASE,EX,1,EXDOSE,50
SYN-2026-01,SITE-105,SITE-105-030,BASE,EX,1,EXADJ,N
SYN-2026-01,SITE-105,SITE-105-030,WK4,VS,1,VSDAT,2026-04-30
SYN-2026-01,SITE-105,SITE-105-030,WK4,VS,1,SYSBP,136
SYN-2026-01,SITE-105,SITE-105-030,WK4,VS,1,DIABP,82
SYN-2026-01,SITE-105,SITE-105-030,WK4,VS,1,PULSE,66
SYN-2026-01,SITE-105,SITE-105-030,WK4,VS,1,TEMP,36.0
SYN-2026-01,SITE-105,SITE-105-030,WK4,VS,1,WEIGHT,91.5
SYN-2026-01,SITE-105,SITE-105-030,WK4,EX,1,EXSTDAT,2026-04-30
SYN-2026-01,SITE-105,SITE-105-030,WK4,EX,1,EXDOSE,50
SYN-2026-01,SITE-105,SITE-105-030,WK4,EX,1,EXADJ,Y
SYN-2026-01,SITE-105,SITE-105-030,WK4,CM,1,CMTRT,advil
SYN-2026-01,SITE-105,SITE-105-030,WK4,CM,1,CMSTDAT,2026-04-18
SYN-2026-01,SITE-105,SITE-105-030,WK12,VS,1,VSDAT,2026-06-20
SYN-2026-01,SITE-105,SITE-105-030,WK12,VS,1,SYSBP,140
SYN-2026-01,SITE-105,SITE-105-030,WK12,VS,1,DIABP,71
SYN-2026-01,SITE-105,SITE-105-030,WK12,VS,1,PULSE,69
SYN-2026-01,SITE-105,SITE-105-030,WK12,VS,1,TEMP,37.2
SYN-2026-01,SITE-105,SITE-105-030,WK12,VS,1,WEIGHT,68.1
SYN-2026-01,SITE-105,SITE-105-030,WK12,EX,1,EXSTDAT,2026-06-20
SYN-2026-01,SITE-105,SITE-105-030,WK12,EX,1,EXDOSE,50
SYN-2026-01,SITE-105,SITE-105-030,WK12,EX,1,EXADJ,N
SYN-2026-01,SITE-105,SITE-105-030,WK12,AE,1,AETERM,felt off
SYN-2026-01,SITE-105,SITE-105-030,WK12,AE,1,AESTDAT,2026-06-15
SYN-2026-01,SITE-105,SITE-105-030,WK12,AE,1,AEOUT,RECOVERING
SYN-2026-01,SITE-105,SITE-105-030,WK12,AE,1,AESEV,MILD
SYN-2026-01,SITE-105,SITE-105-030,WK12,AE,1,AESER,N
SYN-2026-01,SITE-105,SITE-105-030,WK12,AE,1,AEREL,PROBABLE
SYN-2026-01,SITE-105,SITE-105-030,WK12,AE,2,AETERM,Upper respiratory tract infection
SYN-2026-01,SITE-105,SITE-105-030,WK12,AE,2,AESTDAT,2026-06-07
SYN-2026-01,SITE-105,SITE-105-030,WK12,AE,2,AEOUT,RECOVERED
SYN-2026-01,SITE-105,SITE-105-030,WK12,AE,2,AEENDAT,2026-06-27
SYN-2026-01,SITE-105,SITE-105-030,WK12,AE,2,AESEV,SEVERE
SYN-2026-01,SITE-105,SITE-105-030,WK12,AE,2,AESER,N
SYN-2026-01,SITE-105,SITE-105-030,WK12,AE,2,AEREL,PROBABLE
SYN-2026-01,SITE-105,SITE-105-030,EOS,VS,1,VSDAT,2026-09-10
SYN-2026-01,SITE-105,SITE-105-030,EOS,VS,1,SYSBP,124
SYN-2026-01,SITE-105,SITE-105-030,EOS,VS,1,DIABP,60
SYN-2026-01,SITE-105,SITE-105-030,EOS,VS,1,PULSE,79
SYN-2026-01,SITE-105,SITE-105-030,EOS,VS,1,TEMP,36.6
SYN-2026-01,SITE-105,SITE-105-030,EOS,VS,1,WEIGHT,79.7
SYN-2026-01,SITE-105,SITE-105-030,EOS,AE,1,AETERM,feeling sick to stomach
SYN-2026-01,SITE-105,SITE-105-030,EOS,AE,1,AESTDAT,2026-09-08
SYN-2026-01,SITE-105,SITE-105-030,EOS,AE,1,AEOUT,RECOVERED
SYN-2026-01,SITE-105,SITE-105-030,EOS,AE,1,AEENDAT,2026-09-17
SYN-2026-01,SITE-105,SITE-105-030,EOS,AE,1,AESEV,MODERATE
SYN-2026-01,SITE-105,SITE-105-030,EOS,AE,1,AESER,N
SYN-2026-01,SITE-105,SITE-105-030,EOS,AE,1,AEREL,UNLIKELY
SYN-2026-01,SITE-105,SITE-105-030,EOS,DS,1,DSCOMP,Y
SYN-2026-01,SITE-105,SITE-105-030,EOS,DS,1,DSSTDAT,2026-09-10
SYN-2026-01,SITE-105,SITE-105-031,SCR,DM,1,BRTHDAT,2000-03-03
SYN-2026-01,SITE-105,SITE-105-031,SCR,DM,1,SEX,F
SYN-2026-01,SITE-105,SITE-105-031,SCR,DM,1,RFICDAT,2026-02-25
SYN-2026-01,SITE-105,SITE-105-031,SCR,DM,1,ARM,B
SYN-2026-01,SITE-105,SITE-105-031,SCR,IE,1,IEYN,Y
SYN-2026-01,SITE-105,SITE-105-031,SCR,IE,1,AGEELIG,Y
SYN-2026-01,SITE-105,SITE-105-031,SCR,VS,1,VSDAT,2026-02-21
SYN-2026-01,SITE-105,SITE-105-031,SCR,VS,1,SYSBP,108
SYN-2026-01,SITE-105,SITE-105-031,SCR,VS,1,DIABP,69
SYN-2026-01,SITE-105,SITE-105-031,SCR,VS,1,PULSE,77
SYN-2026-01,SITE-105,SITE-105-031,SCR,VS,1,WEIGHT,61.1
SYN-2026-01,SITE-105,SITE-105-031,BASE,VS,1,VSDAT,2026-03-13
SYN-2026-01,SITE-105,SITE-105-031,BASE,VS,1,SYSBP,131
SYN-2026-01,SITE-105,SITE-105-031,BASE,VS,1,DIABP,73
SYN-2026-01,SITE-105,SITE-105-031,BASE,VS,1,PULSE,81
SYN-2026-01,SITE-105,SITE-105-031,BASE,VS,1,TEMP,36.9
SYN-2026-01,SITE-105,SITE-105-031,BASE,VS,1,WEIGHT,99.7
SYN-2026-01,SITE-105,SITE-105-031,BASE,EX,1,EXSTDAT,2026-03-13
SYN-2026-01,SITE-105,SITE-105-031,BASE,EX,1,EXDOSE,100
SYN-2026-01,SITE-105,SITE-105-031,BASE,EX,1,EXADJ,Y
SYN-2026-01,SITE-105,SITE-105-031,WK4,VS,1,VSDAT,2026-04-10
SYN-2026-01,SITE-105,SITE-105-031,WK4,VS,1,SYSBP,136
SYN-2026-01,SITE-105,SITE-105-031,WK4,VS,1,DIABP,84
SYN-2026-01,SITE-105,SITE-105-031,WK4,VS,1,PULSE,60
SYN-2026-01,SITE-105,SITE-105-031,WK4,VS,1,TEMP,36.3
SYN-2026-01,SITE-105,SITE-105-031,WK4,EX,1,EXSTDAT,2026-04-10
SYN-2026-01,SITE-105,SITE-105-031,WK4,EX,1,EXDOSE,50
SYN-2026-01,SITE-105,SITE-105-031,WK4,EX,1,EXADJ,N
SYN-2026-01,SITE-105,SITE-105-031,WK4,AE,1,AETERM,Fatigue
SYN-2026-01,SITE-105,SITE-105-031,WK4,AE,1,AESTDAT,2026-03-31
SYN-2026-01,SITE-105,SITE-105-031,WK4,AE,1,AEOUT,RECOVERED
SYN-2026-01,SITE-105,SITE-105-031,WK4,AE,1,AEENDAT,2026-04-02
SYN-2026-01,SITE-105,SITE-105-031,WK4,AE,1,AESEV,MODERATE
SYN-2026-01,SITE-105,SITE-105-031,WK4,AE,1,AESER,N
SYN-2026-01,SITE-105,SITE-105-031,WK4,AE,1,AEREL,NOT RELATED
SYN-2026-01,SITE-105,SITE-105-031,WK12,VS,1,VSDAT,2026-06-04
SYN-2026-01,SITE-105,SITE-105-031,WK12,VS,1,SYSBP,138
SYN-2026-01,SITE-105,SITE-105-031,WK12,VS,1,DIABP,82
SYN-2026-01,SITE-105,SITE-105-031,WK12,VS,1,PULSE,75
SYN-2026-01,SITE-105,SITE-105-031,WK12,VS,1,WEIGHT,74.2
SYN-2026-01,SITE-105,SITE-105-031,WK12,EX,1,EXSTDAT,2026-06-04
SYN-2026-01,SITE-105,SITE-105-031,WK12,EX,1,EXDOSE,50
SYN-2026-01,SITE-105,SITE-105-031,WK12,EX,1,EXADJ,N
SYN-2026-01,SITE-105,SITE-105-031,EOS,VS,1,VSDAT,2026-08-23
SYN-2026-01,SITE-105,SITE-105-031,EOS,VS,1,SYSBP,111
SYN-2026-01,SITE-105,SITE-105-031,EOS,VS,1,DIABP,85
SYN-2026-01,SITE-105,SITE-105-031,EOS,VS,1,PULSE,92
SYN-2026-01,SITE-105,SITE-105-031,EOS,VS,1,TEMP,37.2
SYN-2026-01,SITE-105,SITE-105-031,EOS,VS,1,WEIGHT,58.2
SYN-2026-01,SITE-105,SITE-105-031,EOS,DS,1,DSCOMP,Y
SYN-2026-01,SITE-105,SITE-105-031,EOS,DS,1,DSSTDAT,2026-08-23
SYN-2026-01,SITE-104,SITE-104-032,SCR,DM,1,BRTHDAT,1968-01-18
SYN-2026-01,SITE-104,SITE-104-032,SCR,DM,1,SEX,F
SYN-2026-01,SITE-104,SITE-104-032,SCR,DM,1,RFICDAT,2026-01-03
SYN-2026-01,SITE-104,SITE-104-032,SCR,DM,1,ARM,B
SYN-2026-01,SITE-104,SITE-104-032,SCR,IE,1,IEYN,Y
SYN-2026-01,SITE-104,SITE-104-032,SCR,IE,1,AGEELIG,Y
SYN-2026-01,SITE-104,SITE-104-032,SCR,VS,1,VSDAT,2026-01-08
SYN-2026-01,SITE-104,SITE-104-032,SCR,VS,1,SYSBP,138
SYN-2026-01,SITE-104,SITE-104-032,SCR,VS,1,DIABP,71
SYN-2026-01,SITE-104,SITE-104-032,SCR,VS,1,PULSE,75
SYN-2026-01,SITE-104,SITE-104-032,SCR,VS,1,WEIGHT,83.9
SYN-2026-01,SITE-104,SITE-104-032,SCR,MH,1,MHTERM,Asthma
SYN-2026-01,SITE-104,SITE-104-032,SCR,MH,1,MHSTDAT,2017-11-26
SYN-2026-01,SITE-104,SITE-104-032,SCR,MH,1,MHONGO,Y
SYN-2026-01,SITE-104,SITE-104-032,SCR,MH,2,MHTERM,Osteoarthritis
SYN-2026-01,SITE-104,SITE-104-032,SCR,MH,2,MHSTDAT,2023-04-04
SYN-2026-01,SITE-104,SITE-104-032,SCR,MH,2,MHONGO,N
SYN-2026-01,SITE-104,SITE-104-032,BASE,VS,1,VSDAT,2026-01-20
SYN-2026-01,SITE-104,SITE-104-032,BASE,VS,1,SYSBP,122
SYN-2026-01,SITE-104,SITE-104-032,BASE,VS,1,DIABP,83
SYN-2026-01,SITE-104,SITE-104-032,BASE,VS,1,PULSE,61
SYN-2026-01,SITE-104,SITE-104-032,BASE,VS,1,TEMP,36.0
SYN-2026-01,SITE-104,SITE-104-032,BASE,VS,1,WEIGHT,75.7
SYN-2026-01,SITE-104,SITE-104-032,BASE,EX,1,EXSTDAT,2026-01-20
SYN-2026-01,SITE-104,SITE-104-032,BASE,EX,1,EXDOSE,50
SYN-2026-01,SITE-104,SITE-104-032,BASE,EX,1,EXADJ,N
SYN-2026-01,SITE-104,SITE-104-032,BASE,AE,1,AETERM,Vomiting
SYN-2026-01,SITE-104,SITE-104-032,BASE,AE,1,AESTDAT,2026-01-09
SYN-2026-01,SITE-104,SITE-104-032,BASE,AE,1,AEOUT,RECOVERED
SYN-2026-01,SITE-104,SITE-104-032,BASE,AE,1,AESEV,MILD
SYN-2026-01,SITE-104,SITE-104-032,BASE,AE,1,AESER,N
SYN-2026-01,SITE-104,SITE-104-032,BASE,AE,1,AEREL,UNLIKELY
SYN-2026-01,SITE-104,SITE-104-032,BASE,AE,2,AETERM,Nausea
SYN-2026-01,SITE-104,SITE-104-032,BASE,AE,2,AESTDAT,2026-01-08
SYN-2026-01,SITE-104,SITE-104-032,BASE,AE,2,AEOUT,RECOVERING
SYN-2026-01,SITE-104,SITE-104-032,BASE,AE,2,AESEV,MODERATE
SYN-2026-01,SITE-104,SITE-104-032,BASE,AE,2,AESER,N
SYN-2026-01,SITE-104,SITE-104-032,BASE,AE,2,AEREL,NOT RELATED
SYN-2026-01,SITE-104,SITE-104-032,BASE,AE,3,AETERM,Vomiting
SYN-2026-01,SITE-104,SITE-104-032,BASE,AE,3,AESTDAT,2026-01-11
SYN-2026-01,SITE-104,SITE-104-032,BASE,AE,3,AEOUT,RECOVERED
SYN-2026-01,SITE-104,SITE-104-032,BASE,AE,3,AEENDAT,2026-01-13
SYN-2026-01,SITE-104,SITE-104-032,BASE,AE,3,AESEV,MODERATE
SYN-2026-01,SITE-104,SITE-104-032,BASE,AE,3,AESER,N
SYN-2026-01,SITE-104,SITE-104-032,BASE,AE,3,AEREL,POSSIBLE
SYN-2026-01,SITE-104,SITE-104-032,WK4,VS,1,VSDAT,2026-02-17
SYN-2026-01,SITE-104,SITE-104-032,WK4,VS,1,SYSBP,137
SYN-2026-01,SITE-104,SITE-104-032,WK4,VS,1,DIABP,87
SYN-2026-01,SITE-104,SITE-104-032,WK4,VS,1,PULSE,73
SYN-2026-01,SITE-104,SITE-104-032,WK4,VS,1,TEMP,36.8
SYN-2026-01,SITE-104,SITE-104-032,WK4,VS,1,WEIGHT,59.0
SYN-2026-01,SITE-104,SITE-104-032,WK4,EX,1,EXSTDAT,2026-02-17
SYN-2026-01,SITE-104,SITE-104-032,WK4,EX,1,EXDOSE,50
SYN-2026-01,SITE-104,SITE-104-032,WK4,EX,1,EXADJ,N
SYN-2026-01,SITE-104,SITE-104-032,WK4,CM,1,CMTRT,Amoxicillin
SYN-2026-01,SITE-104,SITE-104-032,WK4,CM,1,CMSTDAT,2026-01-18
SYN-2026-01,SITE-104,SITE-104-032,WK4,CM,2,CMTRT,Ibuprofen
SYN-2026-01,SITE-104,SITE-104-032,WK4,CM,2,CMINDC,Hypertension
SYN-2026-01,SITE-104,SITE-104-032,WK4,CM,2,CMSTDAT,2026-02-12
SYN-2026-01,SITE-104,SITE-104-032,WK4,CM,3,CMTRT,advil
SYN-2026-01,SITE-104,SITE-104-032,WK4,CM,3,CMINDC,Pain
SYN-2026-01,SITE-104,SITE-104-032,WK4,CM,3,CMSTDAT,2026-01-31
SYN-2026-01,SITE-104,SITE-104-032,WK12,VS,1,VSDAT,2026-04-16
SYN-2026-01,SITE-104,SITE-104-032,WK12,VS,1,SYSBP,118
SYN-2026-01,SITE-104,SITE-104-032,WK12,VS,1,DIABP,71
SYN-2026-01,SITE-104,SITE-104-032,WK12,VS,1,PULSE,68
SYN-2026-01,SITE-104,SITE-104-032,WK12,VS,1,TEMP,35.7
SYN-2026-01,SITE-104,SITE-104-032,WK12,VS,1,WEIGHT,69.2
SYN-2026-01,SITE-104,SITE-104-032,WK12,EX,1,EXSTDAT,2026-04-16
SYN-2026-01,SITE-104,SITE-104-032,WK12,EX,1,EXDOSE,100
SYN-2026-01,SITE-104,SITE-104-032,WK12,EX,1,EXADJ,Y
SYN-2026-01,SITE-104,SITE-104-032,WK12,AE,1,AETERM,Insomnia
SYN-2026-01,SITE-104,SITE-104-032,WK12,AE,1,AESTDAT,2026-04-11
SYN-2026-01,SITE-104,SITE-104-032,WK12,AE,1,AEOUT,RECOVERED
SYN-2026-01,SITE-104,SITE-104-032,WK12,AE,1,AESEV,MILD
SYN-2026-01,SITE-104,SITE-104-032,WK12,AE,1,AESER,N
SYN-2026-01,SITE-104,SITE-104-032,WK12,AE,1,AEREL,PROBABLE
SYN-2026-01,SITE-104,SITE-104-032,WK12,CM,1,CMTRT,Atorvastatin
SYN-2026-01,SITE-104,SITE-104-032,WK12,CM,1,CMINDC,Prophylaxis
SYN-2026-01,SITE-104,SITE-104-032,WK12,CM,1,CMSTDAT,2026-02-19
SYN-2026-01,SITE-104,SITE-104-032,WK12,CM,2,CMTRT,Atorvastatin
SYN-2026-01,SITE-104,SITE-104-032,WK12,CM,2,CMSTDAT,2026-04-07
SYN-2026-01,SITE-104,SITE-104-032,EOS,VS,1,VSDAT,2026-07-07
SYN-2026-01,SITE-104,SITE-104-032,EOS,VS,1,SYSBP,122
SYN-2026-01,SITE-104,SITE-104-032,EOS,VS,1,DIABP,84
SYN-2026-01,SITE-104,SITE-104-032,EOS,VS,1,PULSE,72
SYN-2026-01,SITE-104,SITE-104-032,EOS,VS,1,WEIGHT,96.0
SYN-2026-01,SITE-104,SITE-104-032,EOS,AE,1,AETERM,Arthralgia
SYN-2026-01,SITE-104,SITE-104-032,EOS,AE,1,AESTDAT,2026-06-24
SYN-2026-01,SITE-104,SITE-104-032,EOS,AE,1,AEOUT,RECOVERED
SYN-2026-01,SITE-104,SITE-104-032,EOS,AE,1,AEENDAT,2026-07-12
SYN-2026-01,SITE-104,SITE-104-032,EOS,AE,1,AESEV,MILD
SYN-2026-01,SITE-104,SITE-104-032,EOS,AE,1,AESER,N
SYN-2026-01,SITE-104,SITE-104-032,EOS,AE,1,AEREL,UNLIKELY
SYN-2026-01,SITE-104,SITE-104-032,EOS,AE,2,AETERM,Dizziness
SYN-2026-01,SITE-104,SITE-104-032,EOS,AE,2,AESTDAT,2026-06-19
SYN-2026-01,SITE-104,SITE-104-032,EOS,AE,2,AEOUT,RECOVERED
SYN-2026-01,SITE-104,SITE-104-032,EOS,AE,2,AEENDAT,2026-06-30
SYN-2026-01,SITE-104,SITE-104-032,EOS,AE,2,AESEV,MODERATE
SYN-2026-01,SITE-104,SITE-104-032,EOS,AE,2,AESER,N
SYN-2026-01,SITE-104,SITE-104-032,EOS,AE,2,AEREL,POSSIBLE
SYN-2026-01,SITE-104,SITE-104-032,EOS,AE,3,AETERM,Rash
SYN-2026-01,SITE-104,SITE-104-032,EOS,AE,3,AESTDAT,2026-06-22
SYN-2026-01,SITE-104,SITE-104-032,EOS,AE,3,AEOUT,RECOVERED
SYN-2026-01,SITE-104,SITE-104-032,EOS,AE,3,AEENDAT,2026-07-11
SYN-2026-01,SITE-104,SITE-104-032,EOS,AE,3,AESEV,MILD
SYN-2026-01,SITE-104,SITE-104-032,EOS,AE,3,AESER,N
SYN-2026-01,SITE-104,SITE-104-032,EOS,AE,3,AEREL,POSSIBLE
SYN-2026-01,SITE-104,SITE-104-032,EOS,CM,1,CMTRT,tylenol
SYN-2026-01,SITE-104,SITE-104-032,EOS,CM,1,CMINDC,Hypertension
SYN-2026-01,SITE-104,SITE-104-032,EOS,CM,1,CMSTDAT,2026-06-15
SYN-2026-01,SITE-104,SITE-104-032,EOS,DS,1,DSCOMP,Y
SYN-2026-01,SITE-104,SITE-104-032,EOS,DS,1,DSSTDAT,2026-07-07
SYN-2026-01,SITE-102,SITE-102-033,SCR,DM,1,BRTHDAT,1994-01-10
SYN-2026-01,SITE-102,SITE-102-033,SCR,DM,1,SEX,M
SYN-2026-01,SITE-102,SITE-102-033,SCR,DM,1,RFICDAT,2026-01-02
SYN-2026-01,SITE-102,SITE-102-033,SCR,DM,1,ARM,A
SYN-2026-01,SITE-102,SITE-102-033,SCR,IE,1,IEYN,Y
SYN-2026-01,SITE-102,SITE-102-033,SCR,IE,1,AGEELIG,Y
SYN-2026-01,SITE-102,SITE-102-033,SCR,VS,1,VSDAT,2025-12-30
SYN-2026-01,SITE-102,SITE-102-033,SCR,VS,1,SYSBP,123
SYN-2026-01,SITE-102,SITE-102-033,SCR,VS,1,DIABP,71
SYN-2026-01,SITE-102,SITE-102-033,SCR,VS,1,PULSE,65
SYN-2026-01,SITE-102,SITE-102-033,SCR,VS,1,TEMP,36.9
SYN-2026-01,SITE-102,SITE-102-033,SCR,VS,1,WEIGHT,84.9
SYN-2026-01,SITE-102,SITE-102-033,BASE,VS,1,VSDAT,2026-01-17
SYN-2026-01,SITE-102,SITE-102-033,BASE,VS,1,SYSBP,114
SYN-2026-01,SITE-102,SITE-102-033,BASE,VS,1,DIABP,61
SYN-2026-01,SITE-102,SITE-102-033,BASE,VS,1,PULSE,96
SYN-2026-01,SITE-102,SITE-102-033,BASE,VS,1,WEIGHT,79.8
SYN-2026-01,SITE-102,SITE-102-033,BASE,EX,1,EXSTDAT,2026-01-17
SYN-2026-01,SITE-102,SITE-102-033,BASE,EX,1,EXDOSE,100
SYN-2026-01,SITE-102,SITE-102-033,BASE,EX,1,EXADJ,Y
SYN-2026-01,SITE-102,SITE-102-033,WK4,VS,1,VSDAT,2026-02-10
SYN-2026-01,SITE-102,SITE-102-033,WK4,VS,1,SYSBP,119
SYN-2026-01,SITE-102,SITE-102-033,WK4,VS,1,DIABP,76
SYN-2026-01,SITE-102,SITE-102-033,WK4,VS,1,PULSE,63
SYN-2026-01,SITE-102,SITE-102-033,WK4,VS,1,TEMP,36.6
SYN-2026-01,SITE-102,SITE-102-033,WK4,VS,1,WEIGHT,64.8
SYN-2026-01,SITE-102,SITE-102-033,WK4,EX,1,EXSTDAT,2026-02-10
SYN-2026-01,SITE-102,SITE-102-033,WK4,EX,1,EXDOSE,100
SYN-2026-01,SITE-102,SITE-102-033,WK4,EX,1,EXADJ,N
SYN-2026-01,SITE-102,SITE-102-033,WK12,VS,1,VSDAT,2026-04-13
SYN-2026-01,SITE-102,SITE-102-033,WK12,VS,1,SYSBP,120
SYN-2026-01,SITE-102,SITE-102-033,WK12,VS,1,DIABP,62
SYN-2026-01,SITE-102,SITE-102-033,WK12,VS,1,PULSE,61
SYN-2026-01,SITE-102,SITE-102-033,WK12,VS,1,TEMP,36.7
SYN-2026-01,SITE-102,SITE-102-033,WK12,VS,1,WEIGHT,60.3
SYN-2026-01,SITE-102,SITE-102-033,WK12,EX,1,EXSTDAT,2026-04-13
SYN-2026-01,SITE-102,SITE-102-033,WK12,EX,1,EXDOSE,50
SYN-2026-01,SITE-102,SITE-102-033,WK12,EX,1,EXADJ,N
SYN-2026-01,SITE-102,SITE-102-033,EOS,VS,1,VSDAT,2026-07-06
SYN-2026-01,SITE-102,SITE-102-033,EOS,VS,1,SYSBP,131
SYN-2026-01,SITE-102,SITE-102-033,EOS,VS,1,DIABP,80
SYN-2026-01,SITE-102,SITE-102-033,EOS,VS,1,PULSE,63
SYN-2026-01,SITE-102,SITE-102-033,EOS,VS,1,TEMP,36.9
SYN-2026-01,SITE-102,SITE-102-033,EOS,VS,1,WEIGHT,93.0
SYN-2026-01,SITE-102,SITE-102-033,EOS,DS,1,DSCOMP,Y
SYN-2026-01,SITE-102,SITE-102-033,EOS,DS,1,DSSTDAT,2026-07-06
SYN-2026-01,SITE-105,SITE-105-034,SCR,DM,1,BRTHDAT,1999-01-02
SYN-2026-01,SITE-105,SITE-105-034,SCR,DM,1,SEX,F
SYN-2026-01,SITE-105,SITE-105-034,SCR,DM,1,RFICDAT,2025-12-26
SYN-2026-01,SITE-105,SITE-105-034,SCR,DM,1,ARM,B
SYN-2026-01,SITE-105,SITE-105-034,SCR,IE,1,IEYN,Y
SYN-2026-01,SITE-105,SITE-105-034,SCR,IE,1,AGEELIG,Y
SYN-2026-01,SITE-105,SITE-105-034,SCR,VS,1,VSDAT,2025-12-24
SYN-2026-01,SITE-105,SITE-105-034,SCR,VS,1,SYSBP,111
SYN-2026-01,SITE-105,SITE-105-034,SCR,VS,1,DIABP,84
SYN-2026-01,SITE-105,SITE-105-034,SCR,VS,1,PULSE,83
SYN-2026-01,SITE-105,SITE-105-034,SCR,VS,1,TEMP,37.0
SYN-2026-01,SITE-105,SITE-105-034,SCR,VS,1,WEIGHT,122.7
SYN-2026-01,SITE-105,SITE-105-034,BASE,VS,1,VSDAT,2026-01-07
SYN-2026-01,SITE-105,SITE-105-034,BASE,VS,1,SYSBP,137
SYN-2026-01,SITE-105,SITE-105-034,BASE,VS,1,DIABP,79
SYN-2026-01,SITE-105,SITE-105-034,BASE,VS,1,PULSE,82
SYN-2026-01,SITE-105,SITE-105-034,BASE,VS,1,WEIGHT,98.3
SYN-2026-01,SITE-105,SITE-105-034,BASE,EX,1,EXSTDAT,2026-01-07
SYN-2026-01,SITE-105,SITE-105-034,BASE,EX,1,EXDOSE,50
SYN-2026-01,SITE-105,SITE-105-034,BASE,EX,1,EXADJ,N
SYN-2026-01,SITE-105,SITE-105-034,WK4,VS,1,VSDAT,2026-02-05
SYN-2026-01,SITE-105,SITE-105-034,WK4,VS,1,SYSBP,123
SYN-2026-01,SITE-105,SITE-105-034,WK4,VS,1,DIABP,88
SYN-2026-01,SITE-105,SITE-105-034,WK4,VS,1,PULSE,59
SYN-2026-01,SITE-105,SITE-105-034,WK4,VS,1,TEMP,36.2
SYN-2026-01,SITE-105,SITE-105-034,WK4,VS,1,WEIGHT,68.2
SYN-2026-01,SITE-105,SITE-105-034,WK4,EX,1,EXSTDAT,2026-02-05
SYN-2026-01,SITE-105,SITE-105-034,WK4,EX,1,EXDOSE,50
SYN-2026-01,SITE-105,SITE-105-034,WK4,EX,1,EXADJ,Y
SYN-2026-01,SITE-105,SITE-105-034,WK12,VS,1,VSDAT,2026-03-31
SYN-2026-01,SITE-105,SITE-105-034,WK12,VS,1,SYSBP,135
SYN-2026-01,SITE-105,SITE-105-034,WK12,VS,1,DIABP,72
SYN-2026-01,SITE-105,SITE-105-034,WK12,VS,1,PULSE,61
SYN-2026-01,SITE-105,SITE-105-034,WK12,VS,1,WEIGHT,76.1
SYN-2026-01,SITE-105,SITE-105-034,WK12,EX,1,EXSTDAT,2026-03-31
SYN-2026-01,SITE-105,SITE-105-034,WK12,EX,1,EXDOSE,25
SYN-2026-01,SITE-105,SITE-105-034,WK12,EX,1,EXADJ,N
SYN-2026-01,SITE-105,SITE-105-034,WK12,AE,1,AETERM,Nausea
SYN-2026-01,SITE-105,SITE-105-034,WK12,AE,1,AESTDAT,2026-03-18
SYN-2026-01,SITE-105,SITE-105-034,WK12,AE,1,AEOUT,RECOVERED
SYN-2026-01,SITE-105,SITE-105-034,WK12,AE,1,AEENDAT,2026-03-20
SYN-2026-01,SITE-105,SITE-105-034,WK12,AE,1,AESEV,MILD
SYN-2026-01,SITE-105,SITE-105-034,WK12,AE,1,AESER,N
SYN-2026-01,SITE-105,SITE-105-034,WK12,AE,1,AEREL,NOT RELATED
SYN-2026-01,SITE-105,SITE-105-034,WK12,AE,2,AETERM,sore throat and runny nose
SYN-2026-01,SITE-105,SITE-105-034,WK12,AE,2,AESTDAT,2026-03-16
SYN-2026-01,SITE-105,SITE-105-034,WK12,AE,2,AEOUT,NOT RECOVERED
SYN-2026-01,SITE-105,SITE-105-034,WK12,AE,2,AESEV,SEVERE
SYN-2026-01,SITE-105,SITE-105-034,WK12,AE,2,AESER,N
SYN-2026-01,SITE-105,SITE-105-034,WK12,AE,2,AEREL,PROBABLE
SYN-2026-01,SITE-105,SITE-105-034,WK12,CM,1,CMTRT,Paracetamol
SYN-2026-01,SITE-105,SITE-105-034,WK12,CM,1,CMSTDAT,2026-03-28
SYN-2026-01,SITE-105,SITE-105-034,WK12,CM,2,CMTRT,tylenol
SYN-2026-01,SITE-105,SITE-105-034,WK12,CM,2,CMINDC,Infection
SYN-2026-01,SITE-105,SITE-105-034,WK12,CM,2,CMSTDAT,2026-03-20
SYN-2026-01,SITE-105,SITE-105-034,EOS,VS,1,VSDAT,2026-06-17
SYN-2026-01,SITE-105,SITE-105-034,EOS,VS,1,SYSBP,128
SYN-2026-01,SITE-105,SITE-105-034,EOS,VS,1,DIABP,76
SYN-2026-01,SITE-105,SITE-105-034,EOS,VS,1,PULSE,73
SYN-2026-01,SITE-105,SITE-105-034,EOS,VS,1,TEMP,36.8
SYN-2026-01,SITE-105,SITE-105-034,EOS,VS,1,WEIGHT,79.9
SYN-2026-01,SITE-105,SITE-105-034,EOS,CM,1,CMTRT,Metformin
SYN-2026-01,SITE-105,SITE-105-034,EOS,CM,1,CMINDC,Pain
SYN-2026-01,SITE-105,SITE-105-034,EOS,CM,1,CMSTDAT,2026-05-09
SYN-2026-01,SITE-105,SITE-105-034,EOS,CM,2,CMTRT,Paracetamol
SYN-2026-01,SITE-105,SITE-105-034,EOS,CM,2,CMINDC,Pain
SYN-2026-01,SITE-105,SITE-105-034,EOS,CM,2,CMSTDAT,2026-06-06
SYN-2026-01,SITE-105,SITE-105-034,EOS,DS,1,DSCOMP,Y
SYN-2026-01,SITE-105,SITE-105-034,EOS,DS,1,DSSTDAT,2026-06-17
SYN-2026-01,SITE-104,SITE-104-035,SCR,DM,1,BRTHDAT,1996-09-14
SYN-2026-01,SITE-104,SITE-104-035,SCR,DM,1,SEX,M
SYN-2026-01,SITE-104,SITE-104-035,SCR,DM,1,RFICDAT,2025-09-07
SYN-2026-01,SITE-104,SITE-104-035,SCR,DM,1,ARM,B
SYN-2026-01,SITE-104,SITE-104-035,SCR,IE,1,IEYN,Y
SYN-2026-01,SITE-104,SITE-104-035,SCR,IE,1,AGEELIG,Y
SYN-2026-01,SITE-104,SITE-104-035,SCR,VS,1,VSDAT,2025-09-03
SYN-2026-01,SITE-104,SITE-104-035,SCR,VS,1,SYSBP,153
SYN-2026-01,SITE-104,SITE-104-035,SCR,VS,1,DIABP,68
SYN-2026-01,SITE-104,SITE-104-035,SCR,VS,1,PULSE,71
SYN-2026-01,SITE-104,SITE-104-035,SCR,VS,1,TEMP,36.8
SYN-2026-01,SITE-104,SITE-104-035,SCR,VS,1,WEIGHT,77.7
SYN-2026-01,SITE-104,SITE-104-035,SCR,MH,1,MHTERM,Migraine
SYN-2026-01,SITE-104,SITE-104-035,SCR,MH,1,MHSTDAT,2023-08-29
SYN-2026-01,SITE-104,SITE-104-035,SCR,MH,1,MHONGO,N
SYN-2026-01,SITE-104,SITE-104-035,SCR,MH,2,MHTERM,Asthma
SYN-2026-01,SITE-104,SITE-104-035,SCR,MH,2,MHSTDAT,2019-06-12
SYN-2026-01,SITE-104,SITE-104-035,SCR,MH,2,MHONGO,N
SYN-2026-01,SITE-104,SITE-104-035,SCR,MH,3,MHTERM,Migraine
SYN-2026-01,SITE-104,SITE-104-035,SCR,MH,3,MHSTDAT,2021-08-14
SYN-2026-01,SITE-104,SITE-104-035,SCR,MH,3,MHONGO,N
SYN-2026-01,SITE-104,SITE-104-035,BASE,VS,1,VSDAT,2025-09-24
SYN-2026-01,SITE-104,SITE-104-035,BASE,VS,1,SYSBP,142
SYN-2026-01,SITE-104,SITE-104-035,BASE,VS,1,DIABP,85
SYN-2026-01,SITE-104,SITE-104-035,BASE,VS,1,PULSE,76
SYN-2026-01,SITE-104,SITE-104-035,BASE,VS,1,TEMP,36.7
SYN-2026-01,SITE-104,SITE-104-035,BASE,VS,1,WEIGHT,83.4
SYN-2026-01,SITE-104,SITE-104-035,BASE,EX,1,EXSTDAT,2025-09-24
SYN-2026-01,SITE-104,SITE-104-035,BASE,EX,1,EXDOSE,50
SYN-2026-01,SITE-104,SITE-104-035,BASE,EX,1,EXADJ,Y
SYN-2026-01,SITE-104,SITE-104-035,BASE,AE,1,AETERM,Vomiting
SYN-2026-01,SITE-104,SITE-104-035,BASE,AE,1,AESTDAT,2025-09-14
SYN-2026-01,SITE-104,SITE-104-035,BASE,AE,1,AEOUT,RECOVERED
SYN-2026-01,SITE-104,SITE-104-035,BASE,AE,1,AEENDAT,2025-09-17
SYN-2026-01,SITE-104,SITE-104-035,BASE,AE,1,AESEV,MILD
SYN-2026-01,SITE-104,SITE-104-035,BASE,AE,1,AESER,N
SYN-2026-01,SITE-104,SITE-104-035,BASE,AE,1,AEREL,RELATED
SYN-2026-01,SITE-104,SITE-104-035,BASE,AE,2,AETERM,Abdominal pain
SYN-2026-01,SITE-104,SITE-104-035,BASE,AE,2,AESTDAT,2025-09-07
SYN-2026-01,SITE-104,SITE-104-035,BASE,AE,2,AEOUT,RECOVERED
SYN-2026-01,SITE-104,SITE-104-035,BASE,AE,2,AEENDAT,2025-09-28
SYN-2026-01,SITE-104,SITE-104-035,BASE,AE,2,AESEV,MILD
SYN-2026-01,SITE-104,SITE-104-035,BASE,AE,2,AESER,N
SYN-2026-01,SITE-104,SITE-104-035,BASE,AE,2,AEREL,RELATED
SYN-2026-01,SITE-104,SITE-104-035,WK4,VS,1,VSDAT,2025-10-26
SYN-2026-01,SITE-104,SITE-104-035,WK4,VS,1,SYSBP,140
SYN-2026-01,SITE-104,SITE-104-035,WK4,VS,1,DIABP,66
SYN-2026-01,SITE-104,SITE-104-035,WK4,VS,1,PULSE,90
SYN-2026-01,SITE-104,SITE-104-035,WK4,VS,1,TEMP,36.8
SYN-2026-01,SITE-104,SITE-104-035,WK4,VS,1,WEIGHT,85.6
SYN-2026-01,SITE-104,SITE-104-035,WK4,EX,1,EXSTDAT,2025-10-26
SYN-2026-01,SITE-104,SITE-104-035,WK4,EX,1,EXDOSE,100
SYN-2026-01,SITE-104,SITE-104-035,WK4,EX,1,EXADJ,N
SYN-2026-01,SITE-104,SITE-104-035,WK4,AE,1,AETERM,Cough
SYN-2026-01,SITE-104,SITE-104-035,WK4,AE,1,AESTDAT,2025-10-26
SYN-2026-01,SITE-104,SITE-104-035,WK4,AE,1,AEOUT,RECOVERED
SYN-2026-01,SITE-104,SITE-104-035,WK4,AE,1,AEENDAT,2025-10-23
SYN-2026-01,SITE-104,SITE-104-035,WK4,AE,1,AESEV,MODERATE
SYN-2026-01,SITE-104,SITE-104-035,WK4,AE,1,AESER,N
SYN-2026-01,SITE-104,SITE-104-035,WK4,AE,1,AEREL,NOT RELATED
SYN-2026-01,SITE-104,SITE-104-035,WK4,AE,2,AETERM,Rash
SYN-2026-01,SITE-104,SITE-104-035,WK4,AE,2,AESTDAT,2025-10-16
SYN-2026-01,SITE-104,SITE-104-035,WK4,AE,2,AEOUT,RECOVERED
SYN-2026-01,SITE-104,SITE-104-035,WK4,AE,2,AEENDAT,2025-10-27
SYN-2026-01,SITE-104,SITE-104-035,WK4,AE,2,AESEV,SEVERE
SYN-2026-01,SITE-104,SITE-104-035,WK4,AE,2,AESER,N
SYN-2026-01,SITE-104,SITE-104-035,WK4,AE,2,AEREL,RELATED
SYN-2026-01,SITE-104,SITE-104-035,WK4,CM,1,CMTRT,Atorvastatin
SYN-2026-01,SITE-104,SITE-104-035,WK4,CM,1,CMINDC,Hypertension
SYN-2026-01,SITE-104,SITE-104-035,WK4,CM,1,CMSTDAT,2025-10-01
SYN-2026-01,SITE-104,SITE-104-035,WK12,VS,1,VSDAT,2025-12-18
SYN-2026-01,SITE-104,SITE-104-035,WK12,VS,1,SYSBP,128
SYN-2026-01,SITE-104,SITE-104-035,WK12,VS,1,DIABP,75
SYN-2026-01,SITE-104,SITE-104-035,WK12,VS,1,PULSE,84
SYN-2026-01,SITE-104,SITE-104-035,WK12,VS,1,WEIGHT,78.7
SYN-2026-01,SITE-104,SITE-104-035,WK12,EX,1,EXSTDAT,2025-12-18
SYN-2026-01,SITE-104,SITE-104-035,WK12,EX,1,EXDOSE,50
SYN-2026-01,SITE-104,SITE-104-035,WK12,EX,1,EXADJ,N
SYN-2026-01,SITE-104,SITE-104-035,WK12,AE,1,AETERM,Back pain
SYN-2026-01,SITE-104,SITE-104-035,WK12,AE,1,AESTDAT,2025-11-30
SYN-2026-01,SITE-104,SITE-104-035,WK12,AE,1,AEOUT,RECOVERED
SYN-2026-01,SITE-104,SITE-104-035,WK12,AE,1,AEENDAT,2025-11-27
SYN-2026-01,SITE-104,SITE-104-035,WK12,AE,1,AESEV,MILD
SYN-2026-01,SITE-104,SITE-104-035,WK12,AE,1,AESER,N
SYN-2026-01,SITE-104,SITE-104-035,WK12,AE,1,AEREL,POSSIBLE
SYN-2026-01,SITE-104,SITE-104-035,EOS,VS,1,VSDAT,2026-03-19
SYN-2026-01,SITE-104,SITE-104-035,EOS,VS,1,SYSBP,105
SYN-2026-01,SITE-104,SITE-104-035,EOS,VS,1,DIABP,90
SYN-2026-01,SITE-104,SITE-104-035,EOS,VS,1,PULSE,79
SYN-2026-01,SITE-104,SITE-104-035,EOS,VS,1,TEMP,36.6
SYN-2026-01,SITE-104,SITE-104-035,EOS,VS,1,WEIGHT,75.5
SYN-2026-01,SITE-104,SITE-104-035,EOS,CM,1,CMTRT,Omeprazole
SYN-2026-01,SITE-104,SITE-104-035,EOS,CM,1,CMINDC,Prophylaxis
SYN-2026-01,SITE-104,SITE-104-035,EOS,CM,1,CMSTDAT,2026-03-17
SYN-2026-01,SITE-104,SITE-104-035,EOS,CM,2,CMTRT,Omeprazole
SYN-2026-01,SITE-104,SITE-104-035,EOS,CM,2,CMINDC,Pain
SYN-2026-01,SITE-104,SITE-104-035,EOS,CM,2,CMSTDAT,2026-03-07
SYN-2026-01,SITE-104,SITE-104-035,EOS,CM,3,CMTRT,tylenol
SYN-2026-01,SITE-104,SITE-104-035,EOS,CM,3,CMINDC,Prophylaxis
SYN-2026-01,SITE-104,SITE-104-035,EOS,CM,3,CMSTDAT,2026-02-04
SYN-2026-01,SITE-104,SITE-104-035,EOS,DS,1,DSCOMP,Y
SYN-2026-01,SITE-104,SITE-104-035,EOS,DS,1,DSSTDAT,2026-03-19
SYN-2026-01,SITE-105,SITE-105-036,SCR,DM,1,BRTHDAT,1960-01-06
SYN-2026-01,SITE-105,SITE-105-036,SCR,DM,1,SEX,M
SYN-2026-01,SITE-105,SITE-105-036,SCR,DM,1,RFICDAT,2025-12-20
SYN-2026-01,SITE-105,SITE-105-036,SCR,DM,1,ARM,A
SYN-2026-01,SITE-105,SITE-105-036,SCR,IE,1,IEYN,Y
SYN-2026-01,SITE-105,SITE-105-036,SCR,IE,1,AGEELIG,Y
SYN-2026-01,SITE-105,SITE-105-036,SCR,VS,1,VSDAT,2025-12-23
SYN-2026-01,SITE-105,SITE-105-036,SCR,VS,1,SYSBP,115
SYN-2026-01,SITE-105,SITE-105-036,SCR,VS,1,DIABP,76
SYN-2026-01,SITE-105,SITE-105-036,SCR,VS,1,PULSE,79
SYN-2026-01,SITE-105,SITE-105-036,SCR,VS,1,TEMP,36.4
SYN-2026-01,SITE-105,SITE-105-036,SCR,VS,1,WEIGHT,87.3
SYN-2026-01,SITE-105,SITE-105-036,BASE,VS,1,VSDAT,2026-01-01
SYN-2026-01,SITE-105,SITE-105-036,BASE,VS,1,SYSBP,128
SYN-2026-01,SITE-105,SITE-105-036,BASE,VS,1,DIABP,89
SYN-2026-01,SITE-105,SITE-105-036,BASE,VS,1,PULSE,66
SYN-2026-01,SITE-105,SITE-105-036,BASE,VS,1,TEMP,36.2
SYN-2026-01,SITE-105,SITE-105-036,BASE,VS,1,WEIGHT,86.5
SYN-2026-01,SITE-105,SITE-105-036,BASE,EX,1,EXSTDAT,2026-01-01
SYN-2026-01,SITE-105,SITE-105-036,BASE,EX,1,EXDOSE,50
SYN-2026-01,SITE-105,SITE-105-036,BASE,EX,1,EXADJ,Y
SYN-2026-01,SITE-105,SITE-105-036,BASE,AE,1,AETERM,feeling sick to stomach
SYN-2026-01,SITE-105,SITE-105-036,BASE,AE,1,AESTDAT,2025-12-20
SYN-2026-01,SITE-105,SITE-105-036,BASE,AE,1,AEOUT,UNKNOWN
SYN-2026-01,SITE-105,SITE-105-036,BASE,AE,1,AESEV,MODERATE
SYN-2026-01,SITE-105,SITE-105-036,BASE,AE,1,AESER,N
SYN-2026-01,SITE-105,SITE-105-036,BASE,AE,1,AEREL,NOT RELATED
SYN-2026-01,SITE-105,SITE-105-036,BASE,AE,2,AETERM,tired all the time
SYN-2026-01,SITE-105,SITE-105-036,BASE,AE,2,AESTDAT,2025-12-20
SYN-2026-01,SITE-105,SITE-105-036,BASE,AE,2,AEOUT,RECOVERED
SYN-2026-01,SITE-105,SITE-105-036,BASE,AE,2,AEENDAT,2026-01-04
SYN-2026-01,SITE-105,SITE-105-036,BASE,AE,2,AESEV,MODERATE
SYN-2026-01,SITE-105,SITE-105-036,BASE,AE,2,AESER,N
SYN-2026-01,SITE-105,SITE-105-036,BASE,AE,2,AEREL,UNLIKELY
SYN-2026-01,SITE-105,SITE-105-036,BASE,AE,3,AETERM,felt off
SYN-2026-01,SITE-105,SITE-105-036,BASE,AE,3,AESTDAT,2025-12-20
SYN-2026-01,SITE-105,SITE-105-036,BASE,AE,3,AEOUT,NOT RECOVERED
SYN-2026-01,SITE-105,SITE-105-036,BASE,AE,3,AESEV,MODERATE
SYN-2026-01,SITE-105,SITE-105-036,BASE,AE,3,AESER,Y
SYN-2026-01,SITE-105,SITE-105-036,BASE,AE,3,AEREL,PROBABLE
SYN-2026-01,SITE-105,SITE-105-036,WK4,VS,1,VSDAT,2026-01-25
SYN-2026-01,SITE-105,SITE-105-036,WK4,VS,1,SYSBP,130
SYN-2026-01,SITE-105,SITE-105-036,WK4,VS,1,DIABP,77
SYN-2026-01,SITE-105,SITE-105-036,WK4,VS,1,PULSE,69
SYN-2026-01,SITE-105,SITE-105-036,WK4,VS,1,TEMP,36.6
SYN-2026-01,SITE-105,SITE-105-036,WK4,VS,1,WEIGHT,94.6
SYN-2026-01,SITE-105,SITE-105-036,WK4,EX,1,EXSTDAT,2026-01-25
SYN-2026-01,SITE-105,SITE-105-036,WK4,EX,1,EXDOSE,100
SYN-2026-01,SITE-105,SITE-105-036,WK4,EX,1,EXADJ,N
SYN-2026-01,SITE-105,SITE-105-036,WK4,AE,1,AETERM,feeling sick to stomach
SYN-2026-01,SITE-105,SITE-105-036,WK4,AE,1,AESTDAT,2026-01-20
SYN-2026-01,SITE-105,SITE-105-036,WK4,AE,1,AEOUT,NOT RECOVERED
SYN-2026-01,SITE-105,SITE-105-036,WK4,AE,1,AESEV,MODERATE
SYN-2026-01,SITE-105,SITE-105-036,WK4,AE,1,AESER,N
SYN-2026-01,SITE-105,SITE-105-036,WK4,AE,1,AEREL,POSSIBLE
SYN-2026-01,SITE-105,SITE-105-036,WK4,AE,2,AETERM,Headache
SYN-2026-01,SITE-105,SITE-105-036,WK4,AE,2,AESTDAT,2026-01-25
SYN-2026-01,SITE-105,SITE-105-036,WK4,AE,2,AEOUT,RECOVERED
SYN-2026-01,SITE-105,SITE-105-036,WK4,AE,2,AEENDAT,2026-01-26
SYN-2026-01,SITE-105,SITE-105-036,WK4,AE,2,AESEV,MILD
SYN-2026-01,SITE-105,SITE-105-036,WK4,AE,2,AESER,N
SYN-2026-01,SITE-105,SITE-105-036,WK4,AE,2,AEREL,NOT RELATED
SYN-2026-01,SITE-105,SITE-105-036,WK4,AE,3,AETERM,tired all the time
SYN-2026-01,SITE-105,SITE-105-036,WK4,AE,3,AESTDAT,2026-01-05
SYN-2026-01,SITE-105,SITE-105-036,WK4,AE,3,AEOUT,RECOVERED
SYN-2026-01,SITE-105,SITE-105-036,WK4,AE,3,AEENDAT,2026-01-09
SYN-2026-01,SITE-105,SITE-105-036,WK4,AE,3,AESEV,MILD
SYN-2026-01,SITE-105,SITE-105-036,WK4,AE,3,AESER,N
SYN-2026-01,SITE-105,SITE-105-036,WK4,AE,3,AEREL,PROBABLE
SYN-2026-01,SITE-105,SITE-105-036,WK12,VS,1,VSDAT,2026-03-29
SYN-2026-01,SITE-105,SITE-105-036,WK12,VS,1,SYSBP,125
SYN-2026-01,SITE-105,SITE-105-036,WK12,VS,1,DIABP,86
SYN-2026-01,SITE-105,SITE-105-036,WK12,VS,1,PULSE,74
SYN-2026-01,SITE-105,SITE-105-036,WK12,VS,1,TEMP,36.6
SYN-2026-01,SITE-105,SITE-105-036,WK12,VS,1,WEIGHT,88.3
SYN-2026-01,SITE-105,SITE-105-036,WK12,EX,1,EXSTDAT,2026-03-29
SYN-2026-01,SITE-105,SITE-105-036,WK12,EX,1,EXDOSE,50
SYN-2026-01,SITE-105,SITE-105-036,WK12,EX,1,EXADJ,N
SYN-2026-01,SITE-105,SITE-105-036,WK12,AE,1,AETERM,Vomiting
SYN-2026-01,SITE-105,SITE-105-036,WK12,AE,1,AESTDAT,2026-03-23
SYN-2026-01,SITE-105,SITE-105-036,WK12,AE,1,AEOUT,NOT RECOVERED
SYN-2026-01,SITE-105,SITE-105-036,WK12,AE,1,AESEV,MODERATE
SYN-2026-01,SITE-105,SITE-105-036,WK12,AE,1,AESER,N
SYN-2026-01,SITE-105,SITE-105-036,WK12,AE,1,AEREL,POSSIBLE
SYN-2026-01,SITE-105,SITE-105-036,WK12,AE,2,AETERM,Pruritus
SYN-2026-01,SITE-105,SITE-105-036,WK12,AE,2,AESTDAT,2026-03-15
SYN-2026-01,SITE-105,SITE-105-036,WK12,AE,2,AEOUT,NOT RECOVERED
SYN-2026-01,SITE-105,SITE-105-036,WK12,AE,2,AESEV,MILD
SYN-2026-01,SITE-105,SITE-105-036,WK12,AE,2,AESER,N
SYN-2026-01,SITE-105,SITE-105-036,WK12,AE,2,AEREL,PROBABLE
SYN-2026-01,SITE-105,SITE-105-036,WK12,CM,1,CMTRT,Salbutamol
SYN-2026-01,SITE-105,SITE-105-036,WK12,CM,1,CMINDC,Pain
SYN-2026-01,SITE-105,SITE-105-036,WK12,CM,1,CMSTDAT,2026-02-09
SYN-2026-01,SITE-105,SITE-105-036,EOS,VS,1,VSDAT,2026-06-14
SYN-2026-01,SITE-105,SITE-105-036,EOS,VS,1,SYSBP,116
SYN-2026-01,SITE-105,SITE-105-036,EOS,VS,1,DIABP,86
SYN-2026-01,SITE-105,SITE-105-036,EOS,VS,1,PULSE,67
SYN-2026-01,SITE-105,SITE-105-036,EOS,VS,1,TEMP,36.1
SYN-2026-01,SITE-105,SITE-105-036,EOS,VS,1,WEIGHT,74.0
SYN-2026-01,SITE-105,SITE-105-036,EOS,AE,1,AETERM,Diarrhoea
SYN-2026-01,SITE-105,SITE-105-036,EOS,AE,1,AESTDAT,2026-05-25
SYN-2026-01,SITE-105,SITE-105-036,EOS,AE,1,AEOUT,RECOVERED
SYN-2026-01,SITE-105,SITE-105-036,EOS,AE,1,AEENDAT,2026-06-02
SYN-2026-01,SITE-105,SITE-105-036,EOS,AE,1,AESEV,MODERATE
SYN-2026-01,SITE-105,SITE-105-036,EOS,AE,1,AESER,N
SYN-2026-01,SITE-105,SITE-105-036,EOS,AE,1,AEREL,RELATED
SYN-2026-01,SITE-105,SITE-105-036,EOS,AE,2,AETERM,Cough
SYN-2026-01,SITE-105,SITE-105-036,EOS,AE,2,AESTDAT,2025-12-08
SYN-2026-01,SITE-105,SITE-105-036,EOS,AE,2,AEOUT,RECOVERING
SYN-2026-01,SITE-105,SITE-105-036,EOS,AE,2,AESEV,MILD
SYN-2026-01,SITE-105,SITE-105-036,EOS,AE,2,AESER,N
SYN-2026-01,SITE-105,SITE-105-036,EOS,AE,2,AEREL,RELATED
SYN-2026-01,SITE-105,SITE-105-036,EOS,DS,1,DSCOMP,Y
SYN-2026-01,SITE-105,SITE-105-036,EOS,DS,1,DSSTDAT,2026-06-14
SYN-2026-01,SITE-105,SITE-105-037,SCR,DM,1,BRTHDAT,1987-03-23
SYN-2026-01,SITE-105,SITE-105-037,SCR,DM,1,SEX,F
SYN-2026-01,SITE-105,SITE-105-037,SCR,DM,1,RFICDAT,2026-03-13
SYN-2026-01,SITE-105,SITE-105-037,SCR,DM,1,ARM,B
SYN-2026-01,SITE-105,SITE-105-037,SCR,IE,1,IEYN,Y
SYN-2026-01,SITE-105,SITE-105-037,SCR,IE,1,AGEELIG,Y
SYN-2026-01,SITE-105,SITE-105-037,SCR,VS,1,VSDAT,2026-03-12
SYN-2026-01,SITE-105,SITE-105-037,SCR,VS,1,SYSBP,122
SYN-2026-01,SITE-105,SITE-105-037,SCR,VS,1,DIABP,82
SYN-2026-01,SITE-105,SITE-105-037,SCR,VS,1,PULSE,78
SYN-2026-01,SITE-105,SITE-105-037,SCR,VS,1,TEMP,36.7
SYN-2026-01,SITE-105,SITE-105-037,SCR,VS,1,WEIGHT,92.6
SYN-2026-01,SITE-105,SITE-105-037,BASE,VS,1,VSDAT,2026-03-30
SYN-2026-01,SITE-105,SITE-105-037,BASE,VS,1,SYSBP,114
SYN-2026-01,SITE-105,SITE-105-037,BASE,VS,1,DIABP,72
SYN-2026-01,SITE-105,SITE-105-037,BASE,VS,1,PULSE,83
SYN-2026-01,SITE-105,SITE-105-037,BASE,VS,1,TEMP,37.0
SYN-2026-01,SITE-105,SITE-105-037,BASE,VS,1,WEIGHT,84.1
SYN-2026-01,SITE-105,SITE-105-037,BASE,EX,1,EXSTDAT,2026-03-30
SYN-2026-01,SITE-105,SITE-105-037,BASE,EX,1,EXDOSE,50
SYN-2026-01,SITE-105,SITE-105-037,BASE,EX,1,EXADJ,Y
SYN-2026-01,SITE-105,SITE-105-037,WK4,VS,1,VSDAT,2026-04-26
SYN-2026-01,SITE-105,SITE-105-037,WK4,VS,1,SYSBP,134
SYN-2026-01,SITE-105,SITE-105-037,WK4,VS,1,DIABP,74
SYN-2026-01,SITE-105,SITE-105-037,WK4,VS,1,PULSE,79
SYN-2026-01,SITE-105,SITE-105-037,WK4,VS,1,WEIGHT,80.5
SYN-2026-01,SITE-105,SITE-105-037,WK4,EX,1,EXSTDAT,2026-04-26
SYN-2026-01,SITE-105,SITE-105-037,WK4,EX,1,EXDOSE,100
SYN-2026-01,SITE-105,SITE-105-037,WK4,EX,1,EXADJ,Y
SYN-2026-01,SITE-105,SITE-105-037,WK4,AE,1,AETERM,Dizziness
SYN-2026-01,SITE-105,SITE-105-037,WK4,AE,1,AESTDAT,2026-04-23
SYN-2026-01,SITE-105,SITE-105-037,WK4,AE,1,AEOUT,RECOVERED
SYN-2026-01,SITE-105,SITE-105-037,WK4,AE,1,AEENDAT,2026-05-03
SYN-2026-01,SITE-105,SITE-105-037,WK4,AE,1,AESEV,SEVERE
SYN-2026-01,SITE-105,SITE-105-037,WK4,AE,1,AESER,N
SYN-2026-01,SITE-105,SITE-105-037,WK4,AE,1,AEREL,PROBABLE
SYN-2026-01,SITE-105,SITE-105-037,WK4,AE,2,AETERM,Insomnia
SYN-2026-01,SITE-105,SITE-105-037,WK4,AE,2,AESTDAT,2026-04-13
SYN-2026-01,SITE-105,SITE-105-037,WK4,AE,2,AEOUT,RECOVERED
SYN-2026-01,SITE-105,SITE-105-037,WK4,AE,2,AEENDAT,2026-04-21
SYN-2026-01,SITE-105,SITE-105-037,WK4,AE,2,AESEV,MILD
SYN-2026-01,SITE-105,SITE-105-037,WK4,AE,2,AESER,N
SYN-2026-01,SITE-105,SITE-105-037,WK4,AE,2,AEREL,PROBABLE
SYN-2026-01,SITE-105,SITE-105-037,WK4,CM,1,CMTRT,Metformin
SYN-2026-01,SITE-105,SITE-105-037,WK4,CM,1,CMINDC,Hypertension
SYN-2026-01,SITE-105,SITE-105-037,WK4,CM,1,CMSTDAT,2026-03-26
SYN-2026-01,SITE-105,SITE-105-037,WK4,CM,2,CMTRT,Paracetamol
SYN-2026-01,SITE-105,SITE-105-037,WK4,CM,2,CMINDC,Pain
SYN-2026-01,SITE-105,SITE-105-037,WK4,CM,2,CMSTDAT,2026-04-09
SYN-2026-01,SITE-105,SITE-105-037,WK12,VS,1,VSDAT,2026-06-22
SYN-2026-01,SITE-105,SITE-105-037,WK12,VS,1,SYSBP,137
SYN-2026-01,SITE-105,SITE-105-037,WK12,VS,1,DIABP,75
SYN-2026-01,SITE-105,SITE-105-037,WK12,VS,1,PULSE,80
SYN-2026-01,SITE-105,SITE-105-037,WK12,VS,1,TEMP,36.9
SYN-2026-01,SITE-105,SITE-105-037,WK12,VS,1,WEIGHT,86.2
SYN-2026-01,SITE-105,SITE-105-037,WK12,EX,1,EXSTDAT,2026-06-22
SYN-2026-01,SITE-105,SITE-105-037,WK12,EX,1,EXDOSE,25
SYN-2026-01,SITE-105,SITE-105-037,WK12,EX,1,EXADJ,N
SYN-2026-01,SITE-105,SITE-105-037,WK12,AE,1,AETERM,Upper respiratory tract infection
SYN-2026-01,SITE-105,SITE-105-037,WK12,AE,1,AESTDAT,2026-06-20
SYN-2026-01,SITE-105,SITE-105-037,WK12,AE,1,AEOUT,RECOVERED
SYN-2026-01,SITE-105,SITE-105-037,WK12,AE,1,AEENDAT,2026-06-25
SYN-2026-01,SITE-105,SITE-105-037,WK12,AE,1,AESEV,MODERATE
SYN-2026-01,SITE-105,SITE-105-037,WK12,AE,1,AESER,N
SYN-2026-01,SITE-105,SITE-105-037,WK12,AE,1,AEREL,POSSIBLE
SYN-2026-01,SITE-105,SITE-105-037,WK12,AE,2,AETERM,Pruritus
SYN-2026-01,SITE-105,SITE-105-037,WK12,AE,2,AESTDAT,2026-06-20
SYN-2026-01,SITE-105,SITE-105-037,WK12,AE,2,AEOUT,NOT RECOVERED
SYN-2026-01,SITE-105,SITE-105-037,WK12,AE,2,AESEV,MILD
SYN-2026-01,SITE-105,SITE-105-037,WK12,AE,2,AESER,N
SYN-2026-01,SITE-105,SITE-105-037,WK12,AE,2,AEREL,PROBABLE
SYN-2026-01,SITE-105,SITE-105-037,WK12,CM,1,CMTRT,Atorvastatin
SYN-2026-01,SITE-105,SITE-105-037,WK12,CM,1,CMINDC,Infection
SYN-2026-01,SITE-105,SITE-105-037,WK12,CM,1,CMSTDAT,2026-06-05
SYN-2026-01,SITE-105,SITE-105-037,EOS,VS,1,VSDAT,2026-09-18
SYN-2026-01,SITE-105,SITE-105-037,EOS,VS,1,SYSBP,152
SYN-2026-01,SITE-105,SITE-105-037,EOS,VS,1,DIABP,76
SYN-2026-01,SITE-105,SITE-105-037,EOS,VS,1,PULSE,78
SYN-2026-01,SITE-105,SITE-105-037,EOS,VS,1,TEMP,36.5
SYN-2026-01,SITE-105,SITE-105-037,EOS,VS,1,WEIGHT,76.3
SYN-2026-01,SITE-105,SITE-105-037,EOS,DS,1,DSCOMP,Y
SYN-2026-01,SITE-105,SITE-105-037,EOS,DS,1,DSSTDAT,2026-09-18
SYN-2026-01,SITE-104,SITE-104-038,SCR,DM,1,BRTHDAT,1993-02-11
SYN-2026-01,SITE-104,SITE-104-038,SCR,DM,1,SEX,M
SYN-2026-01,SITE-104,SITE-104-038,SCR,DM,1,RFICDAT,2026-02-03
SYN-2026-01,SITE-104,SITE-104-038,SCR,DM,1,ARM,B
SYN-2026-01,SITE-104,SITE-104-038,SCR,IE,1,IEYN,Y
SYN-2026-01,SITE-104,SITE-104-038,SCR,IE,1,AGEELIG,Y
SYN-2026-01,SITE-104,SITE-104-038,SCR,VS,1,VSDAT,2026-02-12
SYN-2026-01,SITE-104,SITE-104-038,SCR,VS,1,SYSBP,122
SYN-2026-01,SITE-104,SITE-104-038,SCR,VS,1,DIABP,86
SYN-2026-01,SITE-104,SITE-104-038,SCR,VS,1,PULSE,59
SYN-2026-01,SITE-104,SITE-104-038,SCR,VS,1,TEMP,37.1
SYN-2026-01,SITE-104,SITE-104-038,SCR,VS,1,WEIGHT,82.1
SYN-2026-01,SITE-104,SITE-104-038,BASE,VS,1,VSDAT,2026-02-21
SYN-2026-01,SITE-104,SITE-104-038,BASE,VS,1,SYSBP,113
SYN-2026-01,SITE-104,SITE-104-038,BASE,VS,1,DIABP,83
SYN-2026-01,SITE-104,SITE-104-038,BASE,VS,1,PULSE,94
SYN-2026-01,SITE-104,SITE-104-038,BASE,VS,1,TEMP,37.4
SYN-2026-01,SITE-104,SITE-104-038,BASE,VS,1,WEIGHT,90.7
SYN-2026-01,SITE-104,SITE-104-038,BASE,EX,1,EXSTDAT,2026-02-21
SYN-2026-01,SITE-104,SITE-104-038,BASE,EX,1,EXDOSE,50
SYN-2026-01,SITE-104,SITE-104-038,BASE,EX,1,EXADJ,Y
SYN-2026-01,SITE-104,SITE-104-038,BASE,AE,1,AETERM,Dizziness
SYN-2026-01,SITE-104,SITE-104-038,BASE,AE,1,AESTDAT,2026-02-12
SYN-2026-01,SITE-104,SITE-104-038,BASE,AE,1,AEOUT,RECOVERED
SYN-2026-01,SITE-104,SITE-104-038,BASE,AE,1,AEENDAT,2026-02-24
SYN-2026-01,SITE-104,SITE-104-038,BASE,AE,1,AESEV,MODERATE
SYN-2026-01,SITE-104,SITE-104-038,BASE,AE,1,AESER,N
SYN-2026-01,SITE-104,SITE-104-038,BASE,AE,1,AEREL,PROBABLE
SYN-2026-01,SITE-104,SITE-104-038,WK4,VS,1,VSDAT,2026-03-19
SYN-2026-01,SITE-104,SITE-104-038,WK4,VS,1,SYSBP,156
SYN-2026-01,SITE-104,SITE-104-038,WK4,VS,1,DIABP,74
SYN-2026-01,SITE-104,SITE-104-038,WK4,VS,1,PULSE,75
SYN-2026-01,SITE-104,SITE-104-038,WK4,VS,1,WEIGHT,68.7
SYN-2026-01,SITE-104,SITE-104-038,WK4,EX,1,EXSTDAT,2026-03-19
SYN-2026-01,SITE-104,SITE-104-038,WK4,EX,1,EXDOSE,50
SYN-2026-01,SITE-104,SITE-104-038,WK4,EX,1,EXADJ,N
SYN-2026-01,SITE-104,SITE-104-038,WK4,CM,1,CMTRT,Omeprazole
SYN-2026-01,SITE-104,SITE-104-038,WK4,CM,1,CMINDC,Infection
SYN-2026-01,SITE-104,SITE-104-038,WK4,CM,1,CMSTDAT,2026-02-25
SYN-2026-01,SITE-104,SITE-104-038,WK4,CM,2,CMTRT,Amoxicillin
SYN-2026-01,SITE-104,SITE-104-038,WK4,CM,2,CMSTDAT,2026-02-26
SYN-2026-01,SITE-104,SITE-104-038,WK12,VS,1,VSDAT,2026-05-13
SYN-2026-01,SITE-104,SITE-104-038,WK12,VS,1,SYSBP,121
SYN-2026-01,SITE-104,SITE-104-038,WK12,VS,1,DIABP,77
SYN-2026-01,SITE-104,SITE-104-038,WK12,VS,1,PULSE,80
SYN-2026-01,SITE-104,SITE-104-038,WK12,VS,1,TEMP,36.6
SYN-2026-01,SITE-104,SITE-104-038,WK12,VS,1,WEIGHT,58.6
SYN-2026-01,SITE-104,SITE-104-038,WK12,EX,1,EXSTDAT,2026-05-13
SYN-2026-01,SITE-104,SITE-104-038,WK12,EX,1,EXDOSE,25
SYN-2026-01,SITE-104,SITE-104-038,WK12,EX,1,EXADJ,N
SYN-2026-01,SITE-104,SITE-104-038,EOS,VS,1,VSDAT,2026-08-12
SYN-2026-01,SITE-104,SITE-104-038,EOS,VS,1,SYSBP,135
SYN-2026-01,SITE-104,SITE-104-038,EOS,VS,1,DIABP,77
SYN-2026-01,SITE-104,SITE-104-038,EOS,VS,1,PULSE,73
SYN-2026-01,SITE-104,SITE-104-038,EOS,VS,1,WEIGHT,78.9
SYN-2026-01,SITE-104,SITE-104-038,EOS,CM,1,CMTRT,Salbutamol
SYN-2026-01,SITE-104,SITE-104-038,EOS,CM,1,CMINDC,Hypertension
SYN-2026-01,SITE-104,SITE-104-038,EOS,CM,1,CMSTDAT,2026-06-30
SYN-2026-01,SITE-104,SITE-104-038,EOS,DS,1,DSCOMP,Y
SYN-2026-01,SITE-104,SITE-104-038,EOS,DS,1,DSSTDAT,2026-08-12
SYN-2026-01,SITE-104,SITE-104-039,SCR,DM,1,BRTHDAT,1973-09-22
SYN-2026-01,SITE-104,SITE-104-039,SCR,DM,1,SEX,M
SYN-2026-01,SITE-104,SITE-104-039,SCR,DM,1,RFICDAT,2025-09-09
SYN-2026-01,SITE-104,SITE-104-039,SCR,DM,1,ARM,B
SYN-2026-01,SITE-104,SITE-104-039,SCR,IE,1,IEYN,Y
SYN-2026-01,SITE-104,SITE-104-039,SCR,IE,1,AGEELIG,Y
SYN-2026-01,SITE-104,SITE-104-039,SCR,VS,1,VSDAT,2025-09-10
SYN-2026-01,SITE-104,SITE-104-039,SCR,VS,1,SYSBP,139
SYN-2026-01,SITE-104,SITE-104-039,SCR,VS,1,DIABP,69
SYN-2026-01,SITE-104,SITE-104-039,SCR,VS,1,PULSE,61
SYN-2026-01,SITE-104,SITE-104-039,SCR,VS,1,TEMP,36.4
SYN-2026-01,SITE-104,SITE-104-039,SCR,VS,1,WEIGHT,86.5
SYN-2026-01,SITE-104,SITE-104-039,BASE,VS,1,VSDAT,2025-09-22
SYN-2026-01,SITE-104,SITE-104-039,BASE,VS,1,SYSBP,138
SYN-2026-01,SITE-104,SITE-104-039,BASE,VS,1,DIABP,68
SYN-2026-01,SITE-104,SITE-104-039,BASE,VS,1,PULSE,69
SYN-2026-01,SITE-104,SITE-104-039,BASE,VS,1,TEMP,36.4
SYN-2026-01,SITE-104,SITE-104-039,BASE,VS,1,WEIGHT,66.0
SYN-2026-01,SITE-104,SITE-104-039,BASE,EX,1,EXSTDAT,2025-09-22
SYN-2026-01,SITE-104,SITE-104-039,BASE,EX,1,EXDOSE,100
SYN-2026-01,SITE-104,SITE-104-039,BASE,EX,1,EXADJ,N
SYN-2026-01,SITE-104,SITE-104-039,WK4,VS,1,VSDAT,2025-10-20
SYN-2026-01,SITE-104,SITE-104-039,WK4,VS,1,SYSBP,111
SYN-2026-01,SITE-104,SITE-104-039,WK4,VS,1,DIABP,75
SYN-2026-01,SITE-104,SITE-104-039,WK4,VS,1,PULSE,68
SYN-2026-01,SITE-104,SITE-104-039,WK4,VS,1,TEMP,35.8
SYN-2026-01,SITE-104,SITE-104-039,WK4,VS,1,WEIGHT,58.2
SYN-2026-01,SITE-104,SITE-104-039,WK4,EX,1,EXSTDAT,2025-10-20
SYN-2026-01,SITE-104,SITE-104-039,WK4,EX,1,EXDOSE,100
SYN-2026-01,SITE-104,SITE-104-039,WK4,EX,1,EXADJ,N
SYN-2026-01,SITE-104,SITE-104-039,WK4,AE,1,AETERM,BP high
SYN-2026-01,SITE-104,SITE-104-039,WK4,AE,1,AESTDAT,2025-10-01
SYN-2026-01,SITE-104,SITE-104-039,WK4,AE,1,AEOUT,RECOVERING
SYN-2026-01,SITE-104,SITE-104-039,WK4,AE,1,AESEV,MILD
SYN-2026-01,SITE-104,SITE-104-039,WK4,AE,1,AESER,N
SYN-2026-01,SITE-104,SITE-104-039,WK4,AE,1,AEREL,UNLIKELY
SYN-2026-01,SITE-104,SITE-104-039,WK12,VS,1,VSDAT,2025-12-18
SYN-2026-01,SITE-104,SITE-104-039,WK12,VS,1,SYSBP,154
SYN-2026-01,SITE-104,SITE-104-039,WK12,VS,1,DIABP,79
SYN-2026-01,SITE-104,SITE-104-039,WK12,VS,1,PULSE,59
SYN-2026-01,SITE-104,SITE-104-039,WK12,VS,1,TEMP,36.0
SYN-2026-01,SITE-104,SITE-104-039,WK12,VS,1,WEIGHT,77.3
SYN-2026-01,SITE-104,SITE-104-039,WK12,EX,1,EXSTDAT,2025-12-18
SYN-2026-01,SITE-104,SITE-104-039,WK12,EX,1,EXDOSE,100
SYN-2026-01,SITE-104,SITE-104-039,WK12,EX,1,EXADJ,N
SYN-2026-01,SITE-104,SITE-104-039,WK12,AE,1,AETERM,Arthralgia
SYN-2026-01,SITE-104,SITE-104-039,WK12,AE,1,AESTDAT,2025-12-10
SYN-2026-01,SITE-104,SITE-104-039,WK12,AE,1,AEOUT,NOT RECOVERED
SYN-2026-01,SITE-104,SITE-104-039,WK12,AE,1,AESEV,SEVERE
SYN-2026-01,SITE-104,SITE-104-039,WK12,AE,1,AESER,N
SYN-2026-01,SITE-104,SITE-104-039,WK12,AE,1,AEREL,PROBABLE
SYN-2026-01,SITE-104,SITE-104-039,WK12,AE,2,AETERM,head ache
SYN-2026-01,SITE-104,SITE-104-039,WK12,AE,2,AESTDAT,2025-12-12
SYN-2026-01,SITE-104,SITE-104-039,WK12,AE,2,AEOUT,RECOVERING
SYN-2026-01,SITE-104,SITE-104-039,WK12,AE,2,AESEV,MILD
SYN-2026-01,SITE-104,SITE-104-039,WK12,AE,2,AESER,N
SYN-2026-01,SITE-104,SITE-104-039,WK12,AE,2,AEREL,RELATED
SYN-2026-01,SITE-104,SITE-104-039,WK12,CM,1,CMTRT,Paracetamol
SYN-2026-01,SITE-104,SITE-104-039,WK12,CM,1,CMINDC,Pain
SYN-2026-01,SITE-104,SITE-104-039,WK12,CM,1,CMSTDAT,2025-11-26
SYN-2026-01,SITE-104,SITE-104-039,EOS,VS,1,VSDAT,2026-03-04
SYN-2026-01,SITE-104,SITE-104-039,EOS,VS,1,SYSBP,125
SYN-2026-01,SITE-104,SITE-104-039,EOS,VS,1,DIABP,98
SYN-2026-01,SITE-104,SITE-104-039,EOS,VS,1,PULSE,60
SYN-2026-01,SITE-104,SITE-104-039,EOS,VS,1,WEIGHT,78.0
SYN-2026-01,SITE-104,SITE-104-039,EOS,DS,1,DSCOMP,Y
SYN-2026-01,SITE-104,SITE-104-039,EOS,DS,1,DSSTDAT,2026-03-04
SYN-2026-01,SITE-103,SITE-103-040,SCR,DM,1,BRTHDAT,1978-10-03
SYN-2026-01,SITE-103,SITE-103-040,SCR,DM,1,SEX,F
SYN-2026-01,SITE-103,SITE-103-040,SCR,DM,1,RFICDAT,2025-09-21
SYN-2026-01,SITE-103,SITE-103-040,SCR,DM,1,ARM,A
SYN-2026-01,SITE-103,SITE-103-040,SCR,IE,1,IEYN,Y
SYN-2026-01,SITE-103,SITE-103-040,SCR,IE,1,AGEELIG,Y
SYN-2026-01,SITE-103,SITE-103-040,SCR,VS,1,VSDAT,2025-09-20
SYN-2026-01,SITE-103,SITE-103-040,SCR,VS,1,SYSBP,111
SYN-2026-01,SITE-103,SITE-103-040,SCR,VS,1,DIABP,64
SYN-2026-01,SITE-103,SITE-103-040,SCR,VS,1,PULSE,71
SYN-2026-01,SITE-103,SITE-103-040,SCR,VS,1,TEMP,36.4
SYN-2026-01,SITE-103,SITE-103-040,SCR,VS,1,WEIGHT,81.3
SYN-2026-01,SITE-103,SITE-103-040,BASE,VS,1,VSDAT,2025-10-02
SYN-2026-01,SITE-103,SITE-103-040,BASE,VS,1,SYSBP,140
SYN-2026-01,SITE-103,SITE-103-040,BASE,VS,1,DIABP,85
SYN-2026-01,SITE-103,SITE-103-040,BASE,VS,1,PULSE,89
SYN-2026-01,SITE-103,SITE-103-040,BASE,VS,1,TEMP,36.7
SYN-2026-01,SITE-103,SITE-103-040,BASE,VS,1,WEIGHT,45.4
SYN-2026-01,SITE-103,SITE-103-040,BASE,EX,1,EXSTDAT,2025-10-02
SYN-2026-01,SITE-103,SITE-103-040,BASE,EX,1,EXDOSE,50
SYN-2026-01,SITE-103,SITE-103-040,BASE,EX,1,EXADJ,Y
SYN-2026-01,SITE-103,SITE-103-040,BASE,AE,1,AETERM,Vomiting
SYN-2026-01,SITE-103,SITE-103-040,BASE,AE,1,AESTDAT,2025-09-21
SYN-2026-01,SITE-103,SITE-103-040,BASE,AE,1,AEOUT,NOT RECOVERED
SYN-2026-01,SITE-103,SITE-103-040,BASE,AE,1,AESEV,MILD
SYN-2026-01,SITE-103,SITE-103-040,BASE,AE,1,AESER,N
SYN-2026-01,SITE-103,SITE-103-040,BASE,AE,1,AEREL,PROBABLE
SYN-2026-01,SITE-103,SITE-103-040,BASE,AE,2,AETERM,Rash
SYN-2026-01,SITE-103,SITE-103-040,BASE,AE,2,AESTDAT,2025-10-02
SYN-2026-01,SITE-103,SITE-103-040,BASE,AE,2,AEOUT,UNKNOWN
SYN-2026-01,SITE-103,SITE-103-040,BASE,AE,2,AESEV,MILD
SYN-2026-01,SITE-103,SITE-103-040,BASE,AE,2,AESER,N
SYN-2026-01,SITE-103,SITE-103-040,BASE,AE,2,AEREL,NOT RELATED
SYN-2026-01,SITE-103,SITE-103-040,WK4,VS,1,VSDAT,2025-11-01
SYN-2026-01,SITE-103,SITE-103-040,WK4,VS,1,SYSBP,103
SYN-2026-01,SITE-103,SITE-103-040,WK4,VS,1,DIABP,84
SYN-2026-01,SITE-103,SITE-103-040,WK4,VS,1,PULSE,87
SYN-2026-01,SITE-103,SITE-103-040,WK4,VS,1,TEMP,36.6
SYN-2026-01,SITE-103,SITE-103-040,WK4,VS,1,WEIGHT,89.1
SYN-2026-01,SITE-103,SITE-103-040,WK4,EX,1,EXSTDAT,2025-11-01
SYN-2026-01,SITE-103,SITE-103-040,WK4,EX,1,EXDOSE,50
SYN-2026-01,SITE-103,SITE-103-040,WK4,EX,1,EXADJ,N
SYN-2026-01,SITE-103,SITE-103-040,WK4,AE,1,AETERM,not himself
SYN-2026-01,SITE-103,SITE-103-040,WK4,AE,1,AESTDAT,2025-10-22
SYN-2026-01,SITE-103,SITE-103-040,WK4,AE,1,AEOUT,RECOVERED
SYN-2026-01,SITE-103,SITE-103-040,WK4,AE,1,AEENDAT,2025-11-02
SYN-2026-01,SITE-103,SITE-103-040,WK4,AE,1,AESEV,MODERATE
SYN-2026-01,SITE-103,SITE-103-040,WK4,AE,1,AESER,N
SYN-2026-01,SITE-103,SITE-103-040,WK4,AE,1,AEREL,UNLIKELY
SYN-2026-01,SITE-103,SITE-103-040,WK4,CM,1,CMTRT,Metformin
SYN-2026-01,SITE-103,SITE-103-040,WK4,CM,1,CMINDC,Hypertension
SYN-2026-01,SITE-103,SITE-103-040,WK4,CM,1,CMSTDAT,2025-10-17
SYN-2026-01,SITE-103,SITE-103-040,WK4,DS,1,DSCOMP,N
SYN-2026-01,SITE-103,SITE-103-040,WK4,DS,1,DSTERM,Lost to follow-up
SYN-2026-01,SITE-103,SITE-103-040,WK4,DS,1,DSSTDAT,2025-11-01
SYN-2026-01,SITE-105,SITE-105-041,SCR,DM,1,BRTHDAT,2005-11-29
SYN-2026-01,SITE-105,SITE-105-041,SCR,DM,1,SEX,M
SYN-2026-01,SITE-105,SITE-105-041,SCR,DM,1,RFICDAT,2025-11-24
SYN-2026-01,SITE-105,SITE-105-041,SCR,DM,1,ARM,B
SYN-2026-01,SITE-105,SITE-105-041,SCR,IE,1,IEYN,Y
SYN-2026-01,SITE-105,SITE-105-041,SCR,IE,1,AGEELIG,Y
SYN-2026-01,SITE-105,SITE-105-041,SCR,VS,1,VSDAT,2025-11-18
SYN-2026-01,SITE-105,SITE-105-041,SCR,VS,1,SYSBP,133
SYN-2026-01,SITE-105,SITE-105-041,SCR,VS,1,DIABP,78
SYN-2026-01,SITE-105,SITE-105-041,SCR,VS,1,PULSE,61
SYN-2026-01,SITE-105,SITE-105-041,SCR,VS,1,TEMP,36.8
SYN-2026-01,SITE-105,SITE-105-041,SCR,VS,1,WEIGHT,81.8
SYN-2026-01,SITE-105,SITE-105-041,SCR,MH,1,MHTERM,Hypercholesterolaemia
SYN-2026-01,SITE-105,SITE-105-041,SCR,MH,1,MHSTDAT,2021-12-16
SYN-2026-01,SITE-105,SITE-105-041,SCR,MH,1,MHONGO,N
SYN-2026-01,SITE-105,SITE-105-041,SCR,MH,2,MHTERM,Osteoarthritis
SYN-2026-01,SITE-105,SITE-105-041,SCR,MH,2,MHSTDAT,2019-07-29
SYN-2026-01,SITE-105,SITE-105-041,SCR,MH,2,MHONGO,N
SYN-2026-01,SITE-105,SITE-105-041,BASE,VS,1,VSDAT,2025-12-05
SYN-2026-01,SITE-105,SITE-105-041,BASE,VS,1,SYSBP,128
SYN-2026-01,SITE-105,SITE-105-041,BASE,VS,1,DIABP,76
SYN-2026-01,SITE-105,SITE-105-041,BASE,VS,1,PULSE,75
SYN-2026-01,SITE-105,SITE-105-041,BASE,VS,1,TEMP,36.0
SYN-2026-01,SITE-105,SITE-105-041,BASE,VS,1,WEIGHT,61.0
SYN-2026-01,SITE-105,SITE-105-041,BASE,EX,1,EXSTDAT,2025-12-05
SYN-2026-01,SITE-105,SITE-105-041,BASE,EX,1,EXDOSE,100
SYN-2026-01,SITE-105,SITE-105-041,BASE,EX,1,EXADJ,N
SYN-2026-01,SITE-105,SITE-105-041,BASE,AE,1,AETERM,Fatigue
SYN-2026-01,SITE-105,SITE-105-041,BASE,AE,1,AESTDAT,2025-11-24
SYN-2026-01,SITE-105,SITE-105-041,BASE,AE,1,AEOUT,RECOVERED
SYN-2026-01,SITE-105,SITE-105-041,BASE,AE,1,AEENDAT,2025-12-04
SYN-2026-01,SITE-105,SITE-105-041,BASE,AE,1,AESEV,MILD
SYN-2026-01,SITE-105,SITE-105-041,BASE,AE,1,AESER,N
SYN-2026-01,SITE-105,SITE-105-041,BASE,AE,1,AEREL,NOT RELATED
SYN-2026-01,SITE-105,SITE-105-041,WK4,VS,1,VSDAT,2025-12-31
SYN-2026-01,SITE-105,SITE-105-041,WK4,VS,1,SYSBP,136
SYN-2026-01,SITE-105,SITE-105-041,WK4,VS,1,DIABP,73
SYN-2026-01,SITE-105,SITE-105-041,WK4,VS,1,PULSE,71
SYN-2026-01,SITE-105,SITE-105-041,WK4,VS,1,TEMP,36.0
SYN-2026-01,SITE-105,SITE-105-041,WK4,VS,1,WEIGHT,95.5
SYN-2026-01,SITE-105,SITE-105-041,WK4,EX,1,EXSTDAT,2025-12-31
SYN-2026-01,SITE-105,SITE-105-041,WK4,EX,1,EXDOSE,50
SYN-2026-01,SITE-105,SITE-105-041,WK4,EX,1,EXADJ,N
SYN-2026-01,SITE-105,SITE-105-041,WK4,AE,1,AETERM,Dizziness
SYN-2026-01,SITE-105,SITE-105-041,WK4,AE,1,AESTDAT,2025-12-17
SYN-2026-01,SITE-105,SITE-105-041,WK4,AE,1,AEOUT,RECOVERED
SYN-2026-01,SITE-105,SITE-105-041,WK4,AE,1,AEENDAT,2026-01-04
SYN-2026-01,SITE-105,SITE-105-041,WK4,AE,1,AESEV,MILD
SYN-2026-01,SITE-105,SITE-105-041,WK4,AE,1,AESER,N
SYN-2026-01,SITE-105,SITE-105-041,WK4,AE,1,AEREL,UNLIKELY
SYN-2026-01,SITE-105,SITE-105-041,WK12,VS,1,VSDAT,2026-02-26
SYN-2026-01,SITE-105,SITE-105-041,WK12,VS,1,SYSBP,138
SYN-2026-01,SITE-105,SITE-105-041,WK12,VS,1,DIABP,67
SYN-2026-01,SITE-105,SITE-105-041,WK12,VS,1,PULSE,59
SYN-2026-01,SITE-105,SITE-105-041,WK12,VS,1,WEIGHT,95.4
SYN-2026-01,SITE-105,SITE-105-041,WK12,EX,1,EXSTDAT,2026-02-26
SYN-2026-01,SITE-105,SITE-105-041,WK12,EX,1,EXDOSE,25
SYN-2026-01,SITE-105,SITE-105-041,WK12,EX,1,EXADJ,N
SYN-2026-01,SITE-105,SITE-105-041,WK12,AE,1,AETERM,Insomnia
SYN-2026-01,SITE-105,SITE-105-041,WK12,AE,1,AESTDAT,2026-02-21
SYN-2026-01,SITE-105,SITE-105-041,WK12,AE,1,AEOUT,RECOVERING
SYN-2026-01,SITE-105,SITE-105-041,WK12,AE,1,AESEV,MODERATE
SYN-2026-01,SITE-105,SITE-105-041,WK12,AE,1,AESER,N
SYN-2026-01,SITE-105,SITE-105-041,WK12,AE,1,AEREL,UNLIKELY
SYN-2026-01,SITE-105,SITE-105-041,WK12,AE,2,AETERM,Fatigue
SYN-2026-01,SITE-105,SITE-105-041,WK12,AE,2,AESTDAT,2026-02-19
SYN-2026-01,SITE-105,SITE-105-041,WK12,AE,2,AEOUT,RECOVERED
SYN-2026-01,SITE-105,SITE-105-041,WK12,AE,2,AEENDAT,2026-03-08
SYN-2026-01,SITE-105,SITE-105-041,WK12,AE,2,AESEV,MODERATE
SYN-2026-01,SITE-105,SITE-105-041,WK12,AE,2,AESER,N
SYN-2026-01,SITE-105,SITE-105-041,WK12,AE,2,AEREL,RELATED
SYN-2026-01,SITE-105,SITE-105-041,WK12,AE,3,AETERM,BP high
SYN-2026-01,SITE-105,SITE-105-041,WK12,AE,3,AESTDAT,2026-02-25
SYN-2026-01,SITE-105,SITE-105-041,WK12,AE,3,AEOUT,RECOVERING
SYN-2026-01,SITE-105,SITE-105-041,WK12,AE,3,AESEV,MODERATE
SYN-2026-01,SITE-105,SITE-105-041,WK12,AE,3,AESER,N
SYN-2026-01,SITE-105,SITE-105-041,WK12,AE,3,AEREL,NOT RELATED
SYN-2026-01,SITE-105,SITE-105-041,EOS,VS,1,VSDAT,2026-05-16
SYN-2026-01,SITE-105,SITE-105-041,EOS,VS,1,SYSBP,134
SYN-2026-01,SITE-105,SITE-105-041,EOS,VS,1,DIABP,81
SYN-2026-01,SITE-105,SITE-105-041,EOS,VS,1,PULSE,69
SYN-2026-01,SITE-105,SITE-105-041,EOS,VS,1,TEMP,36.4
SYN-2026-01,SITE-105,SITE-105-041,EOS,VS,1,WEIGHT,86.6
SYN-2026-01,SITE-105,SITE-105-041,EOS,CM,1,CMTRT,Ibuprofen
SYN-2026-01,SITE-105,SITE-105-041,EOS,CM,1,CMINDC,Infection
SYN-2026-01,SITE-105,SITE-105-041,EOS,CM,1,CMSTDAT,2026-04-20
SYN-2026-01,SITE-105,SITE-105-041,EOS,CM,2,CMTRT,tylenol
SYN-2026-01,SITE-105,SITE-105-041,EOS,CM,2,CMINDC,Prophylaxis
SYN-2026-01,SITE-105,SITE-105-041,EOS,CM,2,CMSTDAT,2026-03-30
SYN-2026-01,SITE-105,SITE-105-041,EOS,DS,1,DSCOMP,Y
SYN-2026-01,SITE-105,SITE-105-041,EOS,DS,1,DSSTDAT,2026-05-16
SYN-2026-01,SITE-105,SITE-105-042,SCR,DM,1,BRTHDAT,1971-10-15
SYN-2026-01,SITE-105,SITE-105-042,SCR,DM,1,SEX,M
SYN-2026-01,SITE-105,SITE-105-042,SCR,DM,1,RFICDAT,2025-10-01
SYN-2026-01,SITE-105,SITE-105-042,SCR,DM,1,ARM,B
SYN-2026-01,SITE-105,SITE-105-042,SCR,IE,1,IEYN,Y
SYN-2026-01,SITE-105,SITE-105-042,SCR,IE,1,AGEELIG,Y
SYN-2026-01,SITE-105,SITE-105-042,SCR,VS,1,VSDAT,2025-10-06
SYN-2026-01,SITE-105,SITE-105-042,SCR,VS,1,SYSBP,127
SYN-2026-01,SITE-105,SITE-105-042,SCR,VS,1,DIABP,92
SYN-2026-01,SITE-105,SITE-105-042,SCR,VS,1,PULSE,78
SYN-2026-01,SITE-105,SITE-105-042,SCR,VS,1,TEMP,36.6
SYN-2026-01,SITE-105,SITE-105-042,SCR,VS,1,WEIGHT,81.5
SYN-2026-01,SITE-105,SITE-105-042,SCR,MH,1,MHTERM,Asthma
SYN-2026-01,SITE-105,SITE-105-042,SCR,MH,1,MHSTDAT,2025-02-13
SYN-2026-01,SITE-105,SITE-105-042,SCR,MH,1,MHONGO,Y
SYN-2026-01,SITE-105,SITE-105-042,SCR,MH,2,MHTERM,Asthma
SYN-2026-01,SITE-105,SITE-105-042,SCR,MH,2,MHSTDAT,2022-02-11
SYN-2026-01,SITE-105,SITE-105-042,SCR,MH,2,MHONGO,N
SYN-2026-01,SITE-105,SITE-105-042,BASE,VS,1,VSDAT,2025-10-19
SYN-2026-01,SITE-105,SITE-105-042,BASE,VS,1,SYSBP,121
SYN-2026-01,SITE-105,SITE-105-042,BASE,VS,1,DIABP,77
SYN-2026-01,SITE-105,SITE-105-042,BASE,VS,1,PULSE,62
SYN-2026-01,SITE-105,SITE-105-042,BASE,VS,1,WEIGHT,91.3
SYN-2026-01,SITE-105,SITE-105-042,BASE,EX,1,EXSTDAT,2025-10-19
SYN-2026-01,SITE-105,SITE-105-042,BASE,EX,1,EXDOSE,25
SYN-2026-01,SITE-105,SITE-105-042,BASE,EX,1,EXADJ,N
SYN-2026-01,SITE-105,SITE-105-042,WK4,VS,1,VSDAT,2025-11-16
SYN-2026-01,SITE-105,SITE-105-042,WK4,VS,1,SYSBP,125
SYN-2026-01,SITE-105,SITE-105-042,WK4,VS,1,DIABP,79
SYN-2026-01,SITE-105,SITE-105-042,WK4,VS,1,PULSE,74
SYN-2026-01,SITE-105,SITE-105-042,WK4,VS,1,TEMP,37.0
SYN-2026-01,SITE-105,SITE-105-042,WK4,VS,1,WEIGHT,75.7
SYN-2026-01,SITE-105,SITE-105-042,WK4,EX,1,EXSTDAT,2025-11-16
SYN-2026-01,SITE-105,SITE-105-042,WK4,EX,1,EXDOSE,50
SYN-2026-01,SITE-105,SITE-105-042,WK4,EX,1,EXADJ,N
SYN-2026-01,SITE-105,SITE-105-042,WK12,VS,1,VSDAT,2026-01-15
SYN-2026-01,SITE-105,SITE-105-042,WK12,VS,1,SYSBP,119
SYN-2026-01,SITE-105,SITE-105-042,WK12,VS,1,DIABP,93
SYN-2026-01,SITE-105,SITE-105-042,WK12,VS,1,PULSE,78
SYN-2026-01,SITE-105,SITE-105-042,WK12,VS,1,TEMP,36.3
SYN-2026-01,SITE-105,SITE-105-042,WK12,VS,1,WEIGHT,99.3
SYN-2026-01,SITE-105,SITE-105-042,WK12,EX,1,EXSTDAT,2026-01-15
SYN-2026-01,SITE-105,SITE-105-042,WK12,EX,1,EXDOSE,100
SYN-2026-01,SITE-105,SITE-105-042,WK12,EX,1,EXADJ,Y
SYN-2026-01,SITE-105,SITE-105-042,WK12,AE,1,AETERM,Upper respiratory tract infection
SYN-2026-01,SITE-105,SITE-105-042,WK12,AE,1,AESTDAT,2025-12-30
SYN-2026-01,SITE-105,SITE-105-042,WK12,AE,1,AEOUT,NOT RECOVERED
SYN-2026-01,SITE-105,SITE-105-042,WK12,AE,1,AESEV,MILD
SYN-2026-01,SITE-105,SITE-105-042,WK12,AE,1,AESER,N
SYN-2026-01,SITE-105,SITE-105-042,WK12,AE,1,AEREL,UNLIKELY
SYN-2026-01,SITE-105,SITE-105-042,WK12,AE,2,AETERM,BP high
SYN-2026-01,SITE-105,SITE-105-042,WK12,AE,2,AESTDAT,2025-12-27
SYN-2026-01,SITE-105,SITE-105-042,WK12,AE,2,AEOUT,NOT RECOVERED
SYN-2026-01,SITE-105,SITE-105-042,WK12,AE,2,AESEV,MODERATE
SYN-2026-01,SITE-105,SITE-105-042,WK12,AE,2,AESER,N
SYN-2026-01,SITE-105,SITE-105-042,WK12,AE,2,AEREL,POSSIBLE
SYN-2026-01,SITE-105,SITE-105-042,WK12,AE,3,AETERM,feeling sick to stomach
SYN-2026-01,SITE-105,SITE-105-042,WK12,AE,3,AESTDAT,2026-01-02
SYN-2026-01,SITE-105,SITE-105-042,WK12,AE,3,AEOUT,RECOVERED
SYN-2026-01,SITE-105,SITE-105-042,WK12,AE,3,AEENDAT,2026-01-21
SYN-2026-01,SITE-105,SITE-105-042,WK12,AE,3,AESEV,MILD
SYN-2026-01,SITE-105,SITE-105-042,WK12,AE,3,AESER,Y
SYN-2026-01,SITE-105,SITE-105-042,WK12,AE,3,AEREL,POSSIBLE
SYN-2026-01,SITE-105,SITE-105-042,WK12,AE,3,AEACN,DOSE REDUCED
SYN-2026-01,SITE-105,SITE-105-042,EOS,VS,1,VSDAT,2026-03-29
SYN-2026-01,SITE-105,SITE-105-042,EOS,VS,1,SYSBP,103
SYN-2026-01,SITE-105,SITE-105-042,EOS,VS,1,DIABP,84
SYN-2026-01,SITE-105,SITE-105-042,EOS,VS,1,PULSE,80
SYN-2026-01,SITE-105,SITE-105-042,EOS,VS,1,TEMP,36.8
SYN-2026-01,SITE-105,SITE-105-042,EOS,VS,1,WEIGHT,73.7
SYN-2026-01,SITE-105,SITE-105-042,EOS,AE,1,AETERM,not himself
SYN-2026-01,SITE-105,SITE-105-042,EOS,AE,1,AESTDAT,2026-03-25
SYN-2026-01,SITE-105,SITE-105-042,EOS,AE,1,AEOUT,RECOVERED
SYN-2026-01,SITE-105,SITE-105-042,EOS,AE,1,AEENDAT,2026-04-10
SYN-2026-01,SITE-105,SITE-105-042,EOS,AE,1,AESEV,MILD
SYN-2026-01,SITE-105,SITE-105-042,EOS,AE,1,AESER,N
SYN-2026-01,SITE-105,SITE-105-042,EOS,AE,1,AEREL,RELATED
SYN-2026-01,SITE-105,SITE-105-042,EOS,CM,1,CMTRT,Metformin
SYN-2026-01,SITE-105,SITE-105-042,EOS,CM,1,CMINDC,Prophylaxis
SYN-2026-01,SITE-105,SITE-105-042,EOS,CM,1,CMSTDAT,2026-03-19
SYN-2026-01,SITE-105,SITE-105-042,EOS,DS,1,DSCOMP,Y
SYN-2026-01,SITE-105,SITE-105-042,EOS,DS,1,DSSTDAT,2026-03-29
SYN-2026-01,SITE-103,SITE-103-043,SCR,DM,1,BRTHDAT,1992-09-27
SYN-2026-01,SITE-103,SITE-103-043,SCR,DM,1,SEX,F
SYN-2026-01,SITE-103,SITE-103-043,SCR,DM,1,RFICDAT,2025-09-19
SYN-2026-01,SITE-103,SITE-103-043,SCR,DM,1,ARM,A
SYN-2026-01,SITE-103,SITE-103-043,SCR,IE,1,IEYN,Y
SYN-2026-01,SITE-103,SITE-103-043,SCR,IE,1,AGEELIG,Y
SYN-2026-01,SITE-103,SITE-103-043,SCR,VS,1,VSDAT,2025-09-22
SYN-2026-01,SITE-103,SITE-103-043,SCR,VS,1,SYSBP,144
SYN-2026-01,SITE-103,SITE-103-043,SCR,VS,1,DIABP,74
SYN-2026-01,SITE-103,SITE-103-043,SCR,VS,1,PULSE,76
SYN-2026-01,SITE-103,SITE-103-043,SCR,VS,1,TEMP,36.1
SYN-2026-01,SITE-103,SITE-103-043,SCR,VS,1,WEIGHT,90.6
SYN-2026-01,SITE-103,SITE-103-043,SCR,MH,1,MHTERM,Type 2 diabetes mellitus
SYN-2026-01,SITE-103,SITE-103-043,SCR,MH,1,MHSTDAT,2019-12-24
SYN-2026-01,SITE-103,SITE-103-043,SCR,MH,1,MHONGO,N
SYN-2026-01,SITE-103,SITE-103-043,BASE,VS,1,VSDAT,2025-10-06
SYN-2026-01,SITE-103,SITE-103-043,BASE,VS,1,SYSBP,115
SYN-2026-01,SITE-103,SITE-103-043,BASE,VS,1,DIABP,78
SYN-2026-01,SITE-103,SITE-103-043,BASE,VS,1,PULSE,86
SYN-2026-01,SITE-103,SITE-103-043,BASE,VS,1,TEMP,36.6
SYN-2026-01,SITE-103,SITE-103-043,BASE,VS,1,WEIGHT,56.4
SYN-2026-01,SITE-103,SITE-103-043,BASE,EX,1,EXSTDAT,2025-10-06
SYN-2026-01,SITE-103,SITE-103-043,BASE,EX,1,EXDOSE,25
SYN-2026-01,SITE-103,SITE-103-043,BASE,EX,1,EXADJ,N
SYN-2026-01,SITE-103,SITE-103-043,WK4,VS,1,VSDAT,2025-11-05
SYN-2026-01,SITE-103,SITE-103-043,WK4,VS,1,SYSBP,120
SYN-2026-01,SITE-103,SITE-103-043,WK4,VS,1,DIABP,82
SYN-2026-01,SITE-103,SITE-103-043,WK4,VS,1,PULSE,74
SYN-2026-01,SITE-103,SITE-103-043,WK4,VS,1,TEMP,37.0
SYN-2026-01,SITE-103,SITE-103-043,WK4,VS,1,WEIGHT,72.5
SYN-2026-01,SITE-103,SITE-103-043,WK4,EX,1,EXSTDAT,2025-11-05
SYN-2026-01,SITE-103,SITE-103-043,WK4,EX,1,EXDOSE,25
SYN-2026-01,SITE-103,SITE-103-043,WK4,EX,1,EXADJ,Y
SYN-2026-01,SITE-103,SITE-103-043,WK4,CM,1,CMTRT,Atorvastatin
SYN-2026-01,SITE-103,SITE-103-043,WK4,CM,1,CMINDC,Prophylaxis
SYN-2026-01,SITE-103,SITE-103-043,WK4,CM,1,CMSTDAT,2025-09-11
SYN-2026-01,SITE-103,SITE-103-043,WK12,VS,1,VSDAT,2025-12-31
SYN-2026-01,SITE-103,SITE-103-043,WK12,VS,1,SYSBP,117
SYN-2026-01,SITE-103,SITE-103-043,WK12,VS,1,DIABP,87
SYN-2026-01,SITE-103,SITE-103-043,WK12,VS,1,PULSE,69
SYN-2026-01,SITE-103,SITE-103-043,WK12,VS,1,TEMP,36.3
SYN-2026-01,SITE-103,SITE-103-043,WK12,VS,1,WEIGHT,73.1
SYN-2026-01,SITE-103,SITE-103-043,WK12,EX,1,EXSTDAT,2025-12-31
SYN-2026-01,SITE-103,SITE-103-043,WK12,EX,1,EXDOSE,50
SYN-2026-01,SITE-103,SITE-103-043,WK12,EX,1,EXADJ,Y
SYN-2026-01,SITE-103,SITE-103-043,WK12,AE,1,AETERM,Headache
SYN-2026-01,SITE-103,SITE-103-043,WK12,AE,1,AESTDAT,2025-12-29
SYN-2026-01,SITE-103,SITE-103-043,WK12,AE,1,AEOUT,RECOVERED
SYN-2026-01,SITE-103,SITE-103-043,WK12,AE,1,AEENDAT,2026-01-13
SYN-2026-01,SITE-103,SITE-103-043,WK12,AE,1,AESEV,SEVERE
SYN-2026-01,SITE-103,SITE-103-043,WK12,AE,1,AESER,N
SYN-2026-01,SITE-103,SITE-103-043,WK12,AE,1,AEREL,RELATED
SYN-2026-01,SITE-103,SITE-103-043,WK12,CM,1,CMTRT,Paracetamol
SYN-2026-01,SITE-103,SITE-103-043,WK12,CM,1,CMINDC,Infection
SYN-2026-01,SITE-103,SITE-103-043,WK12,CM,1,CMSTDAT,2025-12-21
SYN-2026-01,SITE-103,SITE-103-043,EOS,VS,1,VSDAT,2026-03-27
SYN-2026-01,SITE-103,SITE-103-043,EOS,VS,1,SYSBP,135
SYN-2026-01,SITE-103,SITE-103-043,EOS,VS,1,DIABP,90
SYN-2026-01,SITE-103,SITE-103-043,EOS,VS,1,PULSE,78
SYN-2026-01,SITE-103,SITE-103-043,EOS,VS,1,TEMP,36.6
SYN-2026-01,SITE-103,SITE-103-043,EOS,VS,1,WEIGHT,105.8
SYN-2026-01,SITE-103,SITE-103-043,EOS,CM,1,CMTRT,Atorvastatin
SYN-2026-01,SITE-103,SITE-103-043,EOS,CM,1,CMINDC,Prophylaxis
SYN-2026-01,SITE-103,SITE-103-043,EOS,CM,1,CMSTDAT,2026-02-05
SYN-2026-01,SITE-103,SITE-103-043,EOS,CM,2,CMTRT,Salbutamol
SYN-2026-01,SITE-103,SITE-103-043,EOS,CM,2,CMINDC,Infection
SYN-2026-01,SITE-103,SITE-103-043,EOS,CM,2,CMSTDAT,2026-02-04
SYN-2026-01,SITE-103,SITE-103-043,EOS,CM,3,CMTRT,Metformin
SYN-2026-01,SITE-103,SITE-103-043,EOS,CM,3,CMINDC,Infection
SYN-2026-01,SITE-103,SITE-103-043,EOS,CM,3,CMSTDAT,2026-02-22
SYN-2026-01,SITE-103,SITE-103-043,EOS,DS,1,DSCOMP,Y
SYN-2026-01,SITE-103,SITE-103-043,EOS,DS,1,DSSTDAT,2026-03-27
SYN-2026-01,SITE-105,SITE-105-044,SCR,DM,1,BRTHDAT,2003-03-03
SYN-2026-01,SITE-105,SITE-105-044,SCR,DM,1,SEX,F
SYN-2026-01,SITE-105,SITE-105-044,SCR,DM,1,RFICDAT,2026-02-25
SYN-2026-01,SITE-105,SITE-105-044,SCR,DM,1,ARM,A
SYN-2026-01,SITE-105,SITE-105-044,SCR,IE,1,IEYN,Y
SYN-2026-01,SITE-105,SITE-105-044,SCR,IE,1,AGEELIG,Y
SYN-2026-01,SITE-105,SITE-105-044,SCR,VS,1,VSDAT,2026-02-16
SYN-2026-01,SITE-105,SITE-105-044,SCR,VS,1,SYSBP,112
SYN-2026-01,SITE-105,SITE-105-044,SCR,VS,1,DIABP,84
SYN-2026-01,SITE-105,SITE-105-044,SCR,VS,1,PULSE,69
SYN-2026-01,SITE-105,SITE-105-044,SCR,VS,1,WEIGHT,100.1
SYN-2026-01,SITE-105,SITE-105-044,BASE,VS,1,VSDAT,2026-03-09
SYN-2026-01,SITE-105,SITE-105-044,BASE,VS,1,SYSBP,138
SYN-2026-01,SITE-105,SITE-105-044,BASE,VS,1,DIABP,80
SYN-2026-01,SITE-105,SITE-105-044,BASE,VS,1,PULSE,92
SYN-2026-01,SITE-105,SITE-105-044,BASE,VS,1,TEMP,36.9
SYN-2026-01,SITE-105,SITE-105-044,BASE,VS,1,WEIGHT,79.2
SYN-2026-01,SITE-105,SITE-105-044,BASE,EX,1,EXSTDAT,2026-03-09
SYN-2026-01,SITE-105,SITE-105-044,BASE,EX,1,EXDOSE,50
SYN-2026-01,SITE-105,SITE-105-044,BASE,EX,1,EXADJ,N
SYN-2026-01,SITE-105,SITE-105-044,BASE,AE,1,AETERM,Cough
SYN-2026-01,SITE-105,SITE-105-044,BASE,AE,1,AESTDAT,2026-03-01
SYN-2026-01,SITE-105,SITE-105-044,BASE,AE,1,AEOUT,RECOVERED
SYN-2026-01,SITE-105,SITE-105-044,BASE,AE,1,AEENDAT,2026-03-15
SYN-2026-01,SITE-105,SITE-105-044,BASE,AE,1,AESEV,MODERATE
SYN-2026-01,SITE-105,SITE-105-044,BASE,AE,1,AESER,N
SYN-2026-01,SITE-105,SITE-105-044,BASE,AE,1,AEREL,NOT RELATED
SYN-2026-01,SITE-105,SITE-105-044,WK4,VS,1,VSDAT,2026-04-04
SYN-2026-01,SITE-105,SITE-105-044,WK4,VS,1,SYSBP,123
SYN-2026-01,SITE-105,SITE-105-044,WK4,VS,1,DIABP,88
SYN-2026-01,SITE-105,SITE-105-044,WK4,VS,1,PULSE,65
SYN-2026-01,SITE-105,SITE-105-044,WK4,VS,1,TEMP,36.9
SYN-2026-01,SITE-105,SITE-105-044,WK4,VS,1,WEIGHT,70.5
SYN-2026-01,SITE-105,SITE-105-044,WK4,EX,1,EXSTDAT,2026-04-04
SYN-2026-01,SITE-105,SITE-105-044,WK4,EX,1,EXDOSE,100
SYN-2026-01,SITE-105,SITE-105-044,WK4,EX,1,EXADJ,N
SYN-2026-01,SITE-105,SITE-105-044,WK4,CM,1,CMTRT,Ibuprofen
SYN-2026-01,SITE-105,SITE-105-044,WK4,CM,1,CMSTDAT,2026-03-01
SYN-2026-01,SITE-105,SITE-105-044,WK4,CM,2,CMTRT,Paracetamol
SYN-2026-01,SITE-105,SITE-105-044,WK4,CM,2,CMINDC,Hypertension
SYN-2026-01,SITE-105,SITE-105-044,WK4,CM,2,CMSTDAT,2026-02-25
SYN-2026-01,SITE-105,SITE-105-044,WK12,VS,1,VSDAT,2026-06-04
SYN-2026-01,SITE-105,SITE-105-044,WK12,VS,1,SYSBP,119
SYN-2026-01,SITE-105,SITE-105-044,WK12,VS,1,DIABP,71
SYN-2026-01,SITE-105,SITE-105-044,WK12,VS,1,PULSE,70
SYN-2026-01,SITE-105,SITE-105-044,WK12,VS,1,TEMP,37.0
SYN-2026-01,SITE-105,SITE-105-044,WK12,VS,1,WEIGHT,77.5
SYN-2026-01,SITE-105,SITE-105-044,WK12,EX,1,EXSTDAT,2026-06-04
SYN-2026-01,SITE-105,SITE-105-044,WK12,EX,1,EXDOSE,50
SYN-2026-01,SITE-105,SITE-105-044,WK12,EX,1,EXADJ,N
SYN-2026-01,SITE-105,SITE-105-044,WK12,AE,1,AETERM,head ache
SYN-2026-01,SITE-105,SITE-105-044,WK12,AE,1,AESTDAT,2026-05-23
SYN-2026-01,SITE-105,SITE-105-044,WK12,AE,1,AEOUT,RECOVERED
SYN-2026-01,SITE-105,SITE-105-044,WK12,AE,1,AEENDAT,2026-05-28
SYN-2026-01,SITE-105,SITE-105-044,WK12,AE,1,AESEV,MODERATE
SYN-2026-01,SITE-105,SITE-105-044,WK12,AE,1,AESER,N
SYN-2026-01,SITE-105,SITE-105-044,WK12,AE,1,AEREL,POSSIBLE
SYN-2026-01,SITE-105,SITE-105-044,WK12,AE,2,AETERM,feeling sick to stomach
SYN-2026-01,SITE-105,SITE-105-044,WK12,AE,2,AESTDAT,2026-05-24
SYN-2026-01,SITE-105,SITE-105-044,WK12,AE,2,AEOUT,RECOVERING
SYN-2026-01,SITE-105,SITE-105-044,WK12,AE,2,AESEV,MODERATE
SYN-2026-01,SITE-105,SITE-105-044,WK12,AE,2,AESER,N
SYN-2026-01,SITE-105,SITE-105-044,WK12,AE,2,AEREL,PROBABLE
SYN-2026-01,SITE-105,SITE-105-044,WK12,AE,3,AETERM,Arthralgia
SYN-2026-01,SITE-105,SITE-105-044,WK12,AE,3,AESTDAT,2026-05-21
SYN-2026-01,SITE-105,SITE-105-044,WK12,AE,3,AEOUT,RECOVERING
SYN-2026-01,SITE-105,SITE-105-044,WK12,AE,3,AESEV,MODERATE
SYN-2026-01,SITE-105,SITE-105-044,WK12,AE,3,AESER,N
SYN-2026-01,SITE-105,SITE-105-044,WK12,AE,3,AEREL,PROBABLE
SYN-2026-01,SITE-105,SITE-105-044,EOS,VS,1,VSDAT,2026-08-25
SYN-2026-01,SITE-105,SITE-105-044,EOS,VS,1,SYSBP,118
SYN-2026-01,SITE-105,SITE-105-044,EOS,VS,1,DIABP,88
SYN-2026-01,SITE-105,SITE-105-044,EOS,VS,1,PULSE,48
SYN-2026-01,SITE-105,SITE-105-044,EOS,VS,1,TEMP,36.8
SYN-2026-01,SITE-105,SITE-105-044,EOS,VS,1,WEIGHT,80.4
SYN-2026-01,SITE-105,SITE-105-044,EOS,AE,1,AETERM,Rash
SYN-2026-01,SITE-105,SITE-105-044,EOS,AE,1,AESTDAT,2026-08-07
SYN-2026-01,SITE-105,SITE-105-044,EOS,AE,1,AEOUT,RECOVERED
SYN-2026-01,SITE-105,SITE-105-044,EOS,AE,1,AEENDAT,2026-08-27
SYN-2026-01,SITE-105,SITE-105-044,EOS,AE,1,AESEV,MILD
SYN-2026-01,SITE-105,SITE-105-044,EOS,AE,1,AESER,N
SYN-2026-01,SITE-105,SITE-105-044,EOS,AE,1,AEREL,PROBABLE
SYN-2026-01,SITE-105,SITE-105-044,EOS,AE,2,AETERM,sore throat and runny nose
SYN-2026-01,SITE-105,SITE-105-044,EOS,AE,2,AESTDAT,2026-08-11
SYN-2026-01,SITE-105,SITE-105-044,EOS,AE,2,AEOUT,RECOVERED
SYN-2026-01,SITE-105,SITE-105-044,EOS,AE,2,AEENDAT,2026-08-20
SYN-2026-01,SITE-105,SITE-105-044,EOS,AE,2,AESEV,MODERATE
SYN-2026-01,SITE-105,SITE-105-044,EOS,AE,2,AESER,N
SYN-2026-01,SITE-105,SITE-105-044,EOS,AE,2,AEREL,UNLIKELY
SYN-2026-01,SITE-105,SITE-105-044,EOS,CM,1,CMTRT,Atorvastatin
SYN-2026-01,SITE-105,SITE-105-044,EOS,CM,1,CMINDC,Hypertension
SYN-2026-01,SITE-105,SITE-105-044,EOS,CM,1,CMSTDAT,2026-07-30
SYN-2026-01,SITE-105,SITE-105-044,EOS,CM,2,CMTRT,Amoxicillin
SYN-2026-01,SITE-105,SITE-105-044,EOS,CM,2,CMINDC,Hypertension
SYN-2026-01,SITE-105,SITE-105-044,EOS,CM,2,CMSTDAT,2026-08-07
SYN-2026-01,SITE-105,SITE-105-044,EOS,DS,1,DSCOMP,Y
SYN-2026-01,SITE-105,SITE-105-044,EOS,DS,1,DSSTDAT,2026-08-25
SYN-2026-01,SITE-104,SITE-104-045,SCR,DM,1,BRTHDAT,1988-11-22
SYN-2026-01,SITE-104,SITE-104-045,SCR,DM,1,SEX,F
SYN-2026-01,SITE-104,SITE-104-045,SCR,DM,1,RFICDAT,2025-11-13
SYN-2026-01,SITE-104,SITE-104-045,SCR,DM,1,ARM,A
SYN-2026-01,SITE-104,SITE-104-045,SCR,IE,1,IEYN,Y
SYN-2026-01,SITE-104,SITE-104-045,SCR,IE,1,AGEELIG,Y
SYN-2026-01,SITE-104,SITE-104-045,SCR,VS,1,VSDAT,2025-11-08
SYN-2026-01,SITE-104,SITE-104-045,SCR,VS,1,SYSBP,118
SYN-2026-01,SITE-104,SITE-104-045,SCR,VS,1,DIABP,81
SYN-2026-01,SITE-104,SITE-104-045,SCR,VS,1,PULSE,67
SYN-2026-01,SITE-104,SITE-104-045,SCR,VS,1,TEMP,36.8
SYN-2026-01,SITE-104,SITE-104-045,SCR,VS,1,WEIGHT,58.6
SYN-2026-01,SITE-104,SITE-104-045,SCR,MH,1,MHTERM,Osteoarthritis
SYN-2026-01,SITE-104,SITE-104-045,SCR,MH,1,MHSTDAT,2021-04-21
SYN-2026-01,SITE-104,SITE-104-045,SCR,MH,1,MHONGO,Y
SYN-2026-01,SITE-104,SITE-104-045,BASE,VS,1,VSDAT,2025-11-24
SYN-2026-01,SITE-104,SITE-104-045,BASE,VS,1,SYSBP,141
SYN-2026-01,SITE-104,SITE-104-045,BASE,VS,1,DIABP,83
SYN-2026-01,SITE-104,SITE-104-045,BASE,VS,1,PULSE,84
SYN-2026-01,SITE-104,SITE-104-045,BASE,VS,1,TEMP,36.9
SYN-2026-01,SITE-104,SITE-104-045,BASE,VS,1,WEIGHT,75.0
SYN-2026-01,SITE-104,SITE-104-045,BASE,EX,1,EXSTDAT,2025-11-24
SYN-2026-01,SITE-104,SITE-104-045,BASE,EX,1,EXDOSE,50
SYN-2026-01,SITE-104,SITE-104-045,BASE,EX,1,EXADJ,Y
SYN-2026-01,SITE-104,SITE-104-045,BASE,AE,1,AETERM,head ache
SYN-2026-01,SITE-104,SITE-104-045,BASE,AE,1,AESTDAT,2025-11-19
SYN-2026-01,SITE-104,SITE-104-045,BASE,AE,1,AEOUT,RECOVERING
SYN-2026-01,SITE-104,SITE-104-045,BASE,AE,1,AESEV,MILD
SYN-2026-01,SITE-104,SITE-104-045,BASE,AE,1,AESER,Y
SYN-2026-01,SITE-104,SITE-104-045,BASE,AE,1,AEREL,UNLIKELY
SYN-2026-01,SITE-104,SITE-104-045,BASE,AE,1,AEACN,DOSE REDUCED
SYN-2026-01,SITE-104,SITE-104-045,BASE,AE,2,AETERM,Abdominal pain
SYN-2026-01,SITE-104,SITE-104-045,BASE,AE,2,AESTDAT,2025-10-22
SYN-2026-01,SITE-104,SITE-104-045,BASE,AE,2,AEOUT,RECOVERED
SYN-2026-01,SITE-104,SITE-104-045,BASE,AE,2,AEENDAT,2025-10-24
SYN-2026-01,SITE-104,SITE-104-045,BASE,AE,2,AESEV,MILD
SYN-2026-01,SITE-104,SITE-104-045,BASE,AE,2,AESER,N
SYN-2026-01,SITE-104,SITE-104-045,BASE,AE,2,AEREL,UNLIKELY
SYN-2026-01,SITE-104,SITE-104-045,WK4,VS,1,VSDAT,2025-12-19
SYN-2026-01,SITE-104,SITE-104-045,WK4,VS,1,SYSBP,148
SYN-2026-01,SITE-104,SITE-104-045,WK4,VS,1,DIABP,75
SYN-2026-01,SITE-104,SITE-104-045,WK4,VS,1,PULSE,61
SYN-2026-01,SITE-104,SITE-104-045,WK4,VS,1,TEMP,36.7
SYN-2026-01,SITE-104,SITE-104-045,WK4,VS,1,WEIGHT,87.5
SYN-2026-01,SITE-104,SITE-104-045,WK4,EX,1,EXSTDAT,2025-12-19
SYN-2026-01,SITE-104,SITE-104-045,WK4,EX,1,EXDOSE,50
SYN-2026-01,SITE-104,SITE-104-045,WK4,EX,1,EXADJ,Y
SYN-2026-01,SITE-104,SITE-104-045,WK4,CM,1,CMTRT,Omeprazole
SYN-2026-01,SITE-104,SITE-104-045,WK4,CM,1,CMINDC,Pain
SYN-2026-01,SITE-104,SITE-104-045,WK4,CM,1,CMSTDAT,2025-12-19
SYN-2026-01,SITE-104,SITE-104-045,WK12,VS,1,VSDAT,2026-02-15
SYN-2026-01,SITE-104,SITE-104-045,WK12,VS,1,SYSBP,128
SYN-2026-01,SITE-104,SITE-104-045,WK12,VS,1,DIABP,95
SYN-2026-01,SITE-104,SITE-104-045,WK12,VS,1,PULSE,92
SYN-2026-01,SITE-104,SITE-104-045,WK12,VS,1,TEMP,37.0
SYN-2026-01,SITE-104,SITE-104-045,WK12,VS,1,WEIGHT,88.0
SYN-2026-01,SITE-104,SITE-104-045,WK12,EX,1,EXSTDAT,2026-02-15
SYN-2026-01,SITE-104,SITE-104-045,WK12,EX,1,EXDOSE,50
SYN-2026-01,SITE-104,SITE-104-045,WK12,EX,1,EXADJ,N
SYN-2026-01,SITE-104,SITE-104-045,WK12,AE,1,AETERM,Pruritus
SYN-2026-01,SITE-104,SITE-104-045,WK12,AE,1,AESTDAT,2026-02-14
SYN-2026-01,SITE-104,SITE-104-045,WK12,AE,1,AEOUT,RECOVERED
SYN-2026-01,SITE-104,SITE-104-045,WK12,AE,1,AEENDAT,2026-03-02
SYN-2026-01,SITE-104,SITE-104-045,WK12,AE,1,AESEV,MILD
SYN-2026-01,SITE-104,SITE-104-045,WK12,AE,1,AESER,N
SYN-2026-01,SITE-104,SITE-104-045,WK12,AE,1,AEREL,UNLIKELY
SYN-2026-01,SITE-104,SITE-104-045,WK12,CM,1,CMTRT,advil
SYN-2026-01,SITE-104,SITE-104-045,WK12,CM,1,CMINDC,Prophylaxis
SYN-2026-01,SITE-104,SITE-104-045,WK12,CM,1,CMSTDAT,2026-01-27
SYN-2026-01,SITE-104,SITE-104-045,EOS,VS,1,VSDAT,2026-05-14
SYN-2026-01,SITE-104,SITE-104-045,EOS,VS,1,SYSBP,117
SYN-2026-01,SITE-104,SITE-104-045,EOS,VS,1,DIABP,75
SYN-2026-01,SITE-104,SITE-104-045,EOS,VS,1,PULSE,72
SYN-2026-01,SITE-104,SITE-104-045,EOS,VS,1,TEMP,36.4
SYN-2026-01,SITE-104,SITE-104-045,EOS,VS,1,WEIGHT,66.2
SYN-2026-01,SITE-104,SITE-104-045,EOS,AE,1,AETERM,felt off
SYN-2026-01,SITE-104,SITE-104-045,EOS,AE,1,AESTDAT,2026-05-03
SYN-2026-01,SITE-104,SITE-104-045,EOS,AE,1,AEOUT,RECOVERED
SYN-2026-01,SITE-104,SITE-104-045,EOS,AE,1,AEENDAT,2026-05-12
SYN-2026-01,SITE-104,SITE-104-045,EOS,AE,1,AESEV,MODERATE
SYN-2026-01,SITE-104,SITE-104-045,EOS,AE,1,AESER,N
SYN-2026-01,SITE-104,SITE-104-045,EOS,AE,1,AEREL,NOT RELATED
SYN-2026-01,SITE-104,SITE-104-045,EOS,CM,1,CMTRT,Ibuprofen
SYN-2026-01,SITE-104,SITE-104-045,EOS,CM,1,CMINDC,Prophylaxis
SYN-2026-01,SITE-104,SITE-104-045,EOS,CM,1,CMSTDAT,2026-04-14
SYN-2026-01,SITE-104,SITE-104-045,EOS,DS,1,DSCOMP,Y
SYN-2026-01,SITE-104,SITE-104-045,EOS,DS,1,DSSTDAT,2026-05-14
SYN-2026-01,SITE-102,SITE-102-046,SCR,DM,1,BRTHDAT,1984-12-21
SYN-2026-01,SITE-102,SITE-102-046,SCR,DM,1,SEX,M
SYN-2026-01,SITE-102,SITE-102-046,SCR,DM,1,RFICDAT,2025-12-11
SYN-2026-01,SITE-102,SITE-102-046,SCR,DM,1,ARM,A
SYN-2026-01,SITE-102,SITE-102-046,SCR,IE,1,IEYN,Y
SYN-2026-01,SITE-102,SITE-102-046,SCR,IE,1,AGEELIG,Y
SYN-2026-01,SITE-102,SITE-102-046,SCR,VS,1,VSDAT,2025-12-13
SYN-2026-01,SITE-102,SITE-102-046,SCR,VS,1,SYSBP,138
SYN-2026-01,SITE-102,SITE-102-046,SCR,VS,1,DIABP,80
SYN-2026-01,SITE-102,SITE-102-046,SCR,VS,1,PULSE,71
SYN-2026-01,SITE-102,SITE-102-046,SCR,VS,1,TEMP,36.5
SYN-2026-01,SITE-102,SITE-102-046,SCR,VS,1,WEIGHT,75.3
SYN-2026-01,SITE-102,SITE-102-046,SCR,MH,1,MHTERM,Osteoarthritis
SYN-2026-01,SITE-102,SITE-102-046,SCR,MH,1,MHSTDAT,2023-05-27
SYN-2026-01,SITE-102,SITE-102-046,SCR,MH,1,MHONGO,N
SYN-2026-01,SITE-102,SITE-102-046,SCR,MH,2,MHTERM,Migraine
SYN-2026-01,SITE-102,SITE-102-046,SCR,MH,2,MHSTDAT,2020-08-04
SYN-2026-01,SITE-102,SITE-102-046,SCR,MH,2,MHONGO,Y
SYN-2026-01,SITE-102,SITE-102-046,BASE,VS,1,VSDAT,2025-12-23
SYN-2026-01,SITE-102,SITE-102-046,BASE,VS,1,SYSBP,121
SYN-2026-01,SITE-102,SITE-102-046,BASE,VS,1,DIABP,63
SYN-2026-01,SITE-102,SITE-102-046,BASE,VS,1,PULSE,71
SYN-2026-01,SITE-102,SITE-102-046,BASE,VS,1,TEMP,36.4
SYN-2026-01,SITE-102,SITE-102-046,BASE,VS,1,WEIGHT,97.7
SYN-2026-01,SITE-102,SITE-102-046,BASE,EX,1,EXSTDAT,2025-12-23
SYN-2026-01,SITE-102,SITE-102-046,BASE,EX,1,EXDOSE,50
SYN-2026-01,SITE-102,SITE-102-046,BASE,EX,1,EXADJ,Y
SYN-2026-01,SITE-102,SITE-102-046,WK4,VS,1,VSDAT,2026-01-21
SYN-2026-01,SITE-102,SITE-102-046,WK4,VS,1,SYSBP,138
SYN-2026-01,SITE-102,SITE-102-046,WK4,VS,1,DIABP,59
SYN-2026-01,SITE-102,SITE-102-046,WK4,VS,1,PULSE,62
SYN-2026-01,SITE-102,SITE-102-046,WK4,VS,1,TEMP,37.0
SYN-2026-01,SITE-102,SITE-102-046,WK4,VS,1,WEIGHT,64.2
SYN-2026-01,SITE-102,SITE-102-046,WK4,EX,1,EXSTDAT,2026-01-21
SYN-2026-01,SITE-102,SITE-102-046,WK4,EX,1,EXDOSE,50
SYN-2026-01,SITE-102,SITE-102-046,WK4,EX,1,EXADJ,N
SYN-2026-01,SITE-102,SITE-102-046,WK4,CM,1,CMTRT,Omeprazole
SYN-2026-01,SITE-102,SITE-102-046,WK4,CM,1,CMINDC,Hypertension
SYN-2026-01,SITE-102,SITE-102-046,WK4,CM,1,CMSTDAT,2025-12-12
SYN-2026-01,SITE-102,SITE-102-046,WK12,VS,1,VSDAT,2026-03-12
SYN-2026-01,SITE-102,SITE-102-046,WK12,VS,1,SYSBP,147
SYN-2026-01,SITE-102,SITE-102-046,WK12,VS,1,DIABP,88
SYN-2026-01,SITE-102,SITE-102-046,WK12,VS,1,PULSE,82
SYN-2026-01,SITE-102,SITE-102-046,WK12,VS,1,TEMP,36.4
SYN-2026-01,SITE-102,SITE-102-046,WK12,VS,1,WEIGHT,96.8
SYN-2026-01,SITE-102,SITE-102-046,WK12,EX,1,EXSTDAT,2026-03-12
SYN-2026-01,SITE-102,SITE-102-046,WK12,EX,1,EXDOSE,100
SYN-2026-01,SITE-102,SITE-102-046,WK12,EX,1,EXADJ,N
SYN-2026-01,SITE-102,SITE-102-046,EOS,VS,1,VSDAT,2026-06-04
SYN-2026-01,SITE-102,SITE-102-046,EOS,VS,1,SYSBP,145
SYN-2026-01,SITE-102,SITE-102-046,EOS,VS,1,DIABP,95
SYN-2026-01,SITE-102,SITE-102-046,EOS,VS,1,PULSE,66
SYN-2026-01,SITE-102,SITE-102-046,EOS,VS,1,TEMP,36.7
SYN-2026-01,SITE-102,SITE-102-046,EOS,VS,1,WEIGHT,91.0
SYN-2026-01,SITE-102,SITE-102-046,EOS,CM,1,CMTRT,advil
SYN-2026-01,SITE-102,SITE-102-046,EOS,CM,1,CMINDC,Infection
SYN-2026-01,SITE-102,SITE-102-046,EOS,CM,1,CMSTDAT,2026-04-25
SYN-2026-01,SITE-102,SITE-102-046,EOS,DS,1,DSCOMP,Y
SYN-2026-01,SITE-102,SITE-102-046,EOS,DS,1,DSSTDAT,2026-06-04
SYN-2026-01,SITE-104,SITE-104-047,SCR,DM,1,BRTHDAT,1988-10-22
SYN-2026-01,SITE-104,SITE-104-047,SCR,DM,1,SEX,M
SYN-2026-01,SITE-104,SITE-104-047,SCR,DM,1,RFICDAT,2025-10-13
SYN-2026-01,SITE-104,SITE-104-047,SCR,DM,1,ARM,B
SYN-2026-01,SITE-104,SITE-104-047,SCR,IE,1,IEYN,Y
SYN-2026-01,SITE-104,SITE-104-047,SCR,IE,1,AGEELIG,Y
SYN-2026-01,SITE-104,SITE-104-047,SCR,VS,1,VSDAT,2025-10-11
SYN-2026-01,SITE-104,SITE-104-047,SCR,VS,1,SYSBP,124
SYN-2026-01,SITE-104,SITE-104-047,SCR,VS,1,DIABP,66
SYN-2026-01,SITE-104,SITE-104-047,SCR,VS,1,PULSE,82
SYN-2026-01,SITE-104,SITE-104-047,SCR,VS,1,TEMP,36.9
SYN-2026-01,SITE-104,SITE-104-047,SCR,VS,1,WEIGHT,72.4
SYN-2026-01,SITE-104,SITE-104-047,BASE,VS,1,VSDAT,2025-10-28
SYN-2026-01,SITE-104,SITE-104-047,BASE,VS,1,SYSBP,122
SYN-2026-01,SITE-104,SITE-104-047,BASE,VS,1,DIABP,83
SYN-2026-01,SITE-104,SITE-104-047,BASE,VS,1,PULSE,84
SYN-2026-01,SITE-104,SITE-104-047,BASE,VS,1,TEMP,36.3
SYN-2026-01,SITE-104,SITE-104-047,BASE,VS,1,WEIGHT,91.6
SYN-2026-01,SITE-104,SITE-104-047,BASE,EX,1,EXSTDAT,2025-10-28
SYN-2026-01,SITE-104,SITE-104-047,BASE,EX,1,EXDOSE,25
SYN-2026-01,SITE-104,SITE-104-047,BASE,EX,1,EXADJ,Y
SYN-2026-01,SITE-104,SITE-104-047,BASE,AE,1,AETERM,sore throat and runny nose
SYN-2026-01,SITE-104,SITE-104-047,BASE,AE,1,AESTDAT,2025-10-13
SYN-2026-01,SITE-104,SITE-104-047,BASE,AE,1,AEOUT,RECOVERED
SYN-2026-01,SITE-104,SITE-104-047,BASE,AE,1,AEENDAT,2025-10-24
SYN-2026-01,SITE-104,SITE-104-047,BASE,AE,1,AESEV,MILD
SYN-2026-01,SITE-104,SITE-104-047,BASE,AE,1,AESER,N
SYN-2026-01,SITE-104,SITE-104-047,BASE,AE,1,AEREL,RELATED
SYN-2026-01,SITE-104,SITE-104-047,WK4,VS,1,VSDAT,2025-11-26
SYN-2026-01,SITE-104,SITE-104-047,WK4,VS,1,SYSBP,68
SYN-2026-01,SITE-104,SITE-104-047,WK4,VS,1,DIABP,131
SYN-2026-01,SITE-104,SITE-104-047,WK4,VS,1,PULSE,80
SYN-2026-01,SITE-104,SITE-104-047,WK4,VS,1,TEMP,36.4
SYN-2026-01,SITE-104,SITE-104-047,WK4,VS,1,WEIGHT,86.6
SYN-2026-01,SITE-104,SITE-104-047,WK4,EX,1,EXSTDAT,2025-11-26
SYN-2026-01,SITE-104,SITE-104-047,WK4,EX,1,EXDOSE,50
SYN-2026-01,SITE-104,SITE-104-047,WK4,EX,1,EXADJ,Y
SYN-2026-01,SITE-104,SITE-104-047,WK12,VS,1,VSDAT,2026-01-18
SYN-2026-01,SITE-104,SITE-104-047,WK12,VS,1,SYSBP,146
SYN-2026-01,SITE-104,SITE-104-047,WK12,VS,1,DIABP,76
SYN-2026-01,SITE-104,SITE-104-047,WK12,VS,1,PULSE,77
SYN-2026-01,SITE-104,SITE-104-047,WK12,VS,1,TEMP,36.2
SYN-2026-01,SITE-104,SITE-104-047,WK12,VS,1,WEIGHT,89.2
SYN-2026-01,SITE-104,SITE-104-047,WK12,EX,1,EXSTDAT,2026-01-18
SYN-2026-01,SITE-104,SITE-104-047,WK12,EX,1,EXDOSE,100
SYN-2026-01,SITE-104,SITE-104-047,WK12,EX,1,EXADJ,Y
SYN-2026-01,SITE-104,SITE-104-047,WK12,CM,1,CMTRT,advil
SYN-2026-01,SITE-104,SITE-104-047,WK12,CM,1,CMINDC,Infection
SYN-2026-01,SITE-104,SITE-104-047,WK12,CM,1,CMSTDAT,2025-12-21
SYN-2026-01,SITE-104,SITE-104-047,WK12,CM,2,CMTRT,Atorvastatin
SYN-2026-01,SITE-104,SITE-104-047,WK12,CM,2,CMSTDAT,2025-12-05
SYN-2026-01,SITE-104,SITE-104-047,WK12,CM,3,CMTRT,advil
SYN-2026-01,SITE-104,SITE-104-047,WK12,CM,3,CMINDC,Prophylaxis
SYN-2026-01,SITE-104,SITE-104-047,WK12,CM,3,CMSTDAT,2025-11-20
SYN-2026-01,SITE-104,SITE-104-047,EOS,VS,1,VSDAT,2026-04-10
SYN-2026-01,SITE-104,SITE-104-047,EOS,VS,1,SYSBP,127
SYN-2026-01,SITE-104,SITE-104-047,EOS,VS,1,DIABP,63
SYN-2026-01,SITE-104,SITE-104-047,EOS,VS,1,PULSE,77
SYN-2026-01,SITE-104,SITE-104-047,EOS,VS,1,TEMP,36.9
SYN-2026-01,SITE-104,SITE-104-047,EOS,VS,1,WEIGHT,73.9
SYN-2026-01,SITE-104,SITE-104-047,EOS,AE,1,AETERM,Arthralgia
SYN-2026-01,SITE-104,SITE-104-047,EOS,AE,1,AESTDAT,2026-04-06
SYN-2026-01,SITE-104,SITE-104-047,EOS,AE,1,AEOUT,RECOVERED
SYN-2026-01,SITE-104,SITE-104-047,EOS,AE,1,AEENDAT,2026-04-13
SYN-2026-01,SITE-104,SITE-104-047,EOS,AE,1,AESEV,MODERATE
SYN-2026-01,SITE-104,SITE-104-047,EOS,AE,1,AESER,Y
SYN-2026-01,SITE-104,SITE-104-047,EOS,AE,1,AEREL,RELATED
SYN-2026-01,SITE-104,SITE-104-047,EOS,AE,1,AEACN,DOSE NOT CHANGED
SYN-2026-01,SITE-104,SITE-104-047,EOS,AE,2,AETERM,not himself
SYN-2026-01,SITE-104,SITE-104-047,EOS,AE,2,AESTDAT,2026-04-05
SYN-2026-01,SITE-104,SITE-104-047,EOS,AE,2,AEOUT,RECOVERED
SYN-2026-01,SITE-104,SITE-104-047,EOS,AE,2,AESEV,MILD
SYN-2026-01,SITE-104,SITE-104-047,EOS,AE,2,AESER,N
SYN-2026-01,SITE-104,SITE-104-047,EOS,AE,2,AEREL,NOT RELATED
SYN-2026-01,SITE-104,SITE-104-047,EOS,CM,1,CMTRT,Amoxicillin
SYN-2026-01,SITE-104,SITE-104-047,EOS,CM,1,CMINDC,Infection
SYN-2026-01,SITE-104,SITE-104-047,EOS,CM,1,CMSTDAT,2026-03-27
SYN-2026-01,SITE-104,SITE-104-047,EOS,CM,2,CMTRT,advil
SYN-2026-01,SITE-104,SITE-104-047,EOS,CM,2,CMINDC,Pain
SYN-2026-01,SITE-104,SITE-104-047,EOS,CM,2,CMSTDAT,2026-04-09
SYN-2026-01,SITE-104,SITE-104-047,EOS,CM,3,CMTRT,Salbutamol
SYN-2026-01,SITE-104,SITE-104-047,EOS,CM,3,CMINDC,Infection
SYN-2026-01,SITE-104,SITE-104-047,EOS,CM,3,CMSTDAT,2026-02-18
SYN-2026-01,SITE-104,SITE-104-047,EOS,DS,1,DSCOMP,Y
SYN-2026-01,SITE-104,SITE-104-047,EOS,DS,1,DSSTDAT,2026-04-10
SYN-2026-01,SITE-105,SITE-105-048,SCR,DM,1,BRTHDAT,1962-02-15
SYN-2026-01,SITE-105,SITE-105-048,SCR,DM,1,SEX,M
SYN-2026-01,SITE-105,SITE-105-048,SCR,DM,1,RFICDAT,2026-01-30
SYN-2026-01,SITE-105,SITE-105-048,SCR,DM,1,ARM,A
SYN-2026-01,SITE-105,SITE-105-048,SCR,IE,1,IEYN,Y
SYN-2026-01,SITE-105,SITE-105-048,SCR,IE,1,AGEELIG,Y
SYN-2026-01,SITE-105,SITE-105-048,SCR,VS,1,VSDAT,2026-01-23
SYN-2026-01,SITE-105,SITE-105-048,SCR,VS,1,SYSBP,143
SYN-2026-01,SITE-105,SITE-105-048,SCR,VS,1,DIABP,81
SYN-2026-01,SITE-105,SITE-105-048,SCR,VS,1,PULSE,70
SYN-2026-01,SITE-105,SITE-105-048,SCR,VS,1,TEMP,36.2
SYN-2026-01,SITE-105,SITE-105-048,SCR,VS,1,WEIGHT,81.4
SYN-2026-01,SITE-105,SITE-105-048,BASE,VS,1,VSDAT,2026-02-11
SYN-2026-01,SITE-105,SITE-105-048,BASE,VS,1,SYSBP,152
SYN-2026-01,SITE-105,SITE-105-048,BASE,VS,1,DIABP,90
SYN-2026-01,SITE-105,SITE-105-048,BASE,VS,1,PULSE,82
SYN-2026-01,SITE-105,SITE-105-048,BASE,VS,1,WEIGHT,65.8
SYN-2026-01,SITE-105,SITE-105-048,BASE,EX,1,EXSTDAT,2026-02-11
SYN-2026-01,SITE-105,SITE-105-048,BASE,EX,1,EXDOSE,100
SYN-2026-01,SITE-105,SITE-105-048,BASE,EX,1,EXADJ,N
SYN-2026-01,SITE-105,SITE-105-048,BASE,AE,1,AETERM,Vomiting
SYN-2026-01,SITE-105,SITE-105-048,BASE,AE,1,AESTDAT,2026-02-04
SYN-2026-01,SITE-105,SITE-105-048,BASE,AE,1,AEOUT,NOT RECOVERED
SYN-2026-01,SITE-105,SITE-105-048,BASE,AE,1,AESEV,MILD
SYN-2026-01,SITE-105,SITE-105-048,BASE,AE,1,AESER,N
SYN-2026-01,SITE-105,SITE-105-048,BASE,AE,1,AEREL,PROBABLE
SYN-2026-01,SITE-105,SITE-105-048,WK4,VS,1,VSDAT,2026-03-13
SYN-2026-01,SITE-105,SITE-105-048,WK4,VS,1,SYSBP,127
SYN-2026-01,SITE-105,SITE-105-048,WK4,VS,1,DIABP,81
SYN-2026-01,SITE-105,SITE-105-048,WK4,VS,1,PULSE,46
SYN-2026-01,SITE-105,SITE-105-048,WK4,VS,1,TEMP,36.7
SYN-2026-01,SITE-105,SITE-105-048,WK4,VS,1,WEIGHT,67.2
SYN-2026-01,SITE-105,SITE-105-048,WK4,EX,1,EXSTDAT,2026-03-13
SYN-2026-01,SITE-105,SITE-105-048,WK4,EX,1,EXDOSE,50
SYN-2026-01,SITE-105,SITE-105-048,WK4,EX,1,EXADJ,N
SYN-2026-01,SITE-105,SITE-105-048,WK4,CM,1,CMTRT,Ibuprofen
SYN-2026-01,SITE-105,SITE-105-048,WK4,CM,1,CMSTDAT,2026-02-08
SYN-2026-01,SITE-105,SITE-105-048,WK12,VS,1,VSDAT,2026-05-07
SYN-2026-01,SITE-105,SITE-105-048,WK12,VS,1,SYSBP,111
SYN-2026-01,SITE-105,SITE-105-048,WK12,VS,1,DIABP,69
SYN-2026-01,SITE-105,SITE-105-048,WK12,VS,1,PULSE,71
SYN-2026-01,SITE-105,SITE-105-048,WK12,VS,1,WEIGHT,76.8
SYN-2026-01,SITE-105,SITE-105-048,WK12,EX,1,EXSTDAT,2026-05-07
SYN-2026-01,SITE-105,SITE-105-048,WK12,EX,1,EXDOSE,50
SYN-2026-01,SITE-105,SITE-105-048,WK12,EX,1,EXADJ,N
SYN-2026-01,SITE-105,SITE-105-048,WK12,CM,1,CMTRT,advil
SYN-2026-01,SITE-105,SITE-105-048,WK12,CM,1,CMINDC,Infection
SYN-2026-01,SITE-105,SITE-105-048,WK12,CM,1,CMSTDAT,2026-03-19
SYN-2026-01,SITE-105,SITE-105-048,WK12,DS,1,DSCOMP,N
SYN-2026-01,SITE-105,SITE-105-048,WK12,DS,1,DSTERM,Lost to follow-up
SYN-2026-01,SITE-105,SITE-105-048,WK12,DS,1,DSSTDAT,2026-05-07
SYN-2026-01,SITE-105,SITE-105-049,SCR,DM,1,BRTHDAT,1999-09-10
SYN-2026-01,SITE-105,SITE-105-049,SCR,DM,1,SEX,F
SYN-2026-01,SITE-105,SITE-105-049,SCR,DM,1,RFICDAT,2025-09-03
SYN-2026-01,SITE-105,SITE-105-049,SCR,DM,1,ARM,B
SYN-2026-01,SITE-105,SITE-105-049,SCR,IE,1,IEYN,Y
SYN-2026-01,SITE-105,SITE-105-049,SCR,IE,1,AGEELIG,Y
SYN-2026-01,SITE-105,SITE-105-049,SCR,VS,1,VSDAT,2025-08-27
SYN-2026-01,SITE-105,SITE-105-049,SCR,VS,1,SYSBP,122
SYN-2026-01,SITE-105,SITE-105-049,SCR,VS,1,DIABP,79
SYN-2026-01,SITE-105,SITE-105-049,SCR,VS,1,PULSE,79
SYN-2026-01,SITE-105,SITE-105-049,SCR,VS,1,TEMP,36.6
SYN-2026-01,SITE-105,SITE-105-049,SCR,VS,1,WEIGHT,79.6
SYN-2026-01,SITE-105,SITE-105-049,SCR,MH,1,MHTERM,Hypertension
SYN-2026-01,SITE-105,SITE-105-049,SCR,MH,1,MHSTDAT,2021-04-18
SYN-2026-01,SITE-105,SITE-105-049,SCR,MH,1,MHONGO,Y
SYN-2026-01,SITE-105,SITE-105-049,BASE,VS,1,VSDAT,2025-09-13
SYN-2026-01,SITE-105,SITE-105-049,BASE,VS,1,SYSBP,120
SYN-2026-01,SITE-105,SITE-105-049,BASE,VS,1,DIABP,84
SYN-2026-01,SITE-105,SITE-105-049,BASE,VS,1,PULSE,70
SYN-2026-01,SITE-105,SITE-105-049,BASE,VS,1,TEMP,36.1
SYN-2026-01,SITE-105,SITE-105-049,BASE,VS,1,WEIGHT,68.2
SYN-2026-01,SITE-105,SITE-105-049,BASE,EX,1,EXSTDAT,2025-09-13
SYN-2026-01,SITE-105,SITE-105-049,BASE,EX,1,EXDOSE,50
SYN-2026-01,SITE-105,SITE-105-049,BASE,EX,1,EXADJ,N
SYN-2026-01,SITE-105,SITE-105-049,WK4,VS,1,VSDAT,2025-10-11
SYN-2026-01,SITE-105,SITE-105-049,WK4,VS,1,SYSBP,160
SYN-2026-01,SITE-105,SITE-105-049,WK4,VS,1,DIABP,73
SYN-2026-01,SITE-105,SITE-105-049,WK4,VS,1,PULSE,82
SYN-2026-01,SITE-105,SITE-105-049,WK4,VS,1,TEMP,36.6
SYN-2026-01,SITE-105,SITE-105-049,WK4,VS,1,WEIGHT,61.1
SYN-2026-01,SITE-105,SITE-105-049,WK4,EX,1,EXSTDAT,2025-10-11
SYN-2026-01,SITE-105,SITE-105-049,WK4,EX,1,EXDOSE,50
SYN-2026-01,SITE-105,SITE-105-049,WK4,EX,1,EXADJ,N
SYN-2026-01,SITE-105,SITE-105-049,WK4,AE,1,AETERM,feeling sick to stomach
SYN-2026-01,SITE-105,SITE-105-049,WK4,AE,1,AESTDAT,2025-10-10
SYN-2026-01,SITE-105,SITE-105-049,WK4,AE,1,AEOUT,RECOVERING
SYN-2026-01,SITE-105,SITE-105-049,WK4,AE,1,AESEV,SEVERE
SYN-2026-01,SITE-105,SITE-105-049,WK4,AE,1,AESER,N
SYN-2026-01,SITE-105,SITE-105-049,WK4,AE,1,AEREL,NOT RELATED
SYN-2026-01,SITE-105,SITE-105-049,WK4,CM,1,CMTRT,Salbutamol
SYN-2026-01,SITE-105,SITE-105-049,WK4,CM,1,CMINDC,Hypertension
SYN-2026-01,SITE-105,SITE-105-049,WK4,CM,1,CMSTDAT,2025-08-31
SYN-2026-01,SITE-105,SITE-105-049,WK4,CM,2,CMTRT,Amoxicillin
SYN-2026-01,SITE-105,SITE-105-049,WK4,CM,2,CMINDC,Hypertension
SYN-2026-01,SITE-105,SITE-105-049,WK4,CM,2,CMSTDAT,2025-09-22
SYN-2026-01,SITE-105,SITE-105-049,WK4,CM,3,CMTRT,Atorvastatin
SYN-2026-01,SITE-105,SITE-105-049,WK4,CM,3,CMINDC,Pain
SYN-2026-01,SITE-105,SITE-105-049,WK4,CM,3,CMSTDAT,2025-09-10
SYN-2026-01,SITE-105,SITE-105-049,WK12,VS,1,VSDAT,2025-12-04
SYN-2026-01,SITE-105,SITE-105-049,WK12,VS,1,SYSBP,126
SYN-2026-01,SITE-105,SITE-105-049,WK12,VS,1,DIABP,87
SYN-2026-01,SITE-105,SITE-105-049,WK12,VS,1,PULSE,77
SYN-2026-01,SITE-105,SITE-105-049,WK12,VS,1,WEIGHT,80.0
SYN-2026-01,SITE-105,SITE-105-049,WK12,EX,1,EXSTDAT,2025-12-04
SYN-2026-01,SITE-105,SITE-105-049,WK12,EX,1,EXDOSE,100
SYN-2026-01,SITE-105,SITE-105-049,WK12,EX,1,EXADJ,N
SYN-2026-01,SITE-105,SITE-105-049,EOS,VS,1,VSDAT,2026-02-20
SYN-2026-01,SITE-105,SITE-105-049,EOS,VS,1,SYSBP,143
SYN-2026-01,SITE-105,SITE-105-049,EOS,VS,1,DIABP,86
SYN-2026-01,SITE-105,SITE-105-049,EOS,VS,1,PULSE,76
SYN-2026-01,SITE-105,SITE-105-049,EOS,VS,1,TEMP,36.8
SYN-2026-01,SITE-105,SITE-105-049,EOS,VS,1,WEIGHT,82.4
SYN-2026-01,SITE-105,SITE-105-049,EOS,DS,1,DSCOMP,Y
SYN-2026-01,SITE-105,SITE-105-049,EOS,DS,1,DSSTDAT,2026-02-20
SYN-2026-01,SITE-105,SITE-105-050,SCR,DM,1,BRTHDAT,1999-01-07
SYN-2026-01,SITE-105,SITE-105-050,SCR,DM,1,SEX,F
SYN-2026-01,SITE-105,SITE-105-050,SCR,DM,1,RFICDAT,2025-12-31
SYN-2026-01,SITE-105,SITE-105-050,SCR,DM,1,ARM,A
SYN-2026-01,SITE-105,SITE-105-050,SCR,IE,1,IEYN,Y
SYN-2026-01,SITE-105,SITE-105-050,SCR,IE,1,AGEELIG,Y
SYN-2026-01,SITE-105,SITE-105-050,SCR,VS,1,VSDAT,2025-12-30
SYN-2026-01,SITE-105,SITE-105-050,SCR,VS,1,SYSBP,133
SYN-2026-01,SITE-105,SITE-105-050,SCR,VS,1,DIABP,94
SYN-2026-01,SITE-105,SITE-105-050,SCR,VS,1,PULSE,82
SYN-2026-01,SITE-105,SITE-105-050,SCR,VS,1,TEMP,36.5
SYN-2026-01,SITE-105,SITE-105-050,SCR,VS,1,WEIGHT,117.1
SYN-2026-01,SITE-105,SITE-105-050,BASE,VS,1,VSDAT,2026-01-11
SYN-2026-01,SITE-105,SITE-105-050,BASE,VS,1,SYSBP,132
SYN-2026-01,SITE-105,SITE-105-050,BASE,VS,1,DIABP,98
SYN-2026-01,SITE-105,SITE-105-050,BASE,VS,1,PULSE,76
SYN-2026-01,SITE-105,SITE-105-050,BASE,VS,1,TEMP,36.8
SYN-2026-01,SITE-105,SITE-105-050,BASE,VS,1,WEIGHT,68.5
SYN-2026-01,SITE-105,SITE-105-050,BASE,EX,1,EXSTDAT,2026-01-11
SYN-2026-01,SITE-105,SITE-105-050,BASE,EX,1,EXDOSE,50
SYN-2026-01,SITE-105,SITE-105-050,BASE,EX,1,EXADJ,Y
SYN-2026-01,SITE-105,SITE-105-050,BASE,DS,1,DSCOMP,N
SYN-2026-01,SITE-105,SITE-105-050,BASE,DS,1,DSTERM,Lost to follow-up
SYN-2026-01,SITE-105,SITE-105-050,BASE,DS,1,DSSTDAT,2026-01-11
SYN-2026-01,SITE-104,SITE-104-051,SCR,DM,1,BRTHDAT,1975-12-25
SYN-2026-01,SITE-104,SITE-104-051,SCR,DM,1,SEX,M
SYN-2026-01,SITE-104,SITE-104-051,SCR,DM,1,RFICDAT,2025-12-12
SYN-2026-01,SITE-104,SITE-104-051,SCR,DM,1,ARM,A
SYN-2026-01,SITE-104,SITE-104-051,SCR,IE,1,IEYN,Y
SYN-2026-01,SITE-104,SITE-104-051,SCR,IE,1,AGEELIG,Y
SYN-2026-01,SITE-104,SITE-104-051,SCR,VS,1,VSDAT,2025-12-13
SYN-2026-01,SITE-104,SITE-104-051,SCR,VS,1,SYSBP,124
SYN-2026-01,SITE-104,SITE-104-051,SCR,VS,1,DIABP,65
SYN-2026-01,SITE-104,SITE-104-051,SCR,VS,1,PULSE,66
SYN-2026-01,SITE-104,SITE-104-051,SCR,VS,1,TEMP,37.6
SYN-2026-01,SITE-104,SITE-104-051,SCR,VS,1,WEIGHT,73.1
SYN-2026-01,SITE-104,SITE-104-051,BASE,VS,1,VSDAT,2025-12-25
SYN-2026-01,SITE-104,SITE-104-051,BASE,VS,1,SYSBP,129
SYN-2026-01,SITE-104,SITE-104-051,BASE,VS,1,DIABP,77
SYN-2026-01,SITE-104,SITE-104-051,BASE,VS,1,PULSE,83
SYN-2026-01,SITE-104,SITE-104-051,BASE,VS,1,TEMP,36.8
SYN-2026-01,SITE-104,SITE-104-051,BASE,VS,1,WEIGHT,78.4
SYN-2026-01,SITE-104,SITE-104-051,BASE,EX,1,EXSTDAT,2025-12-25
SYN-2026-01,SITE-104,SITE-104-051,BASE,EX,1,EXDOSE,100
SYN-2026-01,SITE-104,SITE-104-051,BASE,EX,1,EXADJ,Y
SYN-2026-01,SITE-104,SITE-104-051,WK4,VS,1,VSDAT,2026-01-24
SYN-2026-01,SITE-104,SITE-104-051,WK4,VS,1,SYSBP,121
SYN-2026-01,SITE-104,SITE-104-051,WK4,VS,1,DIABP,81
SYN-2026-01,SITE-104,SITE-104-051,WK4,VS,1,PULSE,74
SYN-2026-01,SITE-104,SITE-104-051,WK4,VS,1,TEMP,37.0
SYN-2026-01,SITE-104,SITE-104-051,WK4,VS,1,WEIGHT,85.1
SYN-2026-01,SITE-104,SITE-104-051,WK4,EX,1,EXSTDAT,2026-01-24
SYN-2026-01,SITE-104,SITE-104-051,WK4,EX,1,EXDOSE,25
SYN-2026-01,SITE-104,SITE-104-051,WK4,EX,1,EXADJ,N
SYN-2026-01,SITE-104,SITE-104-051,WK4,AE,1,AETERM,Abdominal pain
SYN-2026-01,SITE-104,SITE-104-051,WK4,AE,1,AESTDAT,2026-01-04
SYN-2026-01,SITE-104,SITE-104-051,WK4,AE,1,AEOUT,RECOVERING
SYN-2026-01,SITE-104,SITE-104-051,WK4,AE,1,AESEV,MILD
SYN-2026-01,SITE-104,SITE-104-051,WK4,AE,1,AESER,N
SYN-2026-01,SITE-104,SITE-104-051,WK4,AE,1,AEREL,UNLIKELY
SYN-2026-01,SITE-104,SITE-104-051,WK12,VS,1,VSDAT,2026-03-13
SYN-2026-01,SITE-104,SITE-104-051,WK12,VS,1,SYSBP,110
SYN-2026-01,SITE-104,SITE-104-051,WK12,VS,1,DIABP,84
SYN-2026-01,SITE-104,SITE-104-051,WK12,VS,1,PULSE,82
SYN-2026-01,SITE-104,SITE-104-051,WK12,VS,1,TEMP,36.4
SYN-2026-01,SITE-104,SITE-104-051,WK12,VS,1,WEIGHT,98.0
SYN-2026-01,SITE-104,SITE-104-051,WK12,EX,1,EXSTDAT,2026-03-13
SYN-2026-01,SITE-104,SITE-104-051,WK12,EX,1,EXDOSE,100
SYN-2026-01,SITE-104,SITE-104-051,WK12,EX,1,EXADJ,N
SYN-2026-01,SITE-104,SITE-104-051,WK12,AE,1,AETERM,Cough
SYN-2026-01,SITE-104,SITE-104-051,WK12,AE,1,AESTDAT,2026-02-23
SYN-2026-01,SITE-104,SITE-104-051,WK12,AE,1,AEOUT,RECOVERED
SYN-2026-01,SITE-104,SITE-104-051,WK12,AE,1,AEENDAT,2026-03-02
SYN-2026-01,SITE-104,SITE-104-051,WK12,AE,1,AESEV,MILD
SYN-2026-01,SITE-104,SITE-104-051,WK12,AE,1,AESER,N
SYN-2026-01,SITE-104,SITE-104-051,WK12,AE,1,AEREL,PROBABLE
SYN-2026-01,SITE-104,SITE-104-051,EOS,VS,1,VSDAT,2026-06-10
SYN-2026-01,SITE-104,SITE-104-051,EOS,VS,1,SYSBP,136
SYN-2026-01,SITE-104,SITE-104-051,EOS,VS,1,DIABP,75
SYN-2026-01,SITE-104,SITE-104-051,EOS,VS,1,PULSE,87
SYN-2026-01,SITE-104,SITE-104-051,EOS,VS,1,TEMP,36.9
SYN-2026-01,SITE-104,SITE-104-051,EOS,VS,1,WEIGHT,74.2
SYN-2026-01,SITE-104,SITE-104-051,EOS,AE,1,AETERM,Cough
SYN-2026-01,SITE-104,SITE-104-051,EOS,AE,1,AESTDAT,2026-05-31
SYN-2026-01,SITE-104,SITE-104-051,EOS,AE,1,AEOUT,RECOVERING
SYN-2026-01,SITE-104,SITE-104-051,EOS,AE,1,AESEV,MILD
SYN-2026-01,SITE-104,SITE-104-051,EOS,AE,1,AESER,N
SYN-2026-01,SITE-104,SITE-104-051,EOS,AE,1,AEREL,UNLIKELY
SYN-2026-01,SITE-104,SITE-104-051,EOS,AE,2,AETERM,not himself
SYN-2026-01,SITE-104,SITE-104-051,EOS,AE,2,AESTDAT,2026-05-30
SYN-2026-01,SITE-104,SITE-104-051,EOS,AE,2,AEOUT,RECOVERED
SYN-2026-01,SITE-104,SITE-104-051,EOS,AE,2,AEENDAT,2026-06-07
SYN-2026-01,SITE-104,SITE-104-051,EOS,AE,2,AESEV,MILD
SYN-2026-01,SITE-104,SITE-104-051,EOS,AE,2,AESER,N
SYN-2026-01,SITE-104,SITE-104-051,EOS,AE,2,AEREL,PROBABLE
SYN-2026-01,SITE-104,SITE-104-051,EOS,DS,1,DSCOMP,Y
SYN-2026-01,SITE-104,SITE-104-051,EOS,DS,1,DSSTDAT,2026-06-10
SYN-2026-01,SITE-104,SITE-104-052,SCR,DM,1,BRTHDAT,1959-04-16
SYN-2026-01,SITE-104,SITE-104-052,SCR,DM,1,SEX,F
SYN-2026-01,SITE-104,SITE-104-052,SCR,DM,1,RFICDAT,2026-03-30
SYN-2026-01,SITE-104,SITE-104-052,SCR,DM,1,ARM,B
SYN-2026-01,SITE-104,SITE-104-052,SCR,IE,1,IEYN,Y
SYN-2026-01,SITE-104,SITE-104-052,SCR,IE,1,AGEELIG,Y
SYN-2026-01,SITE-104,SITE-104-052,SCR,VS,1,VSDAT,2026-03-27
SYN-2026-01,SITE-104,SITE-104-052,SCR,VS,1,SYSBP,125
SYN-2026-01,SITE-104,SITE-104-052,SCR,VS,1,DIABP,83
SYN-2026-01,SITE-104,SITE-104-052,SCR,VS,1,PULSE,76
SYN-2026-01,SITE-104,SITE-104-052,SCR,VS,1,TEMP,36.8
SYN-2026-01,SITE-104,SITE-104-052,SCR,VS,1,WEIGHT,84.0
SYN-2026-01,SITE-104,SITE-104-052,SCR,MH,1,MHTERM,Hypercholesterolaemia
SYN-2026-01,SITE-104,SITE-104-052,SCR,MH,1,MHSTDAT,2019-04-02
SYN-2026-01,SITE-104,SITE-104-052,SCR,MH,1,MHONGO,Y
SYN-2026-01,SITE-104,SITE-104-052,BASE,VS,1,VSDAT,2026-04-11
SYN-2026-01,SITE-104,SITE-104-052,BASE,VS,1,SYSBP,107
SYN-2026-01,SITE-104,SITE-104-052,BASE,VS,1,DIABP,85
SYN-2026-01,SITE-104,SITE-104-052,BASE,VS,1,PULSE,60
SYN-2026-01,SITE-104,SITE-104-052,BASE,VS,1,TEMP,36.2
SYN-2026-01,SITE-104,SITE-104-052,BASE,VS,1,WEIGHT,59.2
SYN-2026-01,SITE-104,SITE-104-052,BASE,EX,1,EXSTDAT,2026-04-11
SYN-2026-01,SITE-104,SITE-104-052,BASE,EX,1,EXDOSE,25
SYN-2026-01,SITE-104,SITE-104-052,BASE,EX,1,EXADJ,Y
SYN-2026-01,SITE-104,SITE-104-052,BASE,DS,1,DSCOMP,N
SYN-2026-01,SITE-104,SITE-104-052,BASE,DS,1,DSTERM,Adverse event
SYN-2026-01,SITE-104,SITE-104-052,BASE,DS,1,DSSTDAT,2026-04-11
SYN-2026-01,SITE-101,SITE-101-053,SCR,DM,1,BRTHDAT,1951-03-01
SYN-2026-01,SITE-101,SITE-101-053,SCR,DM,1,SEX,F
SYN-2026-01,SITE-101,SITE-101-053,SCR,DM,1,RFICDAT,2026-02-10
SYN-2026-01,SITE-101,SITE-101-053,SCR,DM,1,ARM,B
SYN-2026-01,SITE-101,SITE-101-053,SCR,IE,1,IEYN,Y
SYN-2026-01,SITE-101,SITE-101-053,SCR,IE,1,AGEELIG,Y
SYN-2026-01,SITE-101,SITE-101-053,SCR,VS,1,VSDAT,2026-02-20
SYN-2026-01,SITE-101,SITE-101-053,SCR,VS,1,SYSBP,137
SYN-2026-01,SITE-101,SITE-101-053,SCR,VS,1,DIABP,82
SYN-2026-01,SITE-101,SITE-101-053,SCR,VS,1,PULSE,72
SYN-2026-01,SITE-101,SITE-101-053,SCR,VS,1,TEMP,37.0
SYN-2026-01,SITE-101,SITE-101-053,SCR,VS,1,WEIGHT,84.9
SYN-2026-01,SITE-101,SITE-101-053,SCR,MH,1,MHTERM,Migraine
SYN-2026-01,SITE-101,SITE-101-053,SCR,MH,1,MHSTDAT,2023-06-26
SYN-2026-01,SITE-101,SITE-101-053,SCR,MH,1,MHONGO,Y
SYN-2026-01,SITE-101,SITE-101-053,BASE,VS,1,VSDAT,2026-02-28
SYN-2026-01,SITE-101,SITE-101-053,BASE,VS,1,SYSBP,121
SYN-2026-01,SITE-101,SITE-101-053,BASE,VS,1,DIABP,84
SYN-2026-01,SITE-101,SITE-101-053,BASE,VS,1,PULSE,70
SYN-2026-01,SITE-101,SITE-101-053,BASE,VS,1,TEMP,36.8
SYN-2026-01,SITE-101,SITE-101-053,BASE,VS,1,WEIGHT,56.7
SYN-2026-01,SITE-101,SITE-101-053,BASE,EX,1,EXSTDAT,2026-02-28
SYN-2026-01,SITE-101,SITE-101-053,BASE,EX,1,EXDOSE,50
SYN-2026-01,SITE-101,SITE-101-053,BASE,EX,1,EXADJ,N
SYN-2026-01,SITE-101,SITE-101-053,BASE,AE,1,AETERM,sore throat and runny nose
SYN-2026-01,SITE-101,SITE-101-053,BASE,AE,1,AESTDAT,2026-02-22
SYN-2026-01,SITE-101,SITE-101-053,BASE,AE,1,AEOUT,NOT RECOVERED
SYN-2026-01,SITE-101,SITE-101-053,BASE,AE,1,AESEV,MODERATE
SYN-2026-01,SITE-101,SITE-101-053,BASE,AE,1,AESER,N
SYN-2026-01,SITE-101,SITE-101-053,BASE,AE,1,AEREL,NOT RELATED
SYN-2026-01,SITE-101,SITE-101-053,WK4,VS,1,VSDAT,2026-03-30
SYN-2026-01,SITE-101,SITE-101-053,WK4,VS,1,SYSBP,131
SYN-2026-01,SITE-101,SITE-101-053,WK4,VS,1,DIABP,77
SYN-2026-01,SITE-101,SITE-101-053,WK4,VS,1,PULSE,87
SYN-2026-01,SITE-101,SITE-101-053,WK4,VS,1,TEMP,37.3
SYN-2026-01,SITE-101,SITE-101-053,WK4,VS,1,WEIGHT,94.5
SYN-2026-01,SITE-101,SITE-101-053,WK4,EX,1,EXSTDAT,2026-03-30
SYN-2026-01,SITE-101,SITE-101-053,WK4,EX,1,EXDOSE,100
SYN-2026-01,SITE-101,SITE-101-053,WK4,EX,1,EXADJ,N
SYN-2026-01,SITE-101,SITE-101-053,WK4,AE,1,AETERM,Fatigue
SYN-2026-01,SITE-101,SITE-101-053,WK4,AE,1,AESTDAT,2026-03-18
SYN-2026-01,SITE-101,SITE-101-053,WK4,AE,1,AEOUT,UNKNOWN
SYN-2026-01,SITE-101,SITE-101-053,WK4,AE,1,AESEV,MILD
SYN-2026-01,SITE-101,SITE-101-053,WK4,AE,1,AESER,N
SYN-2026-01,SITE-101,SITE-101-053,WK4,AE,1,AEREL,POSSIBLE
SYN-2026-01,SITE-101,SITE-101-053,WK4,AE,2,AETERM,Vomiting
SYN-2026-01,SITE-101,SITE-101-053,WK4,AE,2,AESTDAT,2026-03-17
SYN-2026-01,SITE-101,SITE-101-053,WK4,AE,2,AEOUT,RECOVERED
SYN-2026-01,SITE-101,SITE-101-053,WK4,AE,2,AEENDAT,2026-03-28
SYN-2026-01,SITE-101,SITE-101-053,WK4,AE,2,AESEV,MILD
SYN-2026-01,SITE-101,SITE-101-053,WK4,AE,2,AESER,N
SYN-2026-01,SITE-101,SITE-101-053,WK4,AE,2,AEREL,UNLIKELY
SYN-2026-01,SITE-101,SITE-101-053,WK4,CM,1,CMTRT,advil
SYN-2026-01,SITE-101,SITE-101-053,WK4,CM,1,CMSTDAT,2026-03-24
SYN-2026-01,SITE-101,SITE-101-053,WK12,VS,1,VSDAT,2026-05-26
SYN-2026-01,SITE-101,SITE-101-053,WK12,VS,1,SYSBP,117
SYN-2026-01,SITE-101,SITE-101-053,WK12,VS,1,DIABP,67
SYN-2026-01,SITE-101,SITE-101-053,WK12,VS,1,PULSE,71
SYN-2026-01,SITE-101,SITE-101-053,WK12,VS,1,TEMP,35.8
SYN-2026-01,SITE-101,SITE-101-053,WK12,VS,1,WEIGHT,87.0
SYN-2026-01,SITE-101,SITE-101-053,WK12,EX,1,EXSTDAT,2026-05-26
SYN-2026-01,SITE-101,SITE-101-053,WK12,EX,1,EXDOSE,50
SYN-2026-01,SITE-101,SITE-101-053,WK12,EX,1,EXADJ,N
SYN-2026-01,SITE-101,SITE-101-053,WK12,AE,1,AETERM,Rash
SYN-2026-01,SITE-101,SITE-101-053,WK12,AE,1,AESTDAT,2026-05-13
SYN-2026-01,SITE-101,SITE-101-053,WK12,AE,1,AEOUT,RECOVERED
SYN-2026-01,SITE-101,SITE-101-053,WK12,AE,1,AEENDAT,2026-05-27
SYN-2026-01,SITE-101,SITE-101-053,WK12,AE,1,AESEV,MILD
SYN-2026-01,SITE-101,SITE-101-053,WK12,AE,1,AESER,N
SYN-2026-01,SITE-101,SITE-101-053,WK12,AE,1,AEREL,POSSIBLE
SYN-2026-01,SITE-101,SITE-101-053,WK12,CM,1,CMTRT,Atorvastatin
SYN-2026-01,SITE-101,SITE-101-053,WK12,CM,1,CMINDC,Prophylaxis
SYN-2026-01,SITE-101,SITE-101-053,WK12,CM,1,CMSTDAT,2026-04-07
SYN-2026-01,SITE-101,SITE-101-053,WK12,CM,2,CMTRT,Omeprazole
SYN-2026-01,SITE-101,SITE-101-053,WK12,CM,2,CMINDC,Prophylaxis
SYN-2026-01,SITE-101,SITE-101-053,WK12,CM,2,CMSTDAT,2026-04-13
SYN-2026-01,SITE-101,SITE-101-053,WK12,DS,1,DSCOMP,N
SYN-2026-01,SITE-101,SITE-101-053,WK12,DS,1,DSSTDAT,2026-05-26
SYN-2026-01,SITE-105,SITE-105-054,SCR,DM,1,BRTHDAT,2001-12-19
SYN-2026-01,SITE-105,SITE-105-054,SCR,DM,1,SEX,F
SYN-2026-01,SITE-105,SITE-105-054,SCR,DM,1,RFICDAT,2025-12-13
SYN-2026-01,SITE-105,SITE-105-054,SCR,DM,1,ARM,A
SYN-2026-01,SITE-105,SITE-105-054,SCR,IE,1,IEYN,Y
SYN-2026-01,SITE-105,SITE-105-054,SCR,IE,1,AGEELIG,Y
SYN-2026-01,SITE-105,SITE-105-054,SCR,VS,1,VSDAT,2025-12-20
SYN-2026-01,SITE-105,SITE-105-054,SCR,VS,1,SYSBP,95
SYN-2026-01,SITE-105,SITE-105-054,SCR,VS,1,DIABP,71
SYN-2026-01,SITE-105,SITE-105-054,SCR,VS,1,PULSE,60
SYN-2026-01,SITE-105,SITE-105-054,SCR,VS,1,TEMP,36.7
SYN-2026-01,SITE-105,SITE-105-054,SCR,VS,1,WEIGHT,76.0
SYN-2026-01,SITE-105,SITE-105-054,BASE,VS,1,VSDAT,2025-12-30
SYN-2026-01,SITE-105,SITE-105-054,BASE,VS,1,SYSBP,121
SYN-2026-01,SITE-105,SITE-105-054,BASE,VS,1,DIABP,71
SYN-2026-01,SITE-105,SITE-105-054,BASE,VS,1,PULSE,92
SYN-2026-01,SITE-105,SITE-105-054,BASE,VS,1,TEMP,37.3
SYN-2026-01,SITE-105,SITE-105-054,BASE,VS,1,WEIGHT,78.5
SYN-2026-01,SITE-105,SITE-105-054,BASE,EX,1,EXSTDAT,2025-12-30
SYN-2026-01,SITE-105,SITE-105-054,BASE,EX,1,EXDOSE,50
SYN-2026-01,SITE-105,SITE-105-054,BASE,EX,1,EXADJ,N
SYN-2026-01,SITE-105,SITE-105-054,WK4,VS,1,VSDAT,2026-01-27
SYN-2026-01,SITE-105,SITE-105-054,WK4,VS,1,SYSBP,116
SYN-2026-01,SITE-105,SITE-105-054,WK4,VS,1,DIABP,83
SYN-2026-01,SITE-105,SITE-105-054,WK4,VS,1,PULSE,69
SYN-2026-01,SITE-105,SITE-105-054,WK4,VS,1,TEMP,36.7
SYN-2026-01,SITE-105,SITE-105-054,WK4,VS,1,WEIGHT,59.9
SYN-2026-01,SITE-105,SITE-105-054,WK4,EX,1,EXSTDAT,2026-01-27
SYN-2026-01,SITE-105,SITE-105-054,WK4,EX,1,EXDOSE,25
SYN-2026-01,SITE-105,SITE-105-054,WK4,EX,1,EXADJ,Y
SYN-2026-01,SITE-105,SITE-105-054,WK12,VS,1,VSDAT,2026-03-20
SYN-2026-01,SITE-105,SITE-105-054,WK12,VS,1,SYSBP,126
SYN-2026-01,SITE-105,SITE-105-054,WK12,VS,1,DIABP,87
SYN-2026-01,SITE-105,SITE-105-054,WK12,VS,1,PULSE,64
SYN-2026-01,SITE-105,SITE-105-054,WK12,VS,1,TEMP,36.9
SYN-2026-01,SITE-105,SITE-105-054,WK12,VS,1,WEIGHT,88.5
SYN-2026-01,SITE-105,SITE-105-054,WK12,EX,1,EXSTDAT,2026-03-20
SYN-2026-01,SITE-105,SITE-105-054,WK12,EX,1,EXDOSE,50
SYN-2026-01,SITE-105,SITE-105-054,WK12,EX,1,EXADJ,Y
SYN-2026-01,SITE-105,SITE-105-054,EOS,VS,1,VSDAT,2026-06-22
SYN-2026-01,SITE-105,SITE-105-054,EOS,VS,1,SYSBP,131
SYN-2026-01,SITE-105,SITE-105-054,EOS,VS,1,DIABP,73
SYN-2026-01,SITE-105,SITE-105-054,EOS,VS,1,PULSE,70
SYN-2026-01,SITE-105,SITE-105-054,EOS,VS,1,TEMP,37.2
SYN-2026-01,SITE-105,SITE-105-054,EOS,VS,1,WEIGHT,59.1
SYN-2026-01,SITE-105,SITE-105-054,EOS,DS,1,DSCOMP,Y
SYN-2026-01,SITE-105,SITE-105-054,EOS,DS,1,DSSTDAT,2026-06-22
SYN-2026-01,SITE-102,SITE-102-055,SCR,DM,1,BRTHDAT,1965-01-27
SYN-2026-01,SITE-102,SITE-102-055,SCR,DM,1,SEX,M
SYN-2026-01,SITE-102,SITE-102-055,SCR,DM,1,RFICDAT,2026-01-12
SYN-2026-01,SITE-102,SITE-102-055,SCR,DM,1,ARM,B
SYN-2026-01,SITE-102,SITE-102-055,SCR,IE,1,IEYN,Y
SYN-2026-01,SITE-102,SITE-102-055,SCR,IE,1,AGEELIG,Y
SYN-2026-01,SITE-102,SITE-102-055,SCR,VS,1,VSDAT,2026-01-09
SYN-2026-01,SITE-102,SITE-102-055,SCR,VS,1,SYSBP,143
SYN-2026-01,SITE-102,SITE-102-055,SCR,VS,1,DIABP,82
SYN-2026-01,SITE-102,SITE-102-055,SCR,VS,1,PULSE,73
SYN-2026-01,SITE-102,SITE-102-055,SCR,VS,1,TEMP,36.6
SYN-2026-01,SITE-102,SITE-102-055,SCR,VS,1,WEIGHT,58.1
SYN-2026-01,SITE-102,SITE-102-055,BASE,VS,1,VSDAT,2026-01-29
SYN-2026-01,SITE-102,SITE-102-055,BASE,VS,1,SYSBP,155
SYN-2026-01,SITE-102,SITE-102-055,BASE,VS,1,DIABP,86
SYN-2026-01,SITE-102,SITE-102-055,BASE,VS,1,PULSE,69
SYN-2026-01,SITE-102,SITE-102-055,BASE,VS,1,TEMP,36.9
SYN-2026-01,SITE-102,SITE-102-055,BASE,VS,1,WEIGHT,84.9
SYN-2026-01,SITE-102,SITE-102-055,BASE,EX,1,EXSTDAT,2026-01-29
SYN-2026-01,SITE-102,SITE-102-055,BASE,EX,1,EXDOSE,100
SYN-2026-01,SITE-102,SITE-102-055,BASE,EX,1,EXADJ,N
SYN-2026-01,SITE-102,SITE-102-055,WK4,VS,1,VSDAT,2026-02-24
SYN-2026-01,SITE-102,SITE-102-055,WK4,VS,1,SYSBP,114
SYN-2026-01,SITE-102,SITE-102-055,WK4,VS,1,DIABP,72
SYN-2026-01,SITE-102,SITE-102-055,WK4,VS,1,PULSE,70
SYN-2026-01,SITE-102,SITE-102-055,WK4,VS,1,TEMP,36.0
SYN-2026-01,SITE-102,SITE-102-055,WK4,VS,1,WEIGHT,76.4
SYN-2026-01,SITE-102,SITE-102-055,WK4,EX,1,EXSTDAT,2026-02-24
SYN-2026-01,SITE-102,SITE-102-055,WK4,EX,1,EXDOSE,100
SYN-2026-01,SITE-102,SITE-102-055,WK4,EX,1,EXADJ,N
SYN-2026-01,SITE-102,SITE-102-055,WK4,CM,1,CMTRT,Paracetamol
SYN-2026-01,SITE-102,SITE-102-055,WK4,CM,1,CMINDC,Infection
SYN-2026-01,SITE-102,SITE-102-055,WK4,CM,1,CMSTDAT,2026-01-03
SYN-2026-01,SITE-102,SITE-102-055,WK12,VS,1,VSDAT,2026-05-06
SYN-2026-01,SITE-102,SITE-102-055,WK12,VS,1,SYSBP,127
SYN-2026-01,SITE-102,SITE-102-055,WK12,VS,1,DIABP,70
SYN-2026-01,SITE-102,SITE-102-055,WK12,VS,1,PULSE,66
SYN-2026-01,SITE-102,SITE-102-055,WK12,VS,1,TEMP,37.0
SYN-2026-01,SITE-102,SITE-102-055,WK12,VS,1,WEIGHT,65.4
SYN-2026-01,SITE-102,SITE-102-055,WK12,EX,1,EXSTDAT,2026-05-06
SYN-2026-01,SITE-102,SITE-102-055,WK12,EX,1,EXDOSE,50
SYN-2026-01,SITE-102,SITE-102-055,WK12,EX,1,EXADJ,N
SYN-2026-01,SITE-102,SITE-102-055,WK12,AE,1,AETERM,Abdominal pain
SYN-2026-01,SITE-102,SITE-102-055,WK12,AE,1,AESTDAT,2026-05-03
SYN-2026-01,SITE-102,SITE-102-055,WK12,AE,1,AEOUT,RECOVERED
SYN-2026-01,SITE-102,SITE-102-055,WK12,AE,1,AEENDAT,2026-05-23
SYN-2026-01,SITE-102,SITE-102-055,WK12,AE,1,AESEV,MODERATE
SYN-2026-01,SITE-102,SITE-102-055,WK12,AE,1,AESER,Y
SYN-2026-01,SITE-102,SITE-102-055,WK12,AE,1,AEREL,RELATED
SYN-2026-01,SITE-102,SITE-102-055,WK12,AE,1,AEACN,DOSE REDUCED
SYN-2026-01,SITE-102,SITE-102-055,WK12,CM,1,CMTRT,Amoxicillin
SYN-2026-01,SITE-102,SITE-102-055,WK12,CM,1,CMINDC,Pain
SYN-2026-01,SITE-102,SITE-102-055,WK12,CM,1,CMSTDAT,2026-05-04
SYN-2026-01,SITE-102,SITE-102-055,EOS,VS,1,VSDAT,2026-07-12
SYN-2026-01,SITE-102,SITE-102-055,EOS,VS,1,SYSBP,143
SYN-2026-01,SITE-102,SITE-102-055,EOS,VS,1,DIABP,86
SYN-2026-01,SITE-102,SITE-102-055,EOS,VS,1,PULSE,100
SYN-2026-01,SITE-102,SITE-102-055,EOS,VS,1,TEMP,36.3
SYN-2026-01,SITE-102,SITE-102-055,EOS,VS,1,WEIGHT,83.3
SYN-2026-01,SITE-102,SITE-102-055,EOS,AE,1,AETERM,Pruritus
SYN-2026-01,SITE-102,SITE-102-055,EOS,AE,1,AESTDAT,2026-06-28
SYN-2026-01,SITE-102,SITE-102-055,EOS,AE,1,AEOUT,RECOVERING
SYN-2026-01,SITE-102,SITE-102-055,EOS,AE,1,AESEV,MILD
SYN-2026-01,SITE-102,SITE-102-055,EOS,AE,1,AESER,N
SYN-2026-01,SITE-102,SITE-102-055,EOS,AE,1,AEREL,RELATED
SYN-2026-01,SITE-102,SITE-102-055,EOS,DS,1,DSCOMP,Y
SYN-2026-01,SITE-102,SITE-102-055,EOS,DS,1,DSSTDAT,2026-07-12
SYN-2026-01,SITE-104,SITE-104-056,SCR,DM,1,BRTHDAT,1988-11-25
SYN-2026-01,SITE-104,SITE-104-056,SCR,DM,1,SEX,M
SYN-2026-01,SITE-104,SITE-104-056,SCR,DM,1,RFICDAT,2025-11-16
SYN-2026-01,SITE-104,SITE-104-056,SCR,DM,1,ARM,A
SYN-2026-01,SITE-104,SITE-104-056,SCR,IE,1,IEYN,Y
SYN-2026-01,SITE-104,SITE-104-056,SCR,IE,1,AGEELIG,Y
SYN-2026-01,SITE-104,SITE-104-056,SCR,VS,1,VSDAT,2025-11-12
SYN-2026-01,SITE-104,SITE-104-056,SCR,VS,1,SYSBP,116
SYN-2026-01,SITE-104,SITE-104-056,SCR,VS,1,DIABP,73
SYN-2026-01,SITE-104,SITE-104-056,SCR,VS,1,PULSE,92
SYN-2026-01,SITE-104,SITE-104-056,SCR,VS,1,TEMP,36.1
SYN-2026-01,SITE-104,SITE-104-056,SCR,VS,1,WEIGHT,53.8
SYN-2026-01,SITE-104,SITE-104-056,SCR,MH,1,MHTERM,Type 2 diabetes mellitus
SYN-2026-01,SITE-104,SITE-104-056,SCR,MH,1,MHSTDAT,2018-02-22
SYN-2026-01,SITE-104,SITE-104-056,SCR,MH,1,MHONGO,N
SYN-2026-01,SITE-104,SITE-104-056,BASE,VS,1,VSDAT,2025-11-26
SYN-2026-01,SITE-104,SITE-104-056,BASE,VS,1,SYSBP,137
SYN-2026-01,SITE-104,SITE-104-056,BASE,VS,1,DIABP,73
SYN-2026-01,SITE-104,SITE-104-056,BASE,VS,1,PULSE,56
SYN-2026-01,SITE-104,SITE-104-056,BASE,VS,1,TEMP,37.1
SYN-2026-01,SITE-104,SITE-104-056,BASE,VS,1,WEIGHT,62.2
SYN-2026-01,SITE-104,SITE-104-056,BASE,EX,1,EXSTDAT,2025-11-26
SYN-2026-01,SITE-104,SITE-104-056,BASE,EX,1,EXDOSE,100
SYN-2026-01,SITE-104,SITE-104-056,BASE,EX,1,EXADJ,N
SYN-2026-01,SITE-104,SITE-104-056,WK4,VS,1,VSDAT,2025-12-24
SYN-2026-01,SITE-104,SITE-104-056,WK4,VS,1,SYSBP,104
SYN-2026-01,SITE-104,SITE-104-056,WK4,VS,1,DIABP,78
SYN-2026-01,SITE-104,SITE-104-056,WK4,VS,1,PULSE,87
SYN-2026-01,SITE-104,SITE-104-056,WK4,VS,1,TEMP,36.1
SYN-2026-01,SITE-104,SITE-104-056,WK4,VS,1,WEIGHT,77.2
SYN-2026-01,SITE-104,SITE-104-056,WK4,EX,1,EXSTDAT,2025-12-24
SYN-2026-01,SITE-104,SITE-104-056,WK4,EX,1,EXDOSE,50
SYN-2026-01,SITE-104,SITE-104-056,WK4,EX,1,EXADJ,N
SYN-2026-01,SITE-104,SITE-104-056,WK4,AE,1,AETERM,Headache
SYN-2026-01,SITE-104,SITE-104-056,WK4,AE,1,AESTDAT,2025-12-04
SYN-2026-01,SITE-104,SITE-104-056,WK4,AE,1,AEOUT,NOT RECOVERED
SYN-2026-01,SITE-104,SITE-104-056,WK4,AE,1,AESEV,SEVERE
SYN-2026-01,SITE-104,SITE-104-056,WK4,AE,1,AESER,N
SYN-2026-01,SITE-104,SITE-104-056,WK4,AE,1,AEREL,RELATED
SYN-2026-01,SITE-104,SITE-104-056,WK4,CM,1,CMTRT,Atorvastatin
SYN-2026-01,SITE-104,SITE-104-056,WK4,CM,1,CMINDC,Infection
SYN-2026-01,SITE-104,SITE-104-056,WK4,CM,1,CMSTDAT,2025-11-02
SYN-2026-01,SITE-104,SITE-104-056,WK4,DS,1,DSCOMP,N
SYN-2026-01,SITE-104,SITE-104-056,WK4,DS,1,DSTERM,Adverse event
SYN-2026-01,SITE-104,SITE-104-056,WK4,DS,1,DSSTDAT,2025-12-24
SYN-2026-01,SITE-101,SITE-101-057,SCR,DM,1,BRTHDAT,1985-10-15
SYN-2026-01,SITE-101,SITE-101-057,SCR,DM,1,SEX,M
SYN-2026-01,SITE-101,SITE-101-057,SCR,DM,1,RFICDAT,2025-10-05
SYN-2026-01,SITE-101,SITE-101-057,SCR,DM,1,ARM,B
SYN-2026-01,SITE-101,SITE-101-057,SCR,IE,1,IEYN,Y
SYN-2026-01,SITE-101,SITE-101-057,SCR,IE,1,AGEELIG,Y
SYN-2026-01,SITE-101,SITE-101-057,SCR,VS,1,VSDAT,2025-10-04
SYN-2026-01,SITE-101,SITE-101-057,SCR,VS,1,SYSBP,122
SYN-2026-01,SITE-101,SITE-101-057,SCR,VS,1,DIABP,92
SYN-2026-01,SITE-101,SITE-101-057,SCR,VS,1,PULSE,86
SYN-2026-01,SITE-101,SITE-101-057,SCR,VS,1,TEMP,36.9
SYN-2026-01,SITE-101,SITE-101-057,SCR,VS,1,WEIGHT,95.0
SYN-2026-01,SITE-101,SITE-101-057,SCR,MH,1,MHTERM,Asthma
SYN-2026-01,SITE-101,SITE-101-057,SCR,MH,1,MHSTDAT,2021-11-16
SYN-2026-01,SITE-101,SITE-101-057,SCR,MH,1,MHONGO,N
SYN-2026-01,SITE-101,SITE-101-057,SCR,MH,2,MHTERM,Hypercholesterolaemia
SYN-2026-01,SITE-101,SITE-101-057,SCR,MH,2,MHSTDAT,2019-08-21
SYN-2026-01,SITE-101,SITE-101-057,SCR,MH,2,MHONGO,N
SYN-2026-01,SITE-101,SITE-101-057,SCR,MH,3,MHTERM,Osteoarthritis
SYN-2026-01,SITE-101,SITE-101-057,SCR,MH,3,MHSTDAT,2018-12-26
SYN-2026-01,SITE-101,SITE-101-057,SCR,MH,3,MHONGO,N
SYN-2026-01,SITE-101,SITE-101-057,BASE,VS,1,VSDAT,2025-10-16
SYN-2026-01,SITE-101,SITE-101-057,BASE,VS,1,SYSBP,121
SYN-2026-01,SITE-101,SITE-101-057,BASE,VS,1,DIABP,86
SYN-2026-01,SITE-101,SITE-101-057,BASE,VS,1,PULSE,79
SYN-2026-01,SITE-101,SITE-101-057,BASE,VS,1,TEMP,36.3
SYN-2026-01,SITE-101,SITE-101-057,BASE,VS,1,WEIGHT,96.2
SYN-2026-01,SITE-101,SITE-101-057,BASE,EX,1,EXSTDAT,2025-10-16
SYN-2026-01,SITE-101,SITE-101-057,BASE,EX,1,EXDOSE,100
SYN-2026-01,SITE-101,SITE-101-057,BASE,EX,1,EXADJ,N
SYN-2026-01,SITE-101,SITE-101-057,BASE,AE,1,AETERM,feeling sick to stomach
SYN-2026-01,SITE-101,SITE-101-057,BASE,AE,1,AESTDAT,2025-10-05
SYN-2026-01,SITE-101,SITE-101-057,BASE,AE,1,AEOUT,UNKNOWN
SYN-2026-01,SITE-101,SITE-101-057,BASE,AE,1,AESEV,MODERATE
SYN-2026-01,SITE-101,SITE-101-057,BASE,AE,1,AESER,N
SYN-2026-01,SITE-101,SITE-101-057,BASE,AE,1,AEREL,NOT RELATED
SYN-2026-01,SITE-101,SITE-101-057,BASE,AE,2,AETERM,sore throat and runny nose
SYN-2026-01,SITE-101,SITE-101-057,BASE,AE,2,AESTDAT,2025-10-05
SYN-2026-01,SITE-101,SITE-101-057,BASE,AE,2,AEOUT,UNKNOWN
SYN-2026-01,SITE-101,SITE-101-057,BASE,AE,2,AESEV,MILD
SYN-2026-01,SITE-101,SITE-101-057,BASE,AE,2,AESER,Y
SYN-2026-01,SITE-101,SITE-101-057,BASE,AE,2,AEREL,PROBABLE
SYN-2026-01,SITE-101,SITE-101-057,BASE,AE,2,AEACN,DOSE REDUCED
SYN-2026-01,SITE-101,SITE-101-057,WK4,VS,1,VSDAT,2025-11-15
SYN-2026-01,SITE-101,SITE-101-057,WK4,VS,1,SYSBP,122
SYN-2026-01,SITE-101,SITE-101-057,WK4,VS,1,DIABP,90
SYN-2026-01,SITE-101,SITE-101-057,WK4,VS,1,PULSE,79
SYN-2026-01,SITE-101,SITE-101-057,WK4,VS,1,TEMP,36.1
SYN-2026-01,SITE-101,SITE-101-057,WK4,VS,1,WEIGHT,88.8
SYN-2026-01,SITE-101,SITE-101-057,WK4,EX,1,EXSTDAT,2025-11-15
SYN-2026-01,SITE-101,SITE-101-057,WK4,EX,1,EXDOSE,50
SYN-2026-01,SITE-101,SITE-101-057,WK4,EX,1,EXADJ,N
SYN-2026-01,SITE-101,SITE-101-057,WK12,VS,1,VSDAT,2026-01-02
SYN-2026-01,SITE-101,SITE-101-057,WK12,VS,1,SYSBP,151
SYN-2026-01,SITE-101,SITE-101-057,WK12,VS,1,DIABP,86
SYN-2026-01,SITE-101,SITE-101-057,WK12,VS,1,PULSE,65
SYN-2026-01,SITE-101,SITE-101-057,WK12,VS,1,TEMP,36.6
SYN-2026-01,SITE-101,SITE-101-057,WK12,VS,1,WEIGHT,74.3
SYN-2026-01,SITE-101,SITE-101-057,WK12,EX,1,EXSTDAT,2026-01-02
SYN-2026-01,SITE-101,SITE-101-057,WK12,EX,1,EXDOSE,100
SYN-2026-01,SITE-101,SITE-101-057,WK12,EX,1,EXADJ,N
SYN-2026-01,SITE-101,SITE-101-057,WK12,AE,1,AETERM,Upper respiratory tract infection
SYN-2026-01,SITE-101,SITE-101-057,WK12,AE,1,AESTDAT,2025-12-28
SYN-2026-01,SITE-101,SITE-101-057,WK12,AE,1,AEOUT,RECOVERING
SYN-2026-01,SITE-101,SITE-101-057,WK12,AE,1,AESEV,MILD
SYN-2026-01,SITE-101,SITE-101-057,WK12,AE,1,AESER,Y
SYN-2026-01,SITE-101,SITE-101-057,WK12,AE,1,AEREL,RELATED
SYN-2026-01,SITE-101,SITE-101-057,WK12,AE,1,AEACN,DOSE NOT CHANGED
SYN-2026-01,SITE-101,SITE-101-057,WK12,AE,2,AETERM,Cough
SYN-2026-01,SITE-101,SITE-101-057,WK12,AE,2,AESTDAT,2025-12-24
SYN-2026-01,SITE-101,SITE-101-057,WK12,AE,2,AEOUT,RECOVERED
SYN-2026-01,SITE-101,SITE-101-057,WK12,AE,2,AEENDAT,2025-12-25
SYN-2026-01,SITE-101,SITE-101-057,WK12,AE,2,AESEV,MILD
SYN-2026-01,SITE-101,SITE-101-057,WK12,AE,2,AESER,N
SYN-2026-01,SITE-101,SITE-101-057,WK12,AE,2,AEREL,RELATED
SYN-2026-01,SITE-101,SITE-101-057,EOS,VS,1,VSDAT,2026-03-30
SYN-2026-01,SITE-101,SITE-101-057,EOS,VS,1,SYSBP,135
SYN-2026-01,SITE-101,SITE-101-057,EOS,VS,1,DIABP,66
SYN-2026-01,SITE-101,SITE-101-057,EOS,VS,1,PULSE,72
SYN-2026-01,SITE-101,SITE-101-057,EOS,VS,1,TEMP,36.5
SYN-2026-01,SITE-101,SITE-101-057,EOS,VS,1,WEIGHT,99.6
SYN-2026-01,SITE-101,SITE-101-057,EOS,AE,1,AETERM,Cough
SYN-2026-01,SITE-101,SITE-101-057,EOS,AE,1,AESTDAT,2026-03-10
SYN-2026-01,SITE-101,SITE-101-057,EOS,AE,1,AEOUT,RECOVERED
SYN-2026-01,SITE-101,SITE-101-057,EOS,AE,1,AEENDAT,2026-03-14
SYN-2026-01,SITE-101,SITE-101-057,EOS,AE,1,AESEV,MILD
SYN-2026-01,SITE-101,SITE-101-057,EOS,AE,1,AESER,N
SYN-2026-01,SITE-101,SITE-101-057,EOS,AE,1,AEREL,NOT RELATED
SYN-2026-01,SITE-101,SITE-101-057,EOS,DS,1,DSCOMP,Y
SYN-2026-01,SITE-101,SITE-101-057,EOS,DS,1,DSSTDAT,2026-03-30
SYN-2026-01,SITE-101,SITE-101-058,SCR,DM,1,BRTHDAT,1965-02-15
SYN-2026-01,SITE-101,SITE-101-058,SCR,DM,1,SEX,F
SYN-2026-01,SITE-101,SITE-101-058,SCR,DM,1,RFICDAT,2026-01-31
SYN-2026-01,SITE-101,SITE-101-058,SCR,DM,1,ARM,A
SYN-2026-01,SITE-101,SITE-101-058,SCR,IE,1,IEYN,Y
SYN-2026-01,SITE-101,SITE-101-058,SCR,IE,1,AGEELIG,Y
SYN-2026-01,SITE-101,SITE-101-058,SCR,VS,1,VSDAT,2026-02-02
SYN-2026-01,SITE-101,SITE-101-058,SCR,VS,1,SYSBP,143
SYN-2026-01,SITE-101,SITE-101-058,SCR,VS,1,DIABP,83
SYN-2026-01,SITE-101,SITE-101-058,SCR,VS,1,PULSE,85
SYN-2026-01,SITE-101,SITE-101-058,SCR,VS,1,TEMP,36.5
SYN-2026-01,SITE-101,SITE-101-058,SCR,VS,1,WEIGHT,91.5
SYN-2026-01,SITE-101,SITE-101-058,SCR,MH,1,MHTERM,Type 2 diabetes mellitus
SYN-2026-01,SITE-101,SITE-101-058,SCR,MH,1,MHSTDAT,2022-11-11
SYN-2026-01,SITE-101,SITE-101-058,SCR,MH,1,MHONGO,Y
SYN-2026-01,SITE-101,SITE-101-058,SCR,MH,2,MHTERM,Type 2 diabetes mellitus
SYN-2026-01,SITE-101,SITE-101-058,SCR,MH,2,MHSTDAT,2019-05-01
SYN-2026-01,SITE-101,SITE-101-058,SCR,MH,2,MHONGO,N
SYN-2026-01,SITE-101,SITE-101-058,SCR,MH,3,MHTERM,Migraine
SYN-2026-01,SITE-101,SITE-101-058,SCR,MH,3,MHSTDAT,2019-10-06
SYN-2026-01,SITE-101,SITE-101-058,SCR,MH,3,MHONGO,N
SYN-2026-01,SITE-101,SITE-101-058,BASE,VS,1,VSDAT,2026-02-11
SYN-2026-01,SITE-101,SITE-101-058,BASE,VS,1,SYSBP,139
SYN-2026-01,SITE-101,SITE-101-058,BASE,VS,1,DIABP,84
SYN-2026-01,SITE-101,SITE-101-058,BASE,VS,1,PULSE,65
SYN-2026-01,SITE-101,SITE-101-058,BASE,VS,1,TEMP,36.9
SYN-2026-01,SITE-101,SITE-101-058,BASE,VS,1,WEIGHT,109.6
SYN-2026-01,SITE-101,SITE-101-058,BASE,EX,1,EXSTDAT,2026-02-11
SYN-2026-01,SITE-101,SITE-101-058,BASE,EX,1,EXDOSE,25
SYN-2026-01,SITE-101,SITE-101-058,BASE,EX,1,EXADJ,N
SYN-2026-01,SITE-101,SITE-101-058,WK4,VS,1,VSDAT,2026-03-07
SYN-2026-01,SITE-101,SITE-101-058,WK4,VS,1,SYSBP,137
SYN-2026-01,SITE-101,SITE-101-058,WK4,VS,1,DIABP,83
SYN-2026-01,SITE-101,SITE-101-058,WK4,VS,1,PULSE,77
SYN-2026-01,SITE-101,SITE-101-058,WK4,VS,1,TEMP,36.7
SYN-2026-01,SITE-101,SITE-101-058,WK4,VS,1,WEIGHT,51.8
SYN-2026-01,SITE-101,SITE-101-058,WK4,EX,1,EXSTDAT,2026-03-07
SYN-2026-01,SITE-101,SITE-101-058,WK4,EX,1,EXDOSE,50
SYN-2026-01,SITE-101,SITE-101-058,WK4,EX,1,EXADJ,N
SYN-2026-01,SITE-101,SITE-101-058,WK4,AE,1,AETERM,Pruritus
SYN-2026-01,SITE-101,SITE-101-058,WK4,AE,1,AESTDAT,2026-02-26
SYN-2026-01,SITE-101,SITE-101-058,WK4,AE,1,AEOUT,RECOVERED
SYN-2026-01,SITE-101,SITE-101-058,WK4,AE,1,AEENDAT,2026-03-07
SYN-2026-01,SITE-101,SITE-101-058,WK4,AE,1,AESEV,MODERATE
SYN-2026-01,SITE-101,SITE-101-058,WK4,AE,1,AESER,N
SYN-2026-01,SITE-101,SITE-101-058,WK4,AE,1,AEREL,PROBABLE
SYN-2026-01,SITE-101,SITE-101-058,WK4,CM,1,CMTRT,advil
SYN-2026-01,SITE-101,SITE-101-058,WK4,CM,1,CMINDC,Pain
SYN-2026-01,SITE-101,SITE-101-058,WK4,CM,1,CMSTDAT,2026-02-19
SYN-2026-01,SITE-101,SITE-101-058,WK12,VS,1,VSDAT,2026-05-08
SYN-2026-01,SITE-101,SITE-101-058,WK12,VS,1,SYSBP,120
SYN-2026-01,SITE-101,SITE-101-058,WK12,VS,1,DIABP,68
SYN-2026-01,SITE-101,SITE-101-058,WK12,VS,1,PULSE,66
SYN-2026-01,SITE-101,SITE-101-058,WK12,VS,1,TEMP,36.9
SYN-2026-01,SITE-101,SITE-101-058,WK12,VS,1,WEIGHT,108.2
SYN-2026-01,SITE-101,SITE-101-058,WK12,EX,1,EXSTDAT,2026-05-08
SYN-2026-01,SITE-101,SITE-101-058,WK12,EX,1,EXDOSE,100
SYN-2026-01,SITE-101,SITE-101-058,WK12,EX,1,EXADJ,N
SYN-2026-01,SITE-101,SITE-101-058,WK12,AE,1,AETERM,Abdominal pain
SYN-2026-01,SITE-101,SITE-101-058,WK12,AE,1,AESTDAT,2026-04-19
SYN-2026-01,SITE-101,SITE-101-058,WK12,AE,1,AEOUT,RECOVERED
SYN-2026-01,SITE-101,SITE-101-058,WK12,AE,1,AEENDAT,2026-04-26
SYN-2026-01,SITE-101,SITE-101-058,WK12,AE,1,AESEV,MODERATE
SYN-2026-01,SITE-101,SITE-101-058,WK12,AE,1,AESER,N
SYN-2026-01,SITE-101,SITE-101-058,WK12,AE,1,AEREL,NOT RELATED
SYN-2026-01,SITE-101,SITE-101-058,WK12,AE,2,AETERM,Nausea
SYN-2026-01,SITE-101,SITE-101-058,WK12,AE,2,AESTDAT,2026-05-05
SYN-2026-01,SITE-101,SITE-101-058,WK12,AE,2,AEOUT,UNKNOWN
SYN-2026-01,SITE-101,SITE-101-058,WK12,AE,2,AESEV,MODERATE
SYN-2026-01,SITE-101,SITE-101-058,WK12,AE,2,AESER,N
SYN-2026-01,SITE-101,SITE-101-058,WK12,AE,2,AEREL,POSSIBLE
SYN-2026-01,SITE-101,SITE-101-058,WK12,AE,3,AETERM,not himself
SYN-2026-01,SITE-101,SITE-101-058,WK12,AE,3,AESTDAT,2026-05-08
SYN-2026-01,SITE-101,SITE-101-058,WK12,AE,3,AEOUT,RECOVERING
SYN-2026-01,SITE-101,SITE-101-058,WK12,AE,3,AESEV,MODERATE
SYN-2026-01,SITE-101,SITE-101-058,WK12,AE,3,AESER,Y
SYN-2026-01,SITE-101,SITE-101-058,WK12,AE,3,AEREL,RELATED
SYN-2026-01,SITE-101,SITE-101-058,WK12,AE,3,AEACN,DOSE REDUCED
SYN-2026-01,SITE-101,SITE-101-058,WK12,CM,1,CMTRT,Metformin
SYN-2026-01,SITE-101,SITE-101-058,WK12,CM,1,CMINDC,Hypertension
SYN-2026-01,SITE-101,SITE-101-058,WK12,CM,1,CMSTDAT,2026-03-26
SYN-2026-01,SITE-101,SITE-101-058,WK12,CM,2,CMTRT,advil
SYN-2026-01,SITE-101,SITE-101-058,WK12,CM,2,CMSTDAT,2026-04-19
SYN-2026-01,SITE-101,SITE-101-058,EOS,VS,1,VSDAT,2026-07-23
SYN-2026-01,SITE-101,SITE-101-058,EOS,VS,1,SYSBP,144
SYN-2026-01,SITE-101,SITE-101-058,EOS,VS,1,DIABP,72
SYN-2026-01,SITE-101,SITE-101-058,EOS,VS,1,PULSE,73
SYN-2026-01,SITE-101,SITE-101-058,EOS,VS,1,TEMP,36.2
SYN-2026-01,SITE-101,SITE-101-058,EOS,VS,1,WEIGHT,73.5
SYN-2026-01,SITE-101,SITE-101-058,EOS,CM,1,CMTRT,Metformin
SYN-2026-01,SITE-101,SITE-101-058,EOS,CM,1,CMINDC,Hypertension
SYN-2026-01,SITE-101,SITE-101-058,EOS,CM,1,CMSTDAT,2026-07-09
SYN-2026-01,SITE-101,SITE-101-058,EOS,CM,2,CMTRT,advil
SYN-2026-01,SITE-101,SITE-101-058,EOS,CM,2,CMINDC,Hypertension
SYN-2026-01,SITE-101,SITE-101-058,EOS,CM,2,CMSTDAT,2026-06-14
SYN-2026-01,SITE-101,SITE-101-058,EOS,DS,1,DSCOMP,Y
SYN-2026-01,SITE-101,SITE-101-058,EOS,DS,1,DSSTDAT,2026-07-23
SYN-2026-01,SITE-105,SITE-105-059,SCR,DM,1,BRTHDAT,1987-12-11
SYN-2026-01,SITE-105,SITE-105-059,SCR,DM,1,SEX,M
SYN-2026-01,SITE-105,SITE-105-059,SCR,DM,1,RFICDAT,2025-12-01
SYN-2026-01,SITE-105,SITE-105-059,SCR,DM,1,ARM,B
SYN-2026-01,SITE-105,SITE-105-059,SCR,IE,1,IEYN,Y
SYN-2026-01,SITE-105,SITE-105-059,SCR,IE,1,AGEELIG,Y
SYN-2026-01,SITE-105,SITE-105-059,SCR,VS,1,VSDAT,2025-11-22
SYN-2026-01,SITE-105,SITE-105-059,SCR,VS,1,SYSBP,118
SYN-2026-01,SITE-105,SITE-105-059,SCR,VS,1,DIABP,86
SYN-2026-01,SITE-105,SITE-105-059,SCR,VS,1,PULSE,73
SYN-2026-01,SITE-105,SITE-105-059,SCR,VS,1,WEIGHT,90.5
SYN-2026-01,SITE-105,SITE-105-059,BASE,VS,1,VSDAT,2025-12-12
SYN-2026-01,SITE-105,SITE-105-059,BASE,VS,1,SYSBP,132
SYN-2026-01,SITE-105,SITE-105-059,BASE,VS,1,DIABP,83
SYN-2026-01,SITE-105,SITE-105-059,BASE,VS,1,PULSE,70
SYN-2026-01,SITE-105,SITE-105-059,BASE,VS,1,TEMP,36.8
SYN-2026-01,SITE-105,SITE-105-059,BASE,VS,1,WEIGHT,56.3
SYN-2026-01,SITE-105,SITE-105-059,BASE,EX,1,EXSTDAT,2025-12-12
SYN-2026-01,SITE-105,SITE-105-059,BASE,EX,1,EXDOSE,50
SYN-2026-01,SITE-105,SITE-105-059,BASE,EX,1,EXADJ,N
SYN-2026-01,SITE-105,SITE-105-059,BASE,AE,1,AETERM,Arthralgia
SYN-2026-01,SITE-105,SITE-105-059,BASE,AE,1,AESTDAT,2025-12-01
SYN-2026-01,SITE-105,SITE-105-059,BASE,AE,1,AEOUT,RECOVERING
SYN-2026-01,SITE-105,SITE-105-059,BASE,AE,1,AESEV,MILD
SYN-2026-01,SITE-105,SITE-105-059,BASE,AE,1,AESER,N
SYN-2026-01,SITE-105,SITE-105-059,BASE,AE,1,AEREL,POSSIBLE
SYN-2026-01,SITE-105,SITE-105-059,WK4,VS,1,VSDAT,2026-01-11
SYN-2026-01,SITE-105,SITE-105-059,WK4,VS,1,SYSBP,112
SYN-2026-01,SITE-105,SITE-105-059,WK4,VS,1,DIABP,74
SYN-2026-01,SITE-105,SITE-105-059,WK4,VS,1,PULSE,74
SYN-2026-01,SITE-105,SITE-105-059,WK4,VS,1,TEMP,36.4
SYN-2026-01,SITE-105,SITE-105-059,WK4,VS,1,WEIGHT,84.5
SYN-2026-01,SITE-105,SITE-105-059,WK4,EX,1,EXSTDAT,2026-01-11
SYN-2026-01,SITE-105,SITE-105-059,WK4,EX,1,EXDOSE,50
SYN-2026-01,SITE-105,SITE-105-059,WK4,EX,1,EXADJ,N
SYN-2026-01,SITE-105,SITE-105-059,WK4,AE,1,AETERM,BP high
SYN-2026-01,SITE-105,SITE-105-059,WK4,AE,1,AESTDAT,2025-12-31
SYN-2026-01,SITE-105,SITE-105-059,WK4,AE,1,AEOUT,RECOVERED
SYN-2026-01,SITE-105,SITE-105-059,WK4,AE,1,AEENDAT,2026-01-05
SYN-2026-01,SITE-105,SITE-105-059,WK4,AE,1,AESEV,MILD
SYN-2026-01,SITE-105,SITE-105-059,WK4,AE,1,AESER,N
SYN-2026-01,SITE-105,SITE-105-059,WK4,AE,1,AEREL,PROBABLE
SYN-2026-01,SITE-105,SITE-105-059,WK4,AE,2,AETERM,Cough
SYN-2026-01,SITE-105,SITE-105-059,WK4,AE,2,AESTDAT,2025-12-31
SYN-2026-01,SITE-105,SITE-105-059,WK4,AE,2,AEOUT,RECOVERED
SYN-2026-01,SITE-105,SITE-105-059,WK4,AE,2,AEENDAT,2026-01-03
SYN-2026-01,SITE-105,SITE-105-059,WK4,AE,2,AESEV,MILD
SYN-2026-01,SITE-105,SITE-105-059,WK4,AE,2,AESER,Y
SYN-2026-01,SITE-105,SITE-105-059,WK4,AE,2,AEREL,POSSIBLE
SYN-2026-01,SITE-105,SITE-105-059,WK4,AE,2,AEACN,DOSE NOT CHANGED
SYN-2026-01,SITE-105,SITE-105-059,WK4,CM,1,CMTRT,Salbutamol
SYN-2026-01,SITE-105,SITE-105-059,WK4,CM,1,CMINDC,Pain
SYN-2026-01,SITE-105,SITE-105-059,WK4,CM,1,CMSTDAT,2025-12-06
SYN-2026-01,SITE-105,SITE-105-059,WK12,VS,1,VSDAT,2026-03-01
SYN-2026-01,SITE-105,SITE-105-059,WK12,VS,1,SYSBP,114
SYN-2026-01,SITE-105,SITE-105-059,WK12,VS,1,DIABP,81
SYN-2026-01,SITE-105,SITE-105-059,WK12,VS,1,PULSE,58
SYN-2026-01,SITE-105,SITE-105-059,WK12,VS,1,TEMP,36.8
SYN-2026-01,SITE-105,SITE-105-059,WK12,VS,1,WEIGHT,103.4
SYN-2026-01,SITE-105,SITE-105-059,WK12,EX,1,EXSTDAT,2026-03-01
SYN-2026-01,SITE-105,SITE-105-059,WK12,EX,1,EXDOSE,25
SYN-2026-01,SITE-105,SITE-105-059,WK12,EX,1,EXADJ,Y
SYN-2026-01,SITE-105,SITE-105-059,WK12,CM,1,CMTRT,Omeprazole
SYN-2026-01,SITE-105,SITE-105-059,WK12,CM,1,CMINDC,Infection
SYN-2026-01,SITE-105,SITE-105-059,WK12,CM,1,CMSTDAT,2026-01-12
SYN-2026-01,SITE-105,SITE-105-059,EOS,VS,1,VSDAT,2026-05-28
SYN-2026-01,SITE-105,SITE-105-059,EOS,VS,1,SYSBP,127
SYN-2026-01,SITE-105,SITE-105-059,EOS,VS,1,DIABP,86
SYN-2026-01,SITE-105,SITE-105-059,EOS,VS,1,PULSE,83
SYN-2026-01,SITE-105,SITE-105-059,EOS,VS,1,WEIGHT,78.1
SYN-2026-01,SITE-105,SITE-105-059,EOS,DS,1,DSCOMP,Y
SYN-2026-01,SITE-105,SITE-105-059,EOS,DS,1,DSSTDAT,2026-05-28
SYN-2026-01,SITE-104,SITE-104-060,SCR,DM,1,BRTHDAT,1964-10-18
SYN-2026-01,SITE-104,SITE-104-060,SCR,DM,1,SEX,M
SYN-2026-01,SITE-104,SITE-104-060,SCR,DM,1,RFICDAT,2025-10-03
SYN-2026-01,SITE-104,SITE-104-060,SCR,DM,1,ARM,B
SYN-2026-01,SITE-104,SITE-104-060,SCR,IE,1,IEYN,Y
SYN-2026-01,SITE-104,SITE-104-060,SCR,IE,1,AGEELIG,Y
SYN-2026-01,SITE-104,SITE-104-060,SCR,VS,1,VSDAT,2025-10-01
SYN-2026-01,SITE-104,SITE-104-060,SCR,VS,1,SYSBP,150
SYN-2026-01,SITE-104,SITE-104-060,SCR,VS,1,DIABP,77
SYN-2026-01,SITE-104,SITE-104-060,SCR,VS,1,PULSE,77
SYN-2026-01,SITE-104,SITE-104-060,SCR,VS,1,TEMP,36.8
SYN-2026-01,SITE-104,SITE-104-060,SCR,VS,1,WEIGHT,85.1
SYN-2026-01,SITE-104,SITE-104-060,BASE,VS,1,VSDAT,2025-10-18
SYN-2026-01,SITE-104,SITE-104-060,BASE,VS,1,SYSBP,118
SYN-2026-01,SITE-104,SITE-104-060,BASE,VS,1,DIABP,79
SYN-2026-01,SITE-104,SITE-104-060,BASE,VS,1,PULSE,74
SYN-2026-01,SITE-104,SITE-104-060,BASE,VS,1,TEMP,36.9
SYN-2026-01,SITE-104,SITE-104-060,BASE,VS,1,WEIGHT,103.0
SYN-2026-01,SITE-104,SITE-104-060,BASE,EX,1,EXSTDAT,2025-10-18
SYN-2026-01,SITE-104,SITE-104-060,BASE,EX,1,EXDOSE,50
SYN-2026-01,SITE-104,SITE-104-060,BASE,EX,1,EXADJ,N
SYN-2026-01,SITE-104,SITE-104-060,WK4,VS,1,VSDAT,2025-11-16
SYN-2026-01,SITE-104,SITE-104-060,WK4,VS,1,SYSBP,131
SYN-2026-01,SITE-104,SITE-104-060,WK4,VS,1,DIABP,87
SYN-2026-01,SITE-104,SITE-104-060,WK4,VS,1,PULSE,85
SYN-2026-01,SITE-104,SITE-104-060,WK4,VS,1,TEMP,36.6
SYN-2026-01,SITE-104,SITE-104-060,WK4,VS,1,WEIGHT,70.1
SYN-2026-01,SITE-104,SITE-104-060,WK4,EX,1,EXSTDAT,2025-11-16
SYN-2026-01,SITE-104,SITE-104-060,WK4,EX,1,EXDOSE,100
SYN-2026-01,SITE-104,SITE-104-060,WK4,EX,1,EXADJ,N
SYN-2026-01,SITE-104,SITE-104-060,WK4,AE,1,AETERM,Cough
SYN-2026-01,SITE-104,SITE-104-060,WK4,AE,1,AESTDAT,2025-11-10
SYN-2026-01,SITE-104,SITE-104-060,WK4,AE,1,AEOUT,NOT RECOVERED
SYN-2026-01,SITE-104,SITE-104-060,WK4,AE,1,AESEV,MILD
SYN-2026-01,SITE-104,SITE-104-060,WK4,AE,1,AESER,N
SYN-2026-01,SITE-104,SITE-104-060,WK4,AE,1,AEREL,PROBABLE
SYN-2026-01,SITE-104,SITE-104-060,WK4,CM,1,CMTRT,Omeprazole
SYN-2026-01,SITE-104,SITE-104-060,WK4,CM,1,CMSTDAT,2025-11-02
SYN-2026-01,SITE-104,SITE-104-060,WK4,CM,2,CMTRT,advil
SYN-2026-01,SITE-104,SITE-104-060,WK4,CM,2,CMINDC,Infection
SYN-2026-01,SITE-104,SITE-104-060,WK4,CM,2,CMSTDAT,2025-11-15
SYN-2026-01,SITE-104,SITE-104-060,WK12,VS,1,VSDAT,2026-01-11
SYN-2026-01,SITE-104,SITE-104-060,WK12,VS,1,SYSBP,123
SYN-2026-01,SITE-104,SITE-104-060,WK12,VS,1,DIABP,77
SYN-2026-01,SITE-104,SITE-104-060,WK12,VS,1,PULSE,70
SYN-2026-01,SITE-104,SITE-104-060,WK12,VS,1,TEMP,37.0
SYN-2026-01,SITE-104,SITE-104-060,WK12,VS,1,WEIGHT,85.2
SYN-2026-01,SITE-104,SITE-104-060,WK12,EX,1,EXSTDAT,2026-01-11
SYN-2026-01,SITE-104,SITE-104-060,WK12,EX,1,EXDOSE,25
SYN-2026-01,SITE-104,SITE-104-060,WK12,EX,1,EXADJ,N
SYN-2026-01,SITE-104,SITE-104-060,WK12,AE,1,AETERM,tired all the time
SYN-2026-01,SITE-104,SITE-104-060,WK12,AE,1,AESTDAT,2026-01-11
SYN-2026-01,SITE-104,SITE-104-060,WK12,AE,1,AEOUT,RECOVERED
SYN-2026-01,SITE-104,SITE-104-060,WK12,AE,1,AEENDAT,2026-01-23
SYN-2026-01,SITE-104,SITE-104-060,WK12,AE,1,AESEV,MODERATE
SYN-2026-01,SITE-104,SITE-104-060,WK12,AE,1,AESER,N
SYN-2026-01,SITE-104,SITE-104-060,WK12,AE,1,AEREL,PROBABLE
SYN-2026-01,SITE-104,SITE-104-060,WK12,CM,1,CMTRT,Atorvastatin
SYN-2026-01,SITE-104,SITE-104-060,WK12,CM,1,CMINDC,Prophylaxis
SYN-2026-01,SITE-104,SITE-104-060,WK12,CM,1,CMSTDAT,2025-12-28
SYN-2026-01,SITE-104,SITE-104-060,WK12,DS,1,DSCOMP,N
SYN-2026-01,SITE-104,SITE-104-060,WK12,DS,1,DSTERM,Lost to follow-up
SYN-2026-01,SITE-104,SITE-104-060,WK12,DS,1,DSSTDAT,2026-01-11
SYN-2026-01,SITE-102,SITE-102-061,SCR,DM,1,BRTHDAT,1954-11-21
SYN-2026-01,SITE-102,SITE-102-061,SCR,DM,1,SEX,M
SYN-2026-01,SITE-102,SITE-102-061,SCR,DM,1,RFICDAT,2025-11-03
SYN-2026-01,SITE-102,SITE-102-061,SCR,DM,1,ARM,A
SYN-2026-01,SITE-102,SITE-102-061,SCR,IE,1,IEYN,Y
SYN-2026-01,SITE-102,SITE-102-061,SCR,IE,1,AGEELIG,Y
SYN-2026-01,SITE-102,SITE-102-061,SCR,VS,1,VSDAT,2025-10-25
SYN-2026-01,SITE-102,SITE-102-061,SCR,VS,1,SYSBP,144
SYN-2026-01,SITE-102,SITE-102-061,SCR,VS,1,DIABP,74
SYN-2026-01,SITE-102,SITE-102-061,SCR,VS,1,PULSE,74
SYN-2026-01,SITE-102,SITE-102-061,SCR,VS,1,TEMP,36.8
SYN-2026-01,SITE-102,SITE-102-061,SCR,VS,1,WEIGHT,69.1
SYN-2026-01,SITE-102,SITE-102-061,BASE,VS,1,VSDAT,2025-11-14
SYN-2026-01,SITE-102,SITE-102-061,BASE,VS,1,SYSBP,127
SYN-2026-01,SITE-102,SITE-102-061,BASE,VS,1,DIABP,59
SYN-2026-01,SITE-102,SITE-102-061,BASE,VS,1,PULSE,71
SYN-2026-01,SITE-102,SITE-102-061,BASE,VS,1,WEIGHT,87.0
SYN-2026-01,SITE-102,SITE-102-061,BASE,EX,1,EXSTDAT,2025-11-14
SYN-2026-01,SITE-102,SITE-102-061,BASE,EX,1,EXDOSE,50
SYN-2026-01,SITE-102,SITE-102-061,BASE,EX,1,EXADJ,N
SYN-2026-01,SITE-102,SITE-102-061,BASE,AE,1,AETERM,Upper respiratory tract infection
SYN-2026-01,SITE-102,SITE-102-061,BASE,AE,1,AESTDAT,2025-11-03
SYN-2026-01,SITE-102,SITE-102-061,BASE,AE,1,AEOUT,RECOVERING
SYN-2026-01,SITE-102,SITE-102-061,BASE,AE,1,AESEV,MODERATE
SYN-2026-01,SITE-102,SITE-102-061,BASE,AE,1,AESER,N
SYN-2026-01,SITE-102,SITE-102-061,BASE,AE,1,AEREL,UNLIKELY
SYN-2026-01,SITE-102,SITE-102-061,BASE,AE,2,AETERM,BP high
SYN-2026-01,SITE-102,SITE-102-061,BASE,AE,2,AESTDAT,2025-11-14
SYN-2026-01,SITE-102,SITE-102-061,BASE,AE,2,AEOUT,UNKNOWN
SYN-2026-01,SITE-102,SITE-102-061,BASE,AE,2,AESEV,MILD
SYN-2026-01,SITE-102,SITE-102-061,BASE,AE,2,AESER,N
SYN-2026-01,SITE-102,SITE-102-061,BASE,AE,2,AEREL,RELATED
SYN-2026-01,SITE-102,SITE-102-061,WK4,VS,1,VSDAT,2025-12-10
SYN-2026-01,SITE-102,SITE-102-061,WK4,VS,1,SYSBP,131
SYN-2026-01,SITE-102,SITE-102-061,WK4,VS,1,DIABP,89
SYN-2026-01,SITE-102,SITE-102-061,WK4,VS,1,PULSE,63
SYN-2026-01,SITE-102,SITE-102-061,WK4,VS,1,TEMP,36.5
SYN-2026-01,SITE-102,SITE-102-061,WK4,VS,1,WEIGHT,93.8
SYN-2026-01,SITE-102,SITE-102-061,WK4,EX,1,EXSTDAT,2025-12-10
SYN-2026-01,SITE-102,SITE-102-061,WK4,EX,1,EXDOSE,50
SYN-2026-01,SITE-102,SITE-102-061,WK4,EX,1,EXADJ,N
SYN-2026-01,SITE-102,SITE-102-061,WK4,AE,1,AETERM,Vomiting
SYN-2026-01,SITE-102,SITE-102-061,WK4,AE,1,AESTDAT,2025-12-05
SYN-2026-01,SITE-102,SITE-102-061,WK4,AE,1,AEOUT,RECOVERED
SYN-2026-01,SITE-102,SITE-102-061,WK4,AE,1,AEENDAT,2025-12-26
SYN-2026-01,SITE-102,SITE-102-061,WK4,AE,1,AESEV,SEVERE
SYN-2026-01,SITE-102,SITE-102-061,WK4,AE,1,AESER,N
SYN-2026-01,SITE-102,SITE-102-061,WK4,AE,1,AEREL,RELATED
SYN-2026-01,SITE-102,SITE-102-061,WK4,AE,2,AETERM,Cough
SYN-2026-01,SITE-102,SITE-102-061,WK4,AE,2,AESTDAT,2025-12-04
SYN-2026-01,SITE-102,SITE-102-061,WK4,AE,2,AEOUT,RECOVERED
SYN-2026-01,SITE-102,SITE-102-061,WK4,AE,2,AEENDAT,2025-12-16
SYN-2026-01,SITE-102,SITE-102-061,WK4,AE,2,AESEV,MILD
SYN-2026-01,SITE-102,SITE-102-061,WK4,AE,2,AESER,N
SYN-2026-01,SITE-102,SITE-102-061,WK4,AE,2,AEREL,RELATED
SYN-2026-01,SITE-102,SITE-102-061,WK4,CM,1,CMTRT,Ibuprofen
SYN-2026-01,SITE-102,SITE-102-061,WK4,CM,1,CMINDC,Hypertension
SYN-2026-01,SITE-102,SITE-102-061,WK4,CM,1,CMSTDAT,2025-11-07
SYN-2026-01,SITE-102,SITE-102-061,WK12,VS,1,VSDAT,2026-02-10
SYN-2026-01,SITE-102,SITE-102-061,WK12,VS,1,SYSBP,68
SYN-2026-01,SITE-102,SITE-102-061,WK12,VS,1,DIABP,115
SYN-2026-01,SITE-102,SITE-102-061,WK12,VS,1,PULSE,64
SYN-2026-01,SITE-102,SITE-102-061,WK12,VS,1,WEIGHT,90.4
SYN-2026-01,SITE-102,SITE-102-061,WK12,EX,1,EXSTDAT,2026-02-10
SYN-2026-01,SITE-102,SITE-102-061,WK12,EX,1,EXDOSE,100
SYN-2026-01,SITE-102,SITE-102-061,WK12,EX,1,EXADJ,N
SYN-2026-01,SITE-102,SITE-102-061,WK12,AE,1,AETERM,Pruritus
SYN-2026-01,SITE-102,SITE-102-061,WK12,AE,1,AESTDAT,2026-01-25
SYN-2026-01,SITE-102,SITE-102-061,WK12,AE,1,AEOUT,RECOVERING
SYN-2026-01,SITE-102,SITE-102-061,WK12,AE,1,AESEV,MILD
SYN-2026-01,SITE-102,SITE-102-061,WK12,AE,1,AESER,N
SYN-2026-01,SITE-102,SITE-102-061,WK12,AE,1,AEREL,RELATED
SYN-2026-01,SITE-102,SITE-102-061,EOS,VS,1,VSDAT,2026-05-02
SYN-2026-01,SITE-102,SITE-102-061,EOS,VS,1,SYSBP,135
SYN-2026-01,SITE-102,SITE-102-061,EOS,VS,1,DIABP,78
SYN-2026-01,SITE-102,SITE-102-061,EOS,VS,1,PULSE,79
SYN-2026-01,SITE-102,SITE-102-061,EOS,VS,1,TEMP,36.5
SYN-2026-01,SITE-102,SITE-102-061,EOS,VS,1,WEIGHT,76.0
SYN-2026-01,SITE-102,SITE-102-061,EOS,DS,1,DSCOMP,Y
SYN-2026-01,SITE-102,SITE-102-061,EOS,DS,1,DSSTDAT,2026-05-02
SYN-2026-01,SITE-105,SITE-105-062,SCR,DM,1,BRTHDAT,2004-11-01
SYN-2026-01,SITE-105,SITE-105-062,SCR,DM,1,SEX,M
SYN-2026-01,SITE-105,SITE-105-062,SCR,DM,1,RFICDAT,2025-10-27
SYN-2026-01,SITE-105,SITE-105-062,SCR,DM,1,ARM,A
SYN-2026-01,SITE-105,SITE-105-062,SCR,IE,1,IEYN,Y
SYN-2026-01,SITE-105,SITE-105-062,SCR,IE,1,AGEELIG,Y
SYN-2026-01,SITE-105,SITE-105-062,SCR,VS,1,VSDAT,2025-11-02
SYN-2026-01,SITE-105,SITE-105-062,SCR,VS,1,SYSBP,140
SYN-2026-01,SITE-105,SITE-105-062,SCR,VS,1,DIABP,95
SYN-2026-01,SITE-105,SITE-105-062,SCR,VS,1,PULSE,76
SYN-2026-01,SITE-105,SITE-105-062,SCR,VS,1,TEMP,37.3
SYN-2026-01,SITE-105,SITE-105-062,SCR,VS,1,WEIGHT,95.2
SYN-2026-01,SITE-105,SITE-105-062,BASE,VS,1,VSDAT,2025-11-12
SYN-2026-01,SITE-105,SITE-105-062,BASE,VS,1,SYSBP,107
SYN-2026-01,SITE-105,SITE-105-062,BASE,VS,1,DIABP,73
SYN-2026-01,SITE-105,SITE-105-062,BASE,VS,1,PULSE,82
SYN-2026-01,SITE-105,SITE-105-062,BASE,VS,1,WEIGHT,80.0
SYN-2026-01,SITE-105,SITE-105-062,BASE,EX,1,EXSTDAT,2025-11-12
SYN-2026-01,SITE-105,SITE-105-062,BASE,EX,1,EXDOSE,50
SYN-2026-01,SITE-105,SITE-105-062,BASE,EX,1,EXADJ,N
SYN-2026-01,SITE-105,SITE-105-062,WK4,VS,1,VSDAT,2025-12-11
SYN-2026-01,SITE-105,SITE-105-062,WK4,VS,1,SYSBP,143
SYN-2026-01,SITE-105,SITE-105-062,WK4,VS,1,DIABP,80
SYN-2026-01,SITE-105,SITE-105-062,WK4,VS,1,PULSE,93
SYN-2026-01,SITE-105,SITE-105-062,WK4,VS,1,TEMP,36.5
SYN-2026-01,SITE-105,SITE-105-062,WK4,VS,1,WEIGHT,47.0
SYN-2026-01,SITE-105,SITE-105-062,WK4,EX,1,EXSTDAT,2025-12-11
SYN-2026-01,SITE-105,SITE-105-062,WK4,EX,1,EXDOSE,100
SYN-2026-01,SITE-105,SITE-105-062,WK4,EX,1,EXADJ,N
SYN-2026-01,SITE-105,SITE-105-062,WK4,AE,1,AETERM,sore throat and runny nose
SYN-2026-01,SITE-105,SITE-105-062,WK4,AE,1,AESTDAT,2025-12-02
SYN-2026-01,SITE-105,SITE-105-062,WK4,AE,1,AEOUT,RECOVERED
SYN-2026-01,SITE-105,SITE-105-062,WK4,AE,1,AEENDAT,2025-12-05
SYN-2026-01,SITE-105,SITE-105-062,WK4,AE,1,AESEV,MILD
SYN-2026-01,SITE-105,SITE-105-062,WK4,AE,1,AESER,N
SYN-2026-01,SITE-105,SITE-105-062,WK4,AE,1,AEREL,UNLIKELY
SYN-2026-01,SITE-105,SITE-105-062,WK4,AE,2,AETERM,head ache
SYN-2026-01,SITE-105,SITE-105-062,WK4,AE,2,AESTDAT,2025-12-05
SYN-2026-01,SITE-105,SITE-105-062,WK4,AE,2,AEOUT,RECOVERED
SYN-2026-01,SITE-105,SITE-105-062,WK4,AE,2,AEENDAT,2025-12-24
SYN-2026-01,SITE-105,SITE-105-062,WK4,AE,2,AESEV,SEVERE
SYN-2026-01,SITE-105,SITE-105-062,WK4,AE,2,AESER,N
SYN-2026-01,SITE-105,SITE-105-062,WK4,AE,2,AEREL,RELATED
SYN-2026-01,SITE-105,SITE-105-062,WK4,AE,3,AETERM,Vomiting
SYN-2026-01,SITE-105,SITE-105-062,WK4,AE,3,AESTDAT,2025-11-25
SYN-2026-01,SITE-105,SITE-105-062,WK4,AE,3,AEOUT,RECOVERED
SYN-2026-01,SITE-105,SITE-105-062,WK4,AE,3,AEENDAT,2025-12-14
SYN-2026-01,SITE-105,SITE-105-062,WK4,AE,3,AESEV,MILD
SYN-2026-01,SITE-105,SITE-105-062,WK4,AE,3,AESER,N
SYN-2026-01,SITE-105,SITE-105-062,WK4,AE,3,AEREL,RELATED
SYN-2026-01,SITE-105,SITE-105-062,WK4,CM,1,CMTRT,Amoxicillin
SYN-2026-01,SITE-105,SITE-105-062,WK4,CM,1,CMSTDAT,2025-11-13
SYN-2026-01,SITE-105,SITE-105-062,WK12,VS,1,VSDAT,2026-02-05
SYN-2026-01,SITE-105,SITE-105-062,WK12,VS,1,SYSBP,119
SYN-2026-01,SITE-105,SITE-105-062,WK12,VS,1,DIABP,87
SYN-2026-01,SITE-105,SITE-105-062,WK12,VS,1,PULSE,73
SYN-2026-01,SITE-105,SITE-105-062,WK12,VS,1,TEMP,35.9
SYN-2026-01,SITE-105,SITE-105-062,WK12,VS,1,WEIGHT,95.1
SYN-2026-01,SITE-105,SITE-105-062,WK12,EX,1,EXSTDAT,2026-02-05
SYN-2026-01,SITE-105,SITE-105-062,WK12,EX,1,EXDOSE,25
SYN-2026-01,SITE-105,SITE-105-062,WK12,EX,1,EXADJ,N
SYN-2026-01,SITE-105,SITE-105-062,EOS,VS,1,VSDAT,2026-04-21
SYN-2026-01,SITE-105,SITE-105-062,EOS,VS,1,SYSBP,113
SYN-2026-01,SITE-105,SITE-105-062,EOS,VS,1,DIABP,81
SYN-2026-01,SITE-105,SITE-105-062,EOS,VS,1,PULSE,66
SYN-2026-01,SITE-105,SITE-105-062,EOS,VS,1,TEMP,36.9
SYN-2026-01,SITE-105,SITE-105-062,EOS,VS,1,WEIGHT,70.8
SYN-2026-01,SITE-105,SITE-105-062,EOS,AE,1,AETERM,felt off
SYN-2026-01,SITE-105,SITE-105-062,EOS,AE,1,AESTDAT,2026-04-08
SYN-2026-01,SITE-105,SITE-105-062,EOS,AE,1,AEOUT,UNKNOWN
SYN-2026-01,SITE-105,SITE-105-062,EOS,AE,1,AESEV,MODERATE
SYN-2026-01,SITE-105,SITE-105-062,EOS,AE,1,AESER,Y
SYN-2026-01,SITE-105,SITE-105-062,EOS,AE,1,AEREL,POSSIBLE
SYN-2026-01,SITE-105,SITE-105-062,EOS,AE,1,AEACN,DOSE REDUCED
SYN-2026-01,SITE-105,SITE-105-062,EOS,DS,1,DSCOMP,Y
SYN-2026-01,SITE-105,SITE-105-062,EOS,DS,1,DSSTDAT,2026-04-21
SYN-2026-01,SITE-101,SITE-101-063,SCR,DM,1,BRTHDAT,1997-02-26
SYN-2026-01,SITE-101,SITE-101-063,SCR,DM,1,SEX,F
SYN-2026-01,SITE-101,SITE-101-063,SCR,DM,1,RFICDAT,2026-02-19
SYN-2026-01,SITE-101,SITE-101-063,SCR,DM,1,ARM,A
SYN-2026-01,SITE-101,SITE-101-063,SCR,IE,1,IEYN,Y
SYN-2026-01,SITE-101,SITE-101-063,SCR,IE,1,AGEELIG,Y
SYN-2026-01,SITE-101,SITE-101-063,SCR,VS,1,VSDAT,2026-02-12
SYN-2026-01,SITE-101,SITE-101-063,SCR,VS,1,SYSBP,131
SYN-2026-01,SITE-101,SITE-101-063,SCR,VS,1,DIABP,79
SYN-2026-01,SITE-101,SITE-101-063,SCR,VS,1,PULSE,79
SYN-2026-01,SITE-101,SITE-101-063,SCR,VS,1,TEMP,36.7
SYN-2026-01,SITE-101,SITE-101-063,SCR,VS,1,WEIGHT,69.5
SYN-2026-01,SITE-101,SITE-101-063,SCR,MH,1,MHTERM,Osteoarthritis
SYN-2026-01,SITE-101,SITE-101-063,SCR,MH,1,MHSTDAT,2022-09-26
SYN-2026-01,SITE-101,SITE-101-063,SCR,MH,1,MHONGO,N
SYN-2026-01,SITE-101,SITE-101-063,BASE,VS,1,VSDAT,2026-03-01
SYN-2026-01,SITE-101,SITE-101-063,BASE,VS,1,SYSBP,148
SYN-2026-01,SITE-101,SITE-101-063,BASE,VS,1,DIABP,79
SYN-2026-01,SITE-101,SITE-101-063,BASE,VS,1,PULSE,78
SYN-2026-01,SITE-101,SITE-101-063,BASE,VS,1,TEMP,36.0
SYN-2026-01,SITE-101,SITE-101-063,BASE,VS,1,WEIGHT,63.1
SYN-2026-01,SITE-101,SITE-101-063,BASE,EX,1,EXSTDAT,2026-03-01
SYN-2026-01,SITE-101,SITE-101-063,BASE,EX,1,EXDOSE,100
SYN-2026-01,SITE-101,SITE-101-063,BASE,EX,1,EXADJ,N
SYN-2026-01,SITE-101,SITE-101-063,BASE,AE,1,AETERM,Abdominal pain
SYN-2026-01,SITE-101,SITE-101-063,BASE,AE,1,AESTDAT,2026-02-19
SYN-2026-01,SITE-101,SITE-101-063,BASE,AE,1,AEOUT,NOT RECOVERED
SYN-2026-01,SITE-101,SITE-101-063,BASE,AE,1,AESEV,SEVERE
SYN-2026-01,SITE-101,SITE-101-063,BASE,AE,1,AESER,N
SYN-2026-01,SITE-101,SITE-101-063,BASE,AE,1,AEREL,PROBABLE
SYN-2026-01,SITE-101,SITE-101-063,WK4,VS,1,VSDAT,2026-03-29
SYN-2026-01,SITE-101,SITE-101-063,WK4,VS,1,SYSBP,140
SYN-2026-01,SITE-101,SITE-101-063,WK4,VS,1,DIABP,53
SYN-2026-01,SITE-101,SITE-101-063,WK4,VS,1,PULSE,58
SYN-2026-01,SITE-101,SITE-101-063,WK4,VS,1,TEMP,37.1
SYN-2026-01,SITE-101,SITE-101-063,WK4,VS,1,WEIGHT,42.8
SYN-2026-01,SITE-101,SITE-101-063,WK4,EX,1,EXSTDAT,2026-03-29
SYN-2026-01,SITE-101,SITE-101-063,WK4,EX,1,EXDOSE,100
SYN-2026-01,SITE-101,SITE-101-063,WK4,EX,1,EXADJ,N
SYN-2026-01,SITE-101,SITE-101-063,WK4,AE,1,AETERM,head ache
SYN-2026-01,SITE-101,SITE-101-063,WK4,AE,1,AESTDAT,2026-03-16
SYN-2026-01,SITE-101,SITE-101-063,WK4,AE,1,AEOUT,NOT RECOVERED
SYN-2026-01,SITE-101,SITE-101-063,WK4,AE,1,AESEV,MODERATE
SYN-2026-01,SITE-101,SITE-101-063,WK4,AE,1,AESER,N
SYN-2026-01,SITE-101,SITE-101-063,WK4,AE,1,AEREL,PROBABLE
SYN-2026-01,SITE-101,SITE-101-063,WK12,VS,1,VSDAT,2026-05-25
SYN-2026-01,SITE-101,SITE-101-063,WK12,VS,1,SYSBP,133
SYN-2026-01,SITE-101,SITE-101-063,WK12,VS,1,DIABP,83
SYN-2026-01,SITE-101,SITE-101-063,WK12,VS,1,PULSE,75
SYN-2026-01,SITE-101,SITE-101-063,WK12,VS,1,TEMP,36.4
SYN-2026-01,SITE-101,SITE-101-063,WK12,VS,1,WEIGHT,85.9
SYN-2026-01,SITE-101,SITE-101-063,WK12,EX,1,EXSTDAT,2026-05-25
SYN-2026-01,SITE-101,SITE-101-063,WK12,EX,1,EXDOSE,50
SYN-2026-01,SITE-101,SITE-101-063,WK12,EX,1,EXADJ,Y
SYN-2026-01,SITE-101,SITE-101-063,WK12,AE,1,AETERM,BP high
SYN-2026-01,SITE-101,SITE-101-063,WK12,AE,1,AESTDAT,2026-05-09
SYN-2026-01,SITE-101,SITE-101-063,WK12,AE,1,AEOUT,RECOVERED
SYN-2026-01,SITE-101,SITE-101-063,WK12,AE,1,AEENDAT,2026-05-17
SYN-2026-01,SITE-101,SITE-101-063,WK12,AE,1,AESEV,MODERATE
SYN-2026-01,SITE-101,SITE-101-063,WK12,AE,1,AESER,N
SYN-2026-01,SITE-101,SITE-101-063,WK12,AE,1,AEREL,POSSIBLE
SYN-2026-01,SITE-101,SITE-101-063,EOS,VS,1,VSDAT,2026-08-11
SYN-2026-01,SITE-101,SITE-101-063,EOS,VS,1,SYSBP,110
SYN-2026-01,SITE-101,SITE-101-063,EOS,VS,1,DIABP,91
SYN-2026-01,SITE-101,SITE-101-063,EOS,VS,1,PULSE,72
SYN-2026-01,SITE-101,SITE-101-063,EOS,VS,1,TEMP,36.1
SYN-2026-01,SITE-101,SITE-101-063,EOS,VS,1,WEIGHT,92.9
SYN-2026-01,SITE-101,SITE-101-063,EOS,AE,1,AETERM,Dizziness
SYN-2026-01,SITE-101,SITE-101-063,EOS,AE,1,AESTDAT,2026-07-23
SYN-2026-01,SITE-101,SITE-101-063,EOS,AE,1,AEOUT,NOT RECOVERED
SYN-2026-01,SITE-101,SITE-101-063,EOS,AE,1,AESEV,MILD
SYN-2026-01,SITE-101,SITE-101-063,EOS,AE,1,AESER,N
SYN-2026-01,SITE-101,SITE-101-063,EOS,AE,1,AEREL,UNLIKELY
SYN-2026-01,SITE-101,SITE-101-063,EOS,AE,2,AETERM,Vomiting
SYN-2026-01,SITE-101,SITE-101-063,EOS,AE,2,AESTDAT,2026-07-28
SYN-2026-01,SITE-101,SITE-101-063,EOS,AE,2,AEOUT,RECOVERED
SYN-2026-01,SITE-101,SITE-101-063,EOS,AE,2,AEENDAT,2026-08-08
SYN-2026-01,SITE-101,SITE-101-063,EOS,AE,2,AESEV,MILD
SYN-2026-01,SITE-101,SITE-101-063,EOS,AE,2,AESER,N
SYN-2026-01,SITE-101,SITE-101-063,EOS,AE,2,AEREL,RELATED
SYN-2026-01,SITE-101,SITE-101-063,EOS,CM,1,CMTRT,Omeprazole
SYN-2026-01,SITE-101,SITE-101-063,EOS,CM,1,CMINDC,Infection
SYN-2026-01,SITE-101,SITE-101-063,EOS,CM,1,CMSTDAT,2026-07-05
SYN-2026-01,SITE-101,SITE-101-063,EOS,CM,2,CMTRT,Atorvastatin
SYN-2026-01,SITE-101,SITE-101-063,EOS,CM,2,CMINDC,Pain
SYN-2026-01,SITE-101,SITE-101-063,EOS,CM,2,CMSTDAT,2026-07-04
SYN-2026-01,SITE-101,SITE-101-063,EOS,DS,1,DSCOMP,Y
SYN-2026-01,SITE-101,SITE-101-063,EOS,DS,1,DSSTDAT,2026-08-11
SYN-2026-01,SITE-102,SITE-102-064,SCR,DM,1,BRTHDAT,1972-10-31
SYN-2026-01,SITE-102,SITE-102-064,SCR,DM,1,SEX,M
SYN-2026-01,SITE-102,SITE-102-064,SCR,DM,1,RFICDAT,2025-10-18
SYN-2026-01,SITE-102,SITE-102-064,SCR,DM,1,ARM,B
SYN-2026-01,SITE-102,SITE-102-064,SCR,IE,1,IEYN,Y
SYN-2026-01,SITE-102,SITE-102-064,SCR,IE,1,AGEELIG,Y
SYN-2026-01,SITE-102,SITE-102-064,SCR,VS,1,VSDAT,2025-10-04
SYN-2026-01,SITE-102,SITE-102-064,SCR,VS,1,SYSBP,134
SYN-2026-01,SITE-102,SITE-102-064,SCR,VS,1,DIABP,93
SYN-2026-01,SITE-102,SITE-102-064,SCR,VS,1,PULSE,96
SYN-2026-01,SITE-102,SITE-102-064,SCR,VS,1,TEMP,36.4
SYN-2026-01,SITE-102,SITE-102-064,SCR,VS,1,WEIGHT,69.2
SYN-2026-01,SITE-102,SITE-102-064,BASE,VS,1,VSDAT,2025-11-04
SYN-2026-01,SITE-102,SITE-102-064,BASE,VS,1,SYSBP,150
SYN-2026-01,SITE-102,SITE-102-064,BASE,VS,1,DIABP,78
SYN-2026-01,SITE-102,SITE-102-064,BASE,VS,1,PULSE,82
SYN-2026-01,SITE-102,SITE-102-064,BASE,VS,1,TEMP,36.6
SYN-2026-01,SITE-102,SITE-102-064,BASE,VS,1,WEIGHT,69.3
SYN-2026-01,SITE-102,SITE-102-064,BASE,EX,1,EXSTDAT,2025-11-04
SYN-2026-01,SITE-102,SITE-102-064,BASE,EX,1,EXDOSE,25
SYN-2026-01,SITE-102,SITE-102-064,BASE,EX,1,EXADJ,N
SYN-2026-01,SITE-102,SITE-102-064,WK4,VS,1,VSDAT,2025-12-03
SYN-2026-01,SITE-102,SITE-102-064,WK4,VS,1,SYSBP,122
SYN-2026-01,SITE-102,SITE-102-064,WK4,VS,1,DIABP,85
SYN-2026-01,SITE-102,SITE-102-064,WK4,VS,1,PULSE,80
SYN-2026-01,SITE-102,SITE-102-064,WK4,VS,1,TEMP,37.2
SYN-2026-01,SITE-102,SITE-102-064,WK4,VS,1,WEIGHT,88.6
SYN-2026-01,SITE-102,SITE-102-064,WK4,EX,1,EXSTDAT,2025-12-03
SYN-2026-01,SITE-102,SITE-102-064,WK4,EX,1,EXDOSE,25
SYN-2026-01,SITE-102,SITE-102-064,WK4,EX,1,EXADJ,N
SYN-2026-01,SITE-102,SITE-102-064,WK4,AE,1,AETERM,Pruritus
SYN-2026-01,SITE-102,SITE-102-064,WK4,AE,1,AESTDAT,2025-11-19
SYN-2026-01,SITE-102,SITE-102-064,WK4,AE,1,AEOUT,NOT RECOVERED
SYN-2026-01,SITE-102,SITE-102-064,WK4,AE,1,AESEV,MODERATE
SYN-2026-01,SITE-102,SITE-102-064,WK4,AE,1,AESER,N
SYN-2026-01,SITE-102,SITE-102-064,WK4,AE,1,AEREL,UNLIKELY
SYN-2026-01,SITE-102,SITE-102-064,WK4,AE,2,AETERM,Pyrexia
SYN-2026-01,SITE-102,SITE-102-064,WK4,AE,2,AESTDAT,2025-11-14
SYN-2026-01,SITE-102,SITE-102-064,WK4,AE,2,AEOUT,RECOVERED
SYN-2026-01,SITE-102,SITE-102-064,WK4,AE,2,AEENDAT,2025-11-27
SYN-2026-01,SITE-102,SITE-102-064,WK4,AE,2,AESEV,MILD
SYN-2026-01,SITE-102,SITE-102-064,WK4,AE,2,AESER,N
SYN-2026-01,SITE-102,SITE-102-064,WK4,AE,2,AEREL,NOT RELATED
SYN-2026-01,SITE-102,SITE-102-064,WK12,VS,1,VSDAT,2026-01-29
SYN-2026-01,SITE-102,SITE-102-064,WK12,VS,1,SYSBP,137
SYN-2026-01,SITE-102,SITE-102-064,WK12,VS,1,DIABP,70
SYN-2026-01,SITE-102,SITE-102-064,WK12,VS,1,PULSE,67
SYN-2026-01,SITE-102,SITE-102-064,WK12,VS,1,TEMP,36.6
SYN-2026-01,SITE-102,SITE-102-064,WK12,VS,1,WEIGHT,70.3
SYN-2026-01,SITE-102,SITE-102-064,WK12,EX,1,EXSTDAT,2026-01-29
SYN-2026-01,SITE-102,SITE-102-064,WK12,EX,1,EXDOSE,50
SYN-2026-01,SITE-102,SITE-102-064,WK12,EX,1,EXADJ,N
SYN-2026-01,SITE-102,SITE-102-064,WK12,DS,1,DSCOMP,N
SYN-2026-01,SITE-102,SITE-102-064,WK12,DS,1,DSTERM,Lost to follow-up
SYN-2026-01,SITE-102,SITE-102-064,WK12,DS,1,DSSTDAT,2026-01-29
SYN-2026-01,SITE-102,SITE-102-065,SCR,DM,1,BRTHDAT,1957-10-08
SYN-2026-01,SITE-102,SITE-102-065,SCR,DM,1,SEX,M
SYN-2026-01,SITE-102,SITE-102-065,SCR,DM,1,RFICDAT,2025-09-21
SYN-2026-01,SITE-102,SITE-102-065,SCR,DM,1,ARM,A
SYN-2026-01,SITE-102,SITE-102-065,SCR,IE,1,IEYN,Y
SYN-2026-01,SITE-102,SITE-102-065,SCR,IE,1,AGEELIG,Y
SYN-2026-01,SITE-102,SITE-102-065,SCR,VS,1,VSDAT,2025-09-18
SYN-2026-01,SITE-102,SITE-102-065,SCR,VS,1,SYSBP,128
SYN-2026-01,SITE-102,SITE-102-065,SCR,VS,1,DIABP,73
SYN-2026-01,SITE-102,SITE-102-065,SCR,VS,1,PULSE,76
SYN-2026-01,SITE-102,SITE-102-065,SCR,VS,1,TEMP,36.5
SYN-2026-01,SITE-102,SITE-102-065,SCR,VS,1,WEIGHT,90.7
SYN-2026-01,SITE-102,SITE-102-065,SCR,MH,1,MHTERM,Asthma
SYN-2026-01,SITE-102,SITE-102-065,SCR,MH,1,MHSTDAT,2022-08-03
SYN-2026-01,SITE-102,SITE-102-065,SCR,MH,1,MHONGO,N
SYN-2026-01,SITE-102,SITE-102-065,BASE,VS,1,VSDAT,2025-10-04
SYN-2026-01,SITE-102,SITE-102-065,BASE,VS,1,SYSBP,127
SYN-2026-01,SITE-102,SITE-102-065,BASE,VS,1,DIABP,80
SYN-2026-01,SITE-102,SITE-102-065,BASE,VS,1,PULSE,62
SYN-2026-01,SITE-102,SITE-102-065,BASE,VS,1,TEMP,36.8
SYN-2026-01,SITE-102,SITE-102-065,BASE,VS,1,WEIGHT,65.4
SYN-2026-01,SITE-102,SITE-102-065,BASE,EX,1,EXSTDAT,2025-10-04
SYN-2026-01,SITE-102,SITE-102-065,BASE,EX,1,EXDOSE,50
SYN-2026-01,SITE-102,SITE-102-065,BASE,EX,1,EXADJ,N
SYN-2026-01,SITE-102,SITE-102-065,WK4,VS,1,VSDAT,2025-10-30
SYN-2026-01,SITE-102,SITE-102-065,WK4,VS,1,SYSBP,105
SYN-2026-01,SITE-102,SITE-102-065,WK4,VS,1,DIABP,84
SYN-2026-01,SITE-102,SITE-102-065,WK4,VS,1,PULSE,72
SYN-2026-01,SITE-102,SITE-102-065,WK4,VS,1,TEMP,36.7
SYN-2026-01,SITE-102,SITE-102-065,WK4,VS,1,WEIGHT,82.8
SYN-2026-01,SITE-102,SITE-102-065,WK4,EX,1,EXSTDAT,2025-10-30
SYN-2026-01,SITE-102,SITE-102-065,WK4,EX,1,EXDOSE,25
SYN-2026-01,SITE-102,SITE-102-065,WK4,EX,1,EXADJ,N
SYN-2026-01,SITE-102,SITE-102-065,WK12,VS,1,VSDAT,2025-12-26
SYN-2026-01,SITE-102,SITE-102-065,WK12,VS,1,SYSBP,120
SYN-2026-01,SITE-102,SITE-102-065,WK12,VS,1,DIABP,85
SYN-2026-01,SITE-102,SITE-102-065,WK12,VS,1,PULSE,76
SYN-2026-01,SITE-102,SITE-102-065,WK12,VS,1,TEMP,36.6
SYN-2026-01,SITE-102,SITE-102-065,WK12,VS,1,WEIGHT,61.6
SYN-2026-01,SITE-102,SITE-102-065,WK12,EX,1,EXSTDAT,2025-12-26
SYN-2026-01,SITE-102,SITE-102-065,WK12,EX,1,EXDOSE,100
SYN-2026-01,SITE-102,SITE-102-065,WK12,EX,1,EXADJ,N
SYN-2026-01,SITE-102,SITE-102-065,EOS,VS,1,VSDAT,2026-03-25
SYN-2026-01,SITE-102,SITE-102-065,EOS,VS,1,SYSBP,127
SYN-2026-01,SITE-102,SITE-102-065,EOS,VS,1,DIABP,71
SYN-2026-01,SITE-102,SITE-102-065,EOS,VS,1,PULSE,64
SYN-2026-01,SITE-102,SITE-102-065,EOS,VS,1,TEMP,36.3
SYN-2026-01,SITE-102,SITE-102-065,EOS,VS,1,WEIGHT,84.3
SYN-2026-01,SITE-102,SITE-102-065,EOS,CM,1,CMTRT,advil
SYN-2026-01,SITE-102,SITE-102-065,EOS,CM,1,CMINDC,Hypertension
SYN-2026-01,SITE-102,SITE-102-065,EOS,CM,1,CMSTDAT,2026-01-29
SYN-2026-01,SITE-102,SITE-102-065,EOS,DS,1,DSCOMP,Y
SYN-2026-01,SITE-102,SITE-102-065,EOS,DS,1,DSSTDAT,2026-03-25
SYN-2026-01,SITE-104,SITE-104-066,SCR,DM,1,BRTHDAT,1961-12-14
SYN-2026-01,SITE-104,SITE-104-066,SCR,DM,1,SEX,F
SYN-2026-01,SITE-104,SITE-104-066,SCR,DM,1,RFICDAT,2025-11-28
SYN-2026-01,SITE-104,SITE-104-066,SCR,DM,1,ARM,A
SYN-2026-01,SITE-104,SITE-104-066,SCR,IE,1,IEYN,Y
SYN-2026-01,SITE-104,SITE-104-066,SCR,IE,1,AGEELIG,Y
SYN-2026-01,SITE-104,SITE-104-066,SCR,VS,1,VSDAT,2025-11-20
SYN-2026-01,SITE-104,SITE-104-066,SCR,VS,1,SYSBP,116
SYN-2026-01,SITE-104,SITE-104-066,SCR,VS,1,DIABP,72
SYN-2026-01,SITE-104,SITE-104-066,SCR,VS,1,PULSE,53
SYN-2026-01,SITE-104,SITE-104-066,SCR,VS,1,TEMP,36.8
SYN-2026-01,SITE-104,SITE-104-066,SCR,VS,1,WEIGHT,75.8
SYN-2026-01,SITE-104,SITE-104-066,SCR,MH,1,MHTERM,Hypertension
SYN-2026-01,SITE-104,SITE-104-066,SCR,MH,1,MHSTDAT,2018-08-03
SYN-2026-01,SITE-104,SITE-104-066,SCR,MH,1,MHONGO,Y
SYN-2026-01,SITE-104,SITE-104-066,SCR,MH,2,MHTERM,Osteoarthritis
SYN-2026-01,SITE-104,SITE-104-066,SCR,MH,2,MHSTDAT,2019-12-07
SYN-2026-01,SITE-104,SITE-104-066,SCR,MH,2,MHONGO,N
SYN-2026-01,SITE-104,SITE-104-066,SCR,MH,3,MHTERM,Osteoarthritis
SYN-2026-01,SITE-104,SITE-104-066,SCR,MH,3,MHSTDAT,2022-08-17
SYN-2026-01,SITE-104,SITE-104-066,SCR,MH,3,MHONGO,Y
SYN-2026-01,SITE-104,SITE-104-066,BASE,VS,1,VSDAT,2025-12-11
SYN-2026-01,SITE-104,SITE-104-066,BASE,VS,1,SYSBP,156
SYN-2026-01,SITE-104,SITE-104-066,BASE,VS,1,DIABP,80
SYN-2026-01,SITE-104,SITE-104-066,BASE,VS,1,PULSE,67
SYN-2026-01,SITE-104,SITE-104-066,BASE,VS,1,TEMP,36.3
SYN-2026-01,SITE-104,SITE-104-066,BASE,VS,1,WEIGHT,84.1
SYN-2026-01,SITE-104,SITE-104-066,BASE,EX,1,EXSTDAT,2025-12-11
SYN-2026-01,SITE-104,SITE-104-066,BASE,EX,1,EXDOSE,25
SYN-2026-01,SITE-104,SITE-104-066,BASE,EX,1,EXADJ,N
SYN-2026-01,SITE-104,SITE-104-066,BASE,AE,1,AETERM,head ache
SYN-2026-01,SITE-104,SITE-104-066,BASE,AE,1,AESTDAT,2025-11-28
SYN-2026-01,SITE-104,SITE-104-066,BASE,AE,1,AEOUT,RECOVERED
SYN-2026-01,SITE-104,SITE-104-066,BASE,AE,1,AEENDAT,2025-11-29
SYN-2026-01,SITE-104,SITE-104-066,BASE,AE,1,AESEV,MODERATE
SYN-2026-01,SITE-104,SITE-104-066,BASE,AE,1,AESER,N
SYN-2026-01,SITE-104,SITE-104-066,BASE,AE,1,AEREL,RELATED
SYN-2026-01,SITE-104,SITE-104-066,WK4,VS,1,VSDAT,2026-01-06
SYN-2026-01,SITE-104,SITE-104-066,WK4,VS,1,SYSBP,123
SYN-2026-01,SITE-104,SITE-104-066,WK4,VS,1,DIABP,85
SYN-2026-01,SITE-104,SITE-104-066,WK4,VS,1,PULSE,82
SYN-2026-01,SITE-104,SITE-104-066,WK4,VS,1,TEMP,36.5
SYN-2026-01,SITE-104,SITE-104-066,WK4,VS,1,WEIGHT,87.9
SYN-2026-01,SITE-104,SITE-104-066,WK4,EX,1,EXSTDAT,2026-01-06
SYN-2026-01,SITE-104,SITE-104-066,WK4,EX,1,EXDOSE,50
SYN-2026-01,SITE-104,SITE-104-066,WK4,EX,1,EXADJ,Y
SYN-2026-01,SITE-104,SITE-104-066,WK4,DS,1,DSCOMP,N
SYN-2026-01,SITE-104,SITE-104-066,WK4,DS,1,DSTERM,Withdrawal by subject
SYN-2026-01,SITE-104,SITE-104-066,WK4,DS,1,DSSTDAT,2026-01-06
SYN-2026-01,SITE-103,SITE-103-067,SCR,DM,1,BRTHDAT,2002-01-15
SYN-2026-01,SITE-103,SITE-103-067,SCR,DM,1,SEX,M
SYN-2026-01,SITE-103,SITE-103-067,SCR,DM,1,RFICDAT,2026-01-09
SYN-2026-01,SITE-103,SITE-103-067,SCR,DM,1,ARM,A
SYN-2026-01,SITE-103,SITE-103-067,SCR,IE,1,IEYN,Y
SYN-2026-01,SITE-103,SITE-103-067,SCR,IE,1,AGEELIG,Y
SYN-2026-01,SITE-103,SITE-103-067,SCR,VS,1,VSDAT,2026-01-01
SYN-2026-01,SITE-103,SITE-103-067,SCR,VS,1,SYSBP,123
SYN-2026-01,SITE-103,SITE-103-067,SCR,VS,1,DIABP,78
SYN-2026-01,SITE-103,SITE-103-067,SCR,VS,1,PULSE,66
SYN-2026-01,SITE-103,SITE-103-067,SCR,VS,1,WEIGHT,83.7
SYN-2026-01,SITE-103,SITE-103-067,SCR,MH,1,MHTERM,Migraine
SYN-2026-01,SITE-103,SITE-103-067,SCR,MH,1,MHSTDAT,2018-06-17
SYN-2026-01,SITE-103,SITE-103-067,SCR,MH,1,MHONGO,N
SYN-2026-01,SITE-103,SITE-103-067,BASE,VS,1,VSDAT,2026-01-22
SYN-2026-01,SITE-103,SITE-103-067,BASE,VS,1,SYSBP,128
SYN-2026-01,SITE-103,SITE-103-067,BASE,VS,1,DIABP,76
SYN-2026-01,SITE-103,SITE-103-067,BASE,VS,1,PULSE,69
SYN-2026-01,SITE-103,SITE-103-067,BASE,VS,1,TEMP,36.7
SYN-2026-01,SITE-103,SITE-103-067,BASE,VS,1,WEIGHT,77.6
SYN-2026-01,SITE-103,SITE-103-067,BASE,EX,1,EXSTDAT,2026-01-22
SYN-2026-01,SITE-103,SITE-103-067,BASE,EX,1,EXDOSE,100
SYN-2026-01,SITE-103,SITE-103-067,BASE,EX,1,EXADJ,N
SYN-2026-01,SITE-103,SITE-103-067,BASE,AE,1,AETERM,Insomnia
SYN-2026-01,SITE-103,SITE-103-067,BASE,AE,1,AESTDAT,2026-01-15
SYN-2026-01,SITE-103,SITE-103-067,BASE,AE,1,AEOUT,UNKNOWN
SYN-2026-01,SITE-103,SITE-103-067,BASE,AE,1,AESEV,MILD
SYN-2026-01,SITE-103,SITE-103-067,BASE,AE,1,AESER,N
SYN-2026-01,SITE-103,SITE-103-067,BASE,AE,1,AEREL,POSSIBLE
SYN-2026-01,SITE-103,SITE-103-067,BASE,AE,2,AETERM,head ache
SYN-2026-01,SITE-103,SITE-103-067,BASE,AE,2,AESTDAT,2026-01-12
SYN-2026-01,SITE-103,SITE-103-067,BASE,AE,2,AEOUT,NOT RECOVERED
SYN-2026-01,SITE-103,SITE-103-067,BASE,AE,2,AESEV,MODERATE
SYN-2026-01,SITE-103,SITE-103-067,BASE,AE,2,AESER,N
SYN-2026-01,SITE-103,SITE-103-067,BASE,AE,2,AEREL,UNLIKELY
SYN-2026-01,SITE-103,SITE-103-067,WK4,VS,1,VSDAT,2026-02-17
SYN-2026-01,SITE-103,SITE-103-067,WK4,VS,1,SYSBP,124
SYN-2026-01,SITE-103,SITE-103-067,WK4,VS,1,DIABP,95
SYN-2026-01,SITE-103,SITE-103-067,WK4,VS,1,PULSE,72
SYN-2026-01,SITE-103,SITE-103-067,WK4,VS,1,TEMP,37.5
SYN-2026-01,SITE-103,SITE-103-067,WK4,VS,1,WEIGHT,87.2
SYN-2026-01,SITE-103,SITE-103-067,WK4,EX,1,EXSTDAT,2026-02-17
SYN-2026-01,SITE-103,SITE-103-067,WK4,EX,1,EXDOSE,50
SYN-2026-01,SITE-103,SITE-103-067,WK4,EX,1,EXADJ,N
SYN-2026-01,SITE-103,SITE-103-067,WK4,AE,1,AETERM,Abdominal pain
SYN-2026-01,SITE-103,SITE-103-067,WK4,AE,1,AESTDAT,2026-01-28
SYN-2026-01,SITE-103,SITE-103-067,WK4,AE,1,AEOUT,RECOVERED
SYN-2026-01,SITE-103,SITE-103-067,WK4,AE,1,AESEV,SEVERE
SYN-2026-01,SITE-103,SITE-103-067,WK4,AE,1,AESER,N
SYN-2026-01,SITE-103,SITE-103-067,WK4,AE,1,AEREL,POSSIBLE
SYN-2026-01,SITE-103,SITE-103-067,WK4,AE,2,AETERM,Nausea
SYN-2026-01,SITE-103,SITE-103-067,WK4,AE,2,AESTDAT,2026-01-31
SYN-2026-01,SITE-103,SITE-103-067,WK4,AE,2,AEOUT,RECOVERED
SYN-2026-01,SITE-103,SITE-103-067,WK4,AE,2,AEENDAT,2026-02-14
SYN-2026-01,SITE-103,SITE-103-067,WK4,AE,2,AESEV,MILD
SYN-2026-01,SITE-103,SITE-103-067,WK4,AE,2,AESER,N
SYN-2026-01,SITE-103,SITE-103-067,WK4,AE,2,AEREL,RELATED
SYN-2026-01,SITE-103,SITE-103-067,WK4,AE,3,AETERM,felt off
SYN-2026-01,SITE-103,SITE-103-067,WK4,AE,3,AESTDAT,2026-02-09
SYN-2026-01,SITE-103,SITE-103-067,WK4,AE,3,AEOUT,RECOVERED
SYN-2026-01,SITE-103,SITE-103-067,WK4,AE,3,AEENDAT,2026-02-14
SYN-2026-01,SITE-103,SITE-103-067,WK4,AE,3,AESEV,MODERATE
SYN-2026-01,SITE-103,SITE-103-067,WK4,AE,3,AESER,N
SYN-2026-01,SITE-103,SITE-103-067,WK4,AE,3,AEREL,PROBABLE
SYN-2026-01,SITE-103,SITE-103-067,WK4,CM,1,CMTRT,tylenol
SYN-2026-01,SITE-103,SITE-103-067,WK4,CM,1,CMINDC,Infection
SYN-2026-01,SITE-103,SITE-103-067,WK4,CM,1,CMSTDAT,2025-12-22
SYN-2026-01,SITE-103,SITE-103-067,WK4,CM,2,CMTRT,Atorvastatin
SYN-2026-01,SITE-103,SITE-103-067,WK4,CM,2,CMINDC,Infection
SYN-2026-01,SITE-103,SITE-103-067,WK4,CM,2,CMSTDAT,2025-12-22
SYN-2026-01,SITE-103,SITE-103-067,WK12,VS,1,VSDAT,2026-04-16
SYN-2026-01,SITE-103,SITE-103-067,WK12,VS,1,SYSBP,129
SYN-2026-01,SITE-103,SITE-103-067,WK12,VS,1,DIABP,80
SYN-2026-01,SITE-103,SITE-103-067,WK12,VS,1,PULSE,81
SYN-2026-01,SITE-103,SITE-103-067,WK12,VS,1,WEIGHT,86.4
SYN-2026-01,SITE-103,SITE-103-067,WK12,EX,1,EXSTDAT,2026-04-16
SYN-2026-01,SITE-103,SITE-103-067,WK12,EX,1,EXDOSE,50
SYN-2026-01,SITE-103,SITE-103-067,WK12,EX,1,EXADJ,N
SYN-2026-01,SITE-103,SITE-103-067,WK12,AE,1,AETERM,sore throat and runny nose
SYN-2026-01,SITE-103,SITE-103-067,WK12,AE,1,AESTDAT,2026-04-15
SYN-2026-01,SITE-103,SITE-103-067,WK12,AE,1,AEOUT,NOT RECOVERED
SYN-2026-01,SITE-103,SITE-103-067,WK12,AE,1,AESEV,SEVERE
SYN-2026-01,SITE-103,SITE-103-067,WK12,AE,1,AESER,N
SYN-2026-01,SITE-103,SITE-103-067,WK12,AE,1,AEREL,RELATED
SYN-2026-01,SITE-103,SITE-103-067,WK12,CM,1,CMTRT,Paracetamol
SYN-2026-01,SITE-103,SITE-103-067,WK12,CM,1,CMINDC,Hypertension
SYN-2026-01,SITE-103,SITE-103-067,WK12,CM,1,CMSTDAT,2026-03-19
SYN-2026-01,SITE-103,SITE-103-067,EOS,VS,1,VSDAT,2026-07-15
SYN-2026-01,SITE-103,SITE-103-067,EOS,VS,1,SYSBP,130
SYN-2026-01,SITE-103,SITE-103-067,EOS,VS,1,DIABP,76
SYN-2026-01,SITE-103,SITE-103-067,EOS,VS,1,PULSE,59
SYN-2026-01,SITE-103,SITE-103-067,EOS,VS,1,TEMP,37.1
SYN-2026-01,SITE-103,SITE-103-067,EOS,VS,1,WEIGHT,70.7
SYN-2026-01,SITE-103,SITE-103-067,EOS,AE,1,AETERM,Nausea
SYN-2026-01,SITE-103,SITE-103-067,EOS,AE,1,AESTDAT,2026-07-03
SYN-2026-01,SITE-103,SITE-103-067,EOS,AE,1,AEOUT,UNKNOWN
SYN-2026-01,SITE-103,SITE-103-067,EOS,AE,1,AESEV,MILD
SYN-2026-01,SITE-103,SITE-103-067,EOS,AE,1,AESER,N
SYN-2026-01,SITE-103,SITE-103-067,EOS,AE,1,AEREL,UNLIKELY
SYN-2026-01,SITE-103,SITE-103-067,EOS,CM,1,CMTRT,Paracetamol
SYN-2026-01,SITE-103,SITE-103-067,EOS,CM,1,CMINDC,Pain
SYN-2026-01,SITE-103,SITE-103-067,EOS,CM,1,CMSTDAT,2026-05-23
SYN-2026-01,SITE-103,SITE-103-067,EOS,DS,1,DSCOMP,Y
SYN-2026-01,SITE-103,SITE-103-067,EOS,DS,1,DSSTDAT,2026-07-15
SYN-2026-01,SITE-104,SITE-104-068,SCR,DM,1,BRTHDAT,1990-12-26
SYN-2026-01,SITE-104,SITE-104-068,SCR,DM,1,SEX,F
SYN-2026-01,SITE-104,SITE-104-068,SCR,DM,1,RFICDAT,2025-12-17
SYN-2026-01,SITE-104,SITE-104-068,SCR,DM,1,ARM,B
SYN-2026-01,SITE-104,SITE-104-068,SCR,IE,1,IEYN,Y
SYN-2026-01,SITE-104,SITE-104-068,SCR,IE,1,AGEELIG,Y
SYN-2026-01,SITE-104,SITE-104-068,SCR,VS,1,VSDAT,2025-12-24
SYN-2026-01,SITE-104,SITE-104-068,SCR,VS,1,SYSBP,132
SYN-2026-01,SITE-104,SITE-104-068,SCR,VS,1,DIABP,87
SYN-2026-01,SITE-104,SITE-104-068,SCR,VS,1,PULSE,68
SYN-2026-01,SITE-104,SITE-104-068,SCR,VS,1,TEMP,36.5
SYN-2026-01,SITE-104,SITE-104-068,SCR,VS,1,WEIGHT,65.6
SYN-2026-01,SITE-104,SITE-104-068,SCR,MH,1,MHTERM,Hypertension
SYN-2026-01,SITE-104,SITE-104-068,SCR,MH,1,MHSTDAT,2022-10-22
SYN-2026-01,SITE-104,SITE-104-068,SCR,MH,1,MHONGO,Y
SYN-2026-01,SITE-104,SITE-104-068,BASE,VS,1,VSDAT,2026-01-02
SYN-2026-01,SITE-104,SITE-104-068,BASE,VS,1,SYSBP,124
SYN-2026-01,SITE-104,SITE-104-068,BASE,VS,1,DIABP,91
SYN-2026-01,SITE-104,SITE-104-068,BASE,VS,1,PULSE,68
SYN-2026-01,SITE-104,SITE-104-068,BASE,VS,1,TEMP,36.4
SYN-2026-01,SITE-104,SITE-104-068,BASE,VS,1,WEIGHT,69.3
SYN-2026-01,SITE-104,SITE-104-068,BASE,EX,1,EXSTDAT,2026-01-02
SYN-2026-01,SITE-104,SITE-104-068,BASE,EX,1,EXDOSE,50
SYN-2026-01,SITE-104,SITE-104-068,BASE,EX,1,EXADJ,N
SYN-2026-01,SITE-104,SITE-104-068,BASE,AE,1,AETERM,Back pain
SYN-2026-01,SITE-104,SITE-104-068,BASE,AE,1,AESTDAT,2025-12-26
SYN-2026-01,SITE-104,SITE-104-068,BASE,AE,1,AEOUT,NOT RECOVERED
SYN-2026-01,SITE-104,SITE-104-068,BASE,AE,1,AESEV,SEVERE
SYN-2026-01,SITE-104,SITE-104-068,BASE,AE,1,AESER,Y
SYN-2026-01,SITE-104,SITE-104-068,BASE,AE,1,AEREL,RELATED
SYN-2026-01,SITE-104,SITE-104-068,BASE,AE,1,AEACN,DRUG WITHDRAWN
SYN-2026-01,SITE-104,SITE-104-068,BASE,AE,2,AETERM,Insomnia
SYN-2026-01,SITE-104,SITE-104-068,BASE,AE,2,AESTDAT,2025-12-31
SYN-2026-01,SITE-104,SITE-104-068,BASE,AE,2,AEOUT,RECOVERING
SYN-2026-01,SITE-104,SITE-104-068,BASE,AE,2,AESEV,MILD
SYN-2026-01,SITE-104,SITE-104-068,BASE,AE,2,AESER,N
SYN-2026-01,SITE-104,SITE-104-068,BASE,AE,2,AEREL,NOT RELATED
SYN-2026-01,SITE-104,SITE-104-068,BASE,AE,3,AETERM,Insomnia
SYN-2026-01,SITE-104,SITE-104-068,BASE,AE,3,AESTDAT,2025-12-29
SYN-2026-01,SITE-104,SITE-104-068,BASE,AE,3,AEOUT,NOT RECOVERED
SYN-2026-01,SITE-104,SITE-104-068,BASE,AE,3,AESEV,MILD
SYN-2026-01,SITE-104,SITE-104-068,BASE,AE,3,AESER,N
SYN-2026-01,SITE-104,SITE-104-068,BASE,AE,3,AEREL,POSSIBLE
SYN-2026-01,SITE-104,SITE-104-068,WK4,VS,1,VSDAT,2026-01-28
SYN-2026-01,SITE-104,SITE-104-068,WK4,VS,1,SYSBP,124
SYN-2026-01,SITE-104,SITE-104-068,WK4,VS,1,DIABP,68
SYN-2026-01,SITE-104,SITE-104-068,WK4,VS,1,PULSE,69
SYN-2026-01,SITE-104,SITE-104-068,WK4,VS,1,TEMP,35.8
SYN-2026-01,SITE-104,SITE-104-068,WK4,VS,1,WEIGHT,78.7
SYN-2026-01,SITE-104,SITE-104-068,WK4,EX,1,EXSTDAT,2026-01-28
SYN-2026-01,SITE-104,SITE-104-068,WK4,EX,1,EXDOSE,50
SYN-2026-01,SITE-104,SITE-104-068,WK4,EX,1,EXADJ,Y
SYN-2026-01,SITE-104,SITE-104-068,WK12,VS,1,VSDAT,2026-03-27
SYN-2026-01,SITE-104,SITE-104-068,WK12,VS,1,SYSBP,133
SYN-2026-01,SITE-104,SITE-104-068,WK12,VS,1,DIABP,81
SYN-2026-01,SITE-104,SITE-104-068,WK12,VS,1,PULSE,96
SYN-2026-01,SITE-104,SITE-104-068,WK12,VS,1,TEMP,36.4
SYN-2026-01,SITE-104,SITE-104-068,WK12,VS,1,WEIGHT,78.3
SYN-2026-01,SITE-104,SITE-104-068,WK12,EX,1,EXSTDAT,2026-03-27
SYN-2026-01,SITE-104,SITE-104-068,WK12,EX,1,EXDOSE,100
SYN-2026-01,SITE-104,SITE-104-068,WK12,EX,1,EXADJ,N
SYN-2026-01,SITE-104,SITE-104-068,WK12,AE,1,AETERM,Vomiting
SYN-2026-01,SITE-104,SITE-104-068,WK12,AE,1,AESTDAT,2026-03-09
SYN-2026-01,SITE-104,SITE-104-068,WK12,AE,1,AEOUT,RECOVERED
SYN-2026-01,SITE-104,SITE-104-068,WK12,AE,1,AEENDAT,2026-03-11
SYN-2026-01,SITE-104,SITE-104-068,WK12,AE,1,AESEV,MILD
SYN-2026-01,SITE-104,SITE-104-068,WK12,AE,1,AESER,Y
SYN-2026-01,SITE-104,SITE-104-068,WK12,AE,1,AEREL,NOT RELATED
SYN-2026-01,SITE-104,SITE-104-068,WK12,AE,1,AEACN,DOSE REDUCED
SYN-2026-01,SITE-104,SITE-104-068,WK12,CM,1,CMTRT,Metformin
SYN-2026-01,SITE-104,SITE-104-068,WK12,CM,1,CMINDC,Infection
SYN-2026-01,SITE-104,SITE-104-068,WK12,CM,1,CMSTDAT,2026-02-22
SYN-2026-01,SITE-104,SITE-104-068,EOS,VS,1,VSDAT,2026-06-15
SYN-2026-01,SITE-104,SITE-104-068,EOS,VS,1,SYSBP,136
SYN-2026-01,SITE-104,SITE-104-068,EOS,VS,1,DIABP,71
SYN-2026-01,SITE-104,SITE-104-068,EOS,VS,1,PULSE,68
SYN-2026-01,SITE-104,SITE-104-068,EOS,VS,1,TEMP,37.0
SYN-2026-01,SITE-104,SITE-104-068,EOS,VS,1,WEIGHT,75.5
SYN-2026-01,SITE-104,SITE-104-068,EOS,AE,1,AETERM,head ache
SYN-2026-01,SITE-104,SITE-104-068,EOS,AE,1,AESTDAT,2026-06-01
SYN-2026-01,SITE-104,SITE-104-068,EOS,AE,1,AEOUT,RECOVERED
SYN-2026-01,SITE-104,SITE-104-068,EOS,AE,1,AEENDAT,2026-06-07
SYN-2026-01,SITE-104,SITE-104-068,EOS,AE,1,AESEV,MILD
SYN-2026-01,SITE-104,SITE-104-068,EOS,AE,1,AESER,Y
SYN-2026-01,SITE-104,SITE-104-068,EOS,AE,1,AEREL,RELATED
SYN-2026-01,SITE-104,SITE-104-068,EOS,AE,1,AEACN,DOSE REDUCED
SYN-2026-01,SITE-104,SITE-104-068,EOS,CM,1,CMTRT,tylenol
SYN-2026-01,SITE-104,SITE-104-068,EOS,CM,1,CMINDC,Pain
SYN-2026-01,SITE-104,SITE-104-068,EOS,CM,1,CMSTDAT,2026-05-15
SYN-2026-01,SITE-104,SITE-104-068,EOS,CM,2,CMTRT,Amoxicillin
SYN-2026-01,SITE-104,SITE-104-068,EOS,CM,2,CMINDC,Prophylaxis
SYN-2026-01,SITE-104,SITE-104-068,EOS,CM,2,CMSTDAT,2026-05-23
SYN-2026-01,SITE-104,SITE-104-068,EOS,DS,1,DSCOMP,Y
SYN-2026-01,SITE-104,SITE-104-068,EOS,DS,1,DSSTDAT,2026-06-15
SYN-2026-01,SITE-105,SITE-105-069,SCR,DM,1,BRTHDAT,1989-11-22
SYN-2026-01,SITE-105,SITE-105-069,SCR,DM,1,SEX,M
SYN-2026-01,SITE-105,SITE-105-069,SCR,DM,1,RFICDAT,2025-11-13
SYN-2026-01,SITE-105,SITE-105-069,SCR,DM,1,ARM,A
SYN-2026-01,SITE-105,SITE-105-069,SCR,IE,1,IEYN,Y
SYN-2026-01,SITE-105,SITE-105-069,SCR,IE,1,AGEELIG,Y
SYN-2026-01,SITE-105,SITE-105-069,SCR,VS,1,VSDAT,2025-11-11
SYN-2026-01,SITE-105,SITE-105-069,SCR,VS,1,SYSBP,112
SYN-2026-01,SITE-105,SITE-105-069,SCR,VS,1,DIABP,68
SYN-2026-01,SITE-105,SITE-105-069,SCR,VS,1,PULSE,83
SYN-2026-01,SITE-105,SITE-105-069,SCR,VS,1,TEMP,37.2
SYN-2026-01,SITE-105,SITE-105-069,SCR,VS,1,WEIGHT,79.5
SYN-2026-01,SITE-105,SITE-105-069,BASE,VS,1,VSDAT,2025-11-24
SYN-2026-01,SITE-105,SITE-105-069,BASE,VS,1,SYSBP,135
SYN-2026-01,SITE-105,SITE-105-069,BASE,VS,1,DIABP,82
SYN-2026-01,SITE-105,SITE-105-069,BASE,VS,1,PULSE,57
SYN-2026-01,SITE-105,SITE-105-069,BASE,VS,1,TEMP,37.2
SYN-2026-01,SITE-105,SITE-105-069,BASE,VS,1,WEIGHT,76.8
SYN-2026-01,SITE-105,SITE-105-069,BASE,EX,1,EXSTDAT,2025-11-24
SYN-2026-01,SITE-105,SITE-105-069,BASE,EX,1,EXDOSE,25
SYN-2026-01,SITE-105,SITE-105-069,BASE,EX,1,EXADJ,Y
SYN-2026-01,SITE-105,SITE-105-069,BASE,AE,1,AETERM,Upper respiratory tract infection
SYN-2026-01,SITE-105,SITE-105-069,BASE,AE,1,AESTDAT,2025-11-13
SYN-2026-01,SITE-105,SITE-105-069,BASE,AE,1,AEOUT,RECOVERED
SYN-2026-01,SITE-105,SITE-105-069,BASE,AE,1,AEENDAT,2025-11-17
SYN-2026-01,SITE-105,SITE-105-069,BASE,AE,1,AESEV,MILD
SYN-2026-01,SITE-105,SITE-105-069,BASE,AE,1,AESER,N
SYN-2026-01,SITE-105,SITE-105-069,BASE,AE,1,AEREL,POSSIBLE
SYN-2026-01,SITE-105,SITE-105-069,BASE,AE,2,AETERM,Nausea
SYN-2026-01,SITE-105,SITE-105-069,BASE,AE,2,AESTDAT,2025-11-13
SYN-2026-01,SITE-105,SITE-105-069,BASE,AE,2,AEOUT,NOT RECOVERED
SYN-2026-01,SITE-105,SITE-105-069,BASE,AE,2,AESEV,MILD
SYN-2026-01,SITE-105,SITE-105-069,BASE,AE,2,AESER,N
SYN-2026-01,SITE-105,SITE-105-069,BASE,AE,2,AEREL,POSSIBLE
SYN-2026-01,SITE-105,SITE-105-069,BASE,AE,3,AETERM,Diarrhoea
SYN-2026-01,SITE-105,SITE-105-069,BASE,AE,3,AESTDAT,2025-11-13
SYN-2026-01,SITE-105,SITE-105-069,BASE,AE,3,AEOUT,RECOVERED
SYN-2026-01,SITE-105,SITE-105-069,BASE,AE,3,AEENDAT,2025-11-27
SYN-2026-01,SITE-105,SITE-105-069,BASE,AE,3,AESEV,MILD
SYN-2026-01,SITE-105,SITE-105-069,BASE,AE,3,AESER,N
SYN-2026-01,SITE-105,SITE-105-069,BASE,AE,3,AEREL,UNLIKELY
SYN-2026-01,SITE-105,SITE-105-069,WK4,VS,1,VSDAT,2025-12-23
SYN-2026-01,SITE-105,SITE-105-069,WK4,VS,1,SYSBP,129
SYN-2026-01,SITE-105,SITE-105-069,WK4,VS,1,DIABP,76
SYN-2026-01,SITE-105,SITE-105-069,WK4,VS,1,PULSE,77
SYN-2026-01,SITE-105,SITE-105-069,WK4,VS,1,TEMP,36.7
SYN-2026-01,SITE-105,SITE-105-069,WK4,VS,1,WEIGHT,59.4
SYN-2026-01,SITE-105,SITE-105-069,WK4,EX,1,EXSTDAT,2025-12-23
SYN-2026-01,SITE-105,SITE-105-069,WK4,EX,1,EXDOSE,50
SYN-2026-01,SITE-105,SITE-105-069,WK4,EX,1,EXADJ,N
SYN-2026-01,SITE-105,SITE-105-069,WK4,AE,1,AETERM,Headache
SYN-2026-01,SITE-105,SITE-105-069,WK4,AE,1,AESTDAT,2025-12-18
SYN-2026-01,SITE-105,SITE-105-069,WK4,AE,1,AEOUT,NOT RECOVERED
SYN-2026-01,SITE-105,SITE-105-069,WK4,AE,1,AESEV,MODERATE
SYN-2026-01,SITE-105,SITE-105-069,WK4,AE,1,AESER,N
SYN-2026-01,SITE-105,SITE-105-069,WK4,AE,1,AEREL,UNLIKELY
SYN-2026-01,SITE-105,SITE-105-069,WK4,CM,1,CMTRT,advil
SYN-2026-01,SITE-105,SITE-105-069,WK4,CM,1,CMINDC,Prophylaxis
SYN-2026-01,SITE-105,SITE-105-069,WK4,CM,1,CMSTDAT,2025-11-15
SYN-2026-01,SITE-105,SITE-105-069,WK4,CM,2,CMTRT,tylenol
SYN-2026-01,SITE-105,SITE-105-069,WK4,CM,2,CMINDC,Hypertension
SYN-2026-01,SITE-105,SITE-105-069,WK4,CM,2,CMSTDAT,2025-10-24
SYN-2026-01,SITE-105,SITE-105-069,WK12,VS,1,VSDAT,2026-02-19
SYN-2026-01,SITE-105,SITE-105-069,WK12,VS,1,SYSBP,117
SYN-2026-01,SITE-105,SITE-105-069,WK12,VS,1,DIABP,78
SYN-2026-01,SITE-105,SITE-105-069,WK12,VS,1,PULSE,84
SYN-2026-01,SITE-105,SITE-105-069,WK12,VS,1,TEMP,36.3
SYN-2026-01,SITE-105,SITE-105-069,WK12,VS,1,WEIGHT,91.4
SYN-2026-01,SITE-105,SITE-105-069,WK12,EX,1,EXSTDAT,2026-02-19
SYN-2026-01,SITE-105,SITE-105-069,WK12,EX,1,EXDOSE,50
SYN-2026-01,SITE-105,SITE-105-069,WK12,EX,1,EXADJ,N
SYN-2026-01,SITE-105,SITE-105-069,WK12,CM,1,CMTRT,Salbutamol
SYN-2026-01,SITE-105,SITE-105-069,WK12,CM,1,CMSTDAT,2026-01-28
SYN-2026-01,SITE-105,SITE-105-069,WK12,CM,2,CMTRT,Metformin
SYN-2026-01,SITE-105,SITE-105-069,WK12,CM,2,CMSTDAT,2026-01-06
SYN-2026-01,SITE-105,SITE-105-069,WK12,DS,1,DSCOMP,N
SYN-2026-01,SITE-105,SITE-105-069,WK12,DS,1,DSTERM,Withdrawal by subject
SYN-2026-01,SITE-105,SITE-105-069,WK12,DS,1,DSSTDAT,2026-02-19
SYN-2026-01,SITE-102,SITE-102-070,SCR,DM,1,BRTHDAT,1982-02-11
SYN-2026-01,SITE-102,SITE-102-070,SCR,DM,1,SEX,M
SYN-2026-01,SITE-102,SITE-102-070,SCR,DM,1,RFICDAT,2026-01-31
SYN-2026-01,SITE-102,SITE-102-070,SCR,DM,1,ARM,A
SYN-2026-01,SITE-102,SITE-102-070,SCR,IE,1,IEYN,Y
SYN-2026-01,SITE-102,SITE-102-070,SCR,IE,1,AGEELIG,Y
SYN-2026-01,SITE-102,SITE-102-070,SCR,VS,1,VSDAT,2026-02-09
SYN-2026-01,SITE-102,SITE-102-070,SCR,VS,1,SYSBP,126
SYN-2026-01,SITE-102,SITE-102-070,SCR,VS,1,DIABP,77
SYN-2026-01,SITE-102,SITE-102-070,SCR,VS,1,PULSE,56
SYN-2026-01,SITE-102,SITE-102-070,SCR,VS,1,TEMP,36.5
SYN-2026-01,SITE-102,SITE-102-070,SCR,VS,1,WEIGHT,72.1
SYN-2026-01,SITE-102,SITE-102-070,SCR,MH,1,MHTERM,Osteoarthritis
SYN-2026-01,SITE-102,SITE-102-070,SCR,MH,1,MHSTDAT,2022-05-14
SYN-2026-01,SITE-102,SITE-102-070,SCR,MH,1,MHONGO,N
SYN-2026-01,SITE-102,SITE-102-070,BASE,VS,1,VSDAT,2026-02-18
SYN-2026-01,SITE-102,SITE-102-070,BASE,VS,1,SYSBP,153
SYN-2026-01,SITE-102,SITE-102-070,BASE,VS,1,DIABP,72
SYN-2026-01,SITE-102,SITE-102-070,BASE,VS,1,PULSE,76
SYN-2026-01,SITE-102,SITE-102-070,BASE,VS,1,TEMP,37.4
SYN-2026-01,SITE-102,SITE-102-070,BASE,VS,1,WEIGHT,82.5
SYN-2026-01,SITE-102,SITE-102-070,BASE,EX,1,EXSTDAT,2026-02-18
SYN-2026-01,SITE-102,SITE-102-070,BASE,EX,1,EXDOSE,100
SYN-2026-01,SITE-102,SITE-102-070,BASE,EX,1,EXADJ,Y
SYN-2026-01,SITE-102,SITE-102-070,BASE,AE,1,AETERM,Arthralgia
SYN-2026-01,SITE-102,SITE-102-070,BASE,AE,1,AESTDAT,2026-01-31
SYN-2026-01,SITE-102,SITE-102-070,BASE,AE,1,AEOUT,RECOVERED
SYN-2026-01,SITE-102,SITE-102-070,BASE,AE,1,AEENDAT,2026-02-12
SYN-2026-01,SITE-102,SITE-102-070,BASE,AE,1,AESEV,MODERATE
SYN-2026-01,SITE-102,SITE-102-070,BASE,AE,1,AESER,N
SYN-2026-01,SITE-102,SITE-102-070,BASE,AE,1,AEREL,POSSIBLE
SYN-2026-01,SITE-102,SITE-102-070,BASE,AE,2,AETERM,Pyrexia
SYN-2026-01,SITE-102,SITE-102-070,BASE,AE,2,AESTDAT,2026-02-15
SYN-2026-01,SITE-102,SITE-102-070,BASE,AE,2,AEOUT,RECOVERED
SYN-2026-01,SITE-102,SITE-102-070,BASE,AE,2,AEENDAT,2026-02-27
SYN-2026-01,SITE-102,SITE-102-070,BASE,AE,2,AESEV,MODERATE
SYN-2026-01,SITE-102,SITE-102-070,BASE,AE,2,AESER,N
SYN-2026-01,SITE-102,SITE-102-070,BASE,AE,2,AEREL,UNLIKELY
SYN-2026-01,SITE-102,SITE-102-070,BASE,AE,3,AETERM,Diarrhoea
SYN-2026-01,SITE-102,SITE-102-070,BASE,AE,3,AESTDAT,2026-02-17
SYN-2026-01,SITE-102,SITE-102-070,BASE,AE,3,AEOUT,NOT RECOVERED
SYN-2026-01,SITE-102,SITE-102-070,BASE,AE,3,AESEV,MILD
SYN-2026-01,SITE-102,SITE-102-070,BASE,AE,3,AESER,N
SYN-2026-01,SITE-102,SITE-102-070,BASE,AE,3,AEREL,PROBABLE
SYN-2026-01,SITE-102,SITE-102-070,WK4,VS,1,VSDAT,2026-03-17
SYN-2026-01,SITE-102,SITE-102-070,WK4,VS,1,SYSBP,133
SYN-2026-01,SITE-102,SITE-102-070,WK4,VS,1,DIABP,85
SYN-2026-01,SITE-102,SITE-102-070,WK4,VS,1,PULSE,84
SYN-2026-01,SITE-102,SITE-102-070,WK4,VS,1,WEIGHT,65.0
SYN-2026-01,SITE-102,SITE-102-070,WK4,EX,1,EXSTDAT,2026-03-17
SYN-2026-01,SITE-102,SITE-102-070,WK4,EX,1,EXDOSE,50
SYN-2026-01,SITE-102,SITE-102-070,WK4,EX,1,EXADJ,Y
SYN-2026-01,SITE-102,SITE-102-070,WK4,AE,1,AETERM,felt off
SYN-2026-01,SITE-102,SITE-102-070,WK4,AE,1,AESTDAT,2026-03-08
SYN-2026-01,SITE-102,SITE-102-070,WK4,AE,1,AEOUT,RECOVERED
SYN-2026-01,SITE-102,SITE-102-070,WK4,AE,1,AEENDAT,2026-03-23
SYN-2026-01,SITE-102,SITE-102-070,WK4,AE,1,AESEV,MODERATE
SYN-2026-01,SITE-102,SITE-102-070,WK4,AE,1,AESER,N
SYN-2026-01,SITE-102,SITE-102-070,WK4,AE,1,AEREL,PROBABLE
SYN-2026-01,SITE-102,SITE-102-070,WK12,VS,1,VSDAT,2026-05-14
SYN-2026-01,SITE-102,SITE-102-070,WK12,VS,1,SYSBP,129
SYN-2026-01,SITE-102,SITE-102-070,WK12,VS,1,DIABP,83
SYN-2026-01,SITE-102,SITE-102-070,WK12,VS,1,PULSE,79
SYN-2026-01,SITE-102,SITE-102-070,WK12,VS,1,WEIGHT,94.8
SYN-2026-01,SITE-102,SITE-102-070,WK12,EX,1,EXSTDAT,2026-05-14
SYN-2026-01,SITE-102,SITE-102-070,WK12,EX,1,EXDOSE,50
SYN-2026-01,SITE-102,SITE-102-070,WK12,EX,1,EXADJ,N
SYN-2026-01,SITE-102,SITE-102-070,WK12,AE,1,AETERM,feeling sick to stomach
SYN-2026-01,SITE-102,SITE-102-070,WK12,AE,1,AESTDAT,2026-04-27
SYN-2026-01,SITE-102,SITE-102-070,WK12,AE,1,AEOUT,RECOVERED
SYN-2026-01,SITE-102,SITE-102-070,WK12,AE,1,AESEV,MODERATE
SYN-2026-01,SITE-102,SITE-102-070,WK12,AE,1,AESER,N
SYN-2026-01,SITE-102,SITE-102-070,WK12,AE,1,AEREL,UNLIKELY
SYN-2026-01,SITE-102,SITE-102-070,EOS,VS,1,VSDAT,2026-08-06
SYN-2026-01,SITE-102,SITE-102-070,EOS,VS,1,SYSBP,140
SYN-2026-01,SITE-102,SITE-102-070,EOS,VS,1,DIABP,69
SYN-2026-01,SITE-102,SITE-102-070,EOS,VS,1,PULSE,69
SYN-2026-01,SITE-102,SITE-102-070,EOS,VS,1,TEMP,36.7
SYN-2026-01,SITE-102,SITE-102-070,EOS,VS,1,WEIGHT,56.7
SYN-2026-01,SITE-102,SITE-102-070,EOS,AE,1,AETERM,Vomiting
SYN-2026-01,SITE-102,SITE-102-070,EOS,AE,1,AESTDAT,2026-07-17
SYN-2026-01,SITE-102,SITE-102-070,EOS,AE,1,AEOUT,RECOVERING
SYN-2026-01,SITE-102,SITE-102-070,EOS,AE,1,AESEV,MILD
SYN-2026-01,SITE-102,SITE-102-070,EOS,AE,1,AESER,N
SYN-2026-01,SITE-102,SITE-102-070,EOS,AE,1,AEREL,NOT RELATED
SYN-2026-01,SITE-102,SITE-102-070,EOS,AE,2,AETERM,Nausea
SYN-2026-01,SITE-102,SITE-102-070,EOS,AE,2,AESTDAT,2026-07-31
SYN-2026-01,SITE-102,SITE-102-070,EOS,AE,2,AEOUT,RECOVERED
SYN-2026-01,SITE-102,SITE-102-070,EOS,AE,2,AEENDAT,2026-08-04
SYN-2026-01,SITE-102,SITE-102-070,EOS,AE,2,AESEV,MILD
SYN-2026-01,SITE-102,SITE-102-070,EOS,AE,2,AESER,N
SYN-2026-01,SITE-102,SITE-102-070,EOS,AE,2,AEREL,PROBABLE
SYN-2026-01,SITE-102,SITE-102-070,EOS,AE,3,AETERM,Cough
SYN-2026-01,SITE-102,SITE-102-070,EOS,AE,3,AESTDAT,2026-07-28
SYN-2026-01,SITE-102,SITE-102-070,EOS,AE,3,AEOUT,RECOVERED
SYN-2026-01,SITE-102,SITE-102-070,EOS,AE,3,AEENDAT,2026-08-01
SYN-2026-01,SITE-102,SITE-102-070,EOS,AE,3,AESEV,MODERATE
SYN-2026-01,SITE-102,SITE-102-070,EOS,AE,3,AESER,N
SYN-2026-01,SITE-102,SITE-102-070,EOS,AE,3,AEREL,NOT RELATED
SYN-2026-01,SITE-102,SITE-102-070,EOS,CM,1,CMTRT,Omeprazole
SYN-2026-01,SITE-102,SITE-102-070,EOS,CM,1,CMINDC,Prophylaxis
SYN-2026-01,SITE-102,SITE-102-070,EOS,CM,1,CMSTDAT,2026-07-26
SYN-2026-01,SITE-102,SITE-102-070,EOS,CM,2,CMTRT,Metformin
SYN-2026-01,SITE-102,SITE-102-070,EOS,CM,2,CMINDC,Hypertension
SYN-2026-01,SITE-102,SITE-102-070,EOS,CM,2,CMSTDAT,2026-06-14
SYN-2026-01,SITE-102,SITE-102-070,EOS,DS,1,DSCOMP,Y
SYN-2026-01,SITE-102,SITE-102-070,EOS,DS,1,DSSTDAT,2026-08-06
SYN-2026-01,SITE-105,SITE-105-071,SCR,DM,1,BRTHDAT,1950-12-06
SYN-2026-01,SITE-105,SITE-105-071,SCR,DM,1,SEX,M
SYN-2026-01,SITE-105,SITE-105-071,SCR,DM,1,RFICDAT,2025-11-17
SYN-2026-01,SITE-105,SITE-105-071,SCR,DM,1,ARM,B
SYN-2026-01,SITE-105,SITE-105-071,SCR,IE,1,IEYN,Y
SYN-2026-01,SITE-105,SITE-105-071,SCR,IE,1,AGEELIG,Y
SYN-2026-01,SITE-105,SITE-105-071,SCR,VS,1,VSDAT,2025-11-10
SYN-2026-01,SITE-105,SITE-105-071,SCR,VS,1,SYSBP,144
SYN-2026-01,SITE-105,SITE-105-071,SCR,VS,1,DIABP,79
SYN-2026-01,SITE-105,SITE-105-071,SCR,VS,1,PULSE,77
SYN-2026-01,SITE-105,SITE-105-071,SCR,VS,1,TEMP,37.1
SYN-2026-01,SITE-105,SITE-105-071,SCR,VS,1,WEIGHT,84.1
SYN-2026-01,SITE-105,SITE-105-071,SCR,MH,1,MHTERM,Hypercholesterolaemia
SYN-2026-01,SITE-105,SITE-105-071,SCR,MH,1,MHSTDAT,2023-07-06
SYN-2026-01,SITE-105,SITE-105-071,SCR,MH,1,MHONGO,Y
SYN-2026-01,SITE-105,SITE-105-071,SCR,MH,2,MHTERM,Type 2 diabetes mellitus
SYN-2026-01,SITE-105,SITE-105-071,SCR,MH,2,MHSTDAT,2023-05-03
SYN-2026-01,SITE-105,SITE-105-071,SCR,MH,2,MHONGO,N
SYN-2026-01,SITE-105,SITE-105-071,SCR,MH,3,MHTERM,Type 2 diabetes mellitus
SYN-2026-01,SITE-105,SITE-105-071,SCR,MH,3,MHSTDAT,2021-09-25
SYN-2026-01,SITE-105,SITE-105-071,SCR,MH,3,MHONGO,Y
SYN-2026-01,SITE-105,SITE-105-071,BASE,VS,1,VSDAT,2025-11-27
SYN-2026-01,SITE-105,SITE-105-071,BASE,VS,1,SYSBP,130
SYN-2026-01,SITE-105,SITE-105-071,BASE,VS,1,DIABP,87
SYN-2026-01,SITE-105,SITE-105-071,BASE,VS,1,PULSE,58
SYN-2026-01,SITE-105,SITE-105-071,BASE,VS,1,TEMP,36.5
SYN-2026-01,SITE-105,SITE-105-071,BASE,VS,1,WEIGHT,96.5
SYN-2026-01,SITE-105,SITE-105-071,BASE,EX,1,EXSTDAT,2025-11-27
SYN-2026-01,SITE-105,SITE-105-071,BASE,EX,1,EXDOSE,25
SYN-2026-01,SITE-105,SITE-105-071,BASE,EX,1,EXADJ,N
SYN-2026-01,SITE-105,SITE-105-071,WK4,VS,1,VSDAT,2025-12-23
SYN-2026-01,SITE-105,SITE-105-071,WK4,VS,1,SYSBP,134
SYN-2026-01,SITE-105,SITE-105-071,WK4,VS,1,DIABP,81
SYN-2026-01,SITE-105,SITE-105-071,WK4,VS,1,PULSE,103
SYN-2026-01,SITE-105,SITE-105-071,WK4,VS,1,WEIGHT,107.5
SYN-2026-01,SITE-105,SITE-105-071,WK4,EX,1,EXSTDAT,2025-12-23
SYN-2026-01,SITE-105,SITE-105-071,WK4,EX,1,EXDOSE,100
SYN-2026-01,SITE-105,SITE-105-071,WK4,EX,1,EXADJ,N
SYN-2026-01,SITE-105,SITE-105-071,WK4,CM,1,CMTRT,Ibuprofen
SYN-2026-01,SITE-105,SITE-105-071,WK4,CM,1,CMINDC,Pain
SYN-2026-01,SITE-105,SITE-105-071,WK4,CM,1,CMSTDAT,2025-12-15
SYN-2026-01,SITE-105,SITE-105-071,WK12,VS,1,VSDAT,2026-02-20
SYN-2026-01,SITE-105,SITE-105-071,WK12,VS,1,SYSBP,134
SYN-2026-01,SITE-105,SITE-105-071,WK12,VS,1,DIABP,84
SYN-2026-01,SITE-105,SITE-105-071,WK12,VS,1,PULSE,57
SYN-2026-01,SITE-105,SITE-105-071,WK12,VS,1,TEMP,36.8
SYN-2026-01,SITE-105,SITE-105-071,WK12,VS,1,WEIGHT,70.8
SYN-2026-01,SITE-105,SITE-105-071,WK12,EX,1,EXSTDAT,2026-02-20
SYN-2026-01,SITE-105,SITE-105-071,WK12,EX,1,EXDOSE,50
SYN-2026-01,SITE-105,SITE-105-071,WK12,EX,1,EXADJ,N
SYN-2026-01,SITE-105,SITE-105-071,WK12,AE,1,AETERM,felt off
SYN-2026-01,SITE-105,SITE-105-071,WK12,AE,1,AESTDAT,2026-02-06
SYN-2026-01,SITE-105,SITE-105-071,WK12,AE,1,AEOUT,RECOVERED
SYN-2026-01,SITE-105,SITE-105-071,WK12,AE,1,AEENDAT,2026-02-22
SYN-2026-01,SITE-105,SITE-105-071,WK12,AE,1,AESEV,MODERATE
SYN-2026-01,SITE-105,SITE-105-071,WK12,AE,1,AESER,N
SYN-2026-01,SITE-105,SITE-105-071,WK12,AE,1,AEREL,RELATED
SYN-2026-01,SITE-105,SITE-105-071,WK12,CM,1,CMTRT,Atorvastatin
SYN-2026-01,SITE-105,SITE-105-071,WK12,CM,1,CMINDC,Pain
SYN-2026-01,SITE-105,SITE-105-071,WK12,CM,1,CMSTDAT,2026-01-09
SYN-2026-01,SITE-105,SITE-105-071,EOS,VS,1,VSDAT,2026-05-10
SYN-2026-01,SITE-105,SITE-105-071,EOS,VS,1,SYSBP,121
SYN-2026-01,SITE-105,SITE-105-071,EOS,VS,1,DIABP,76
SYN-2026-01,SITE-105,SITE-105-071,EOS,VS,1,PULSE,77
SYN-2026-01,SITE-105,SITE-105-071,EOS,VS,1,TEMP,36.8
SYN-2026-01,SITE-105,SITE-105-071,EOS,VS,1,WEIGHT,79.6
SYN-2026-01,SITE-105,SITE-105-071,EOS,CM,1,CMTRT,Atorvastatin
SYN-2026-01,SITE-105,SITE-105-071,EOS,CM,1,CMINDC,Pain
SYN-2026-01,SITE-105,SITE-105-071,EOS,CM,1,CMSTDAT,2026-04-18
SYN-2026-01,SITE-105,SITE-105-071,EOS,DS,1,DSCOMP,Y
SYN-2026-01,SITE-105,SITE-105-071,EOS,DS,1,DSSTDAT,2026-05-10
SYN-2026-01,SITE-105,SITE-105-072,SCR,DM,1,BRTHDAT,2004-12-10
SYN-2026-01,SITE-105,SITE-105-072,SCR,DM,1,SEX,F
SYN-2026-01,SITE-105,SITE-105-072,SCR,DM,1,RFICDAT,2025-12-05
SYN-2026-01,SITE-105,SITE-105-072,SCR,DM,1,ARM,A
SYN-2026-01,SITE-105,SITE-105-072,SCR,IE,1,IEYN,Y
SYN-2026-01,SITE-105,SITE-105-072,SCR,IE,1,AGEELIG,Y
SYN-2026-01,SITE-105,SITE-105-072,SCR,VS,1,VSDAT,2025-12-04
SYN-2026-01,SITE-105,SITE-105-072,SCR,VS,1,SYSBP,127
SYN-2026-01,SITE-105,SITE-105-072,SCR,VS,1,DIABP,85
SYN-2026-01,SITE-105,SITE-105-072,SCR,VS,1,PULSE,72
SYN-2026-01,SITE-105,SITE-105-072,SCR,VS,1,TEMP,36.8
SYN-2026-01,SITE-105,SITE-105-072,SCR,VS,1,WEIGHT,68.2
SYN-2026-01,SITE-105,SITE-105-072,SCR,MH,1,MHTERM,Hypertension
SYN-2026-01,SITE-105,SITE-105-072,SCR,MH,1,MHSTDAT,2021-10-03
SYN-2026-01,SITE-105,SITE-105-072,SCR,MH,1,MHONGO,N
SYN-2026-01,SITE-105,SITE-105-072,BASE,VS,1,VSDAT,2025-12-22
SYN-2026-01,SITE-105,SITE-105-072,BASE,VS,1,SYSBP,146
SYN-2026-01,SITE-105,SITE-105-072,BASE,VS,1,DIABP,74
SYN-2026-01,SITE-105,SITE-105-072,BASE,VS,1,PULSE,92
SYN-2026-01,SITE-105,SITE-105-072,BASE,VS,1,TEMP,36.4
SYN-2026-01,SITE-105,SITE-105-072,BASE,VS,1,WEIGHT,100.7
SYN-2026-01,SITE-105,SITE-105-072,BASE,EX,1,EXSTDAT,2025-12-22
SYN-2026-01,SITE-105,SITE-105-072,BASE,EX,1,EXDOSE,50
SYN-2026-01,SITE-105,SITE-105-072,BASE,EX,1,EXADJ,Y
SYN-2026-01,SITE-105,SITE-105-072,BASE,AE,1,AETERM,Insomnia
SYN-2026-01,SITE-105,SITE-105-072,BASE,AE,1,AESTDAT,2025-12-17
SYN-2026-01,SITE-105,SITE-105-072,BASE,AE,1,AEOUT,RECOVERED
SYN-2026-01,SITE-105,SITE-105-072,BASE,AE,1,AEENDAT,2025-12-27
SYN-2026-01,SITE-105,SITE-105-072,BASE,AE,1,AESEV,MODERATE
SYN-2026-01,SITE-105,SITE-105-072,BASE,AE,1,AESER,N
SYN-2026-01,SITE-105,SITE-105-072,BASE,AE,1,AEREL,PROBABLE
SYN-2026-01,SITE-105,SITE-105-072,WK4,VS,1,VSDAT,2026-01-19
SYN-2026-01,SITE-105,SITE-105-072,WK4,VS,1,SYSBP,133
SYN-2026-01,SITE-105,SITE-105-072,WK4,VS,1,DIABP,87
SYN-2026-01,SITE-105,SITE-105-072,WK4,VS,1,PULSE,88
SYN-2026-01,SITE-105,SITE-105-072,WK4,VS,1,TEMP,36.8
SYN-2026-01,SITE-105,SITE-105-072,WK4,VS,1,WEIGHT,95.2
SYN-2026-01,SITE-105,SITE-105-072,WK4,EX,1,EXSTDAT,2026-01-19
SYN-2026-01,SITE-105,SITE-105-072,WK4,EX,1,EXDOSE,100
SYN-2026-01,SITE-105,SITE-105-072,WK4,EX,1,EXADJ,Y
SYN-2026-01,SITE-105,SITE-105-072,WK4,CM,1,CMTRT,Atorvastatin
SYN-2026-01,SITE-105,SITE-105-072,WK4,CM,1,CMSTDAT,2025-12-24
SYN-2026-01,SITE-105,SITE-105-072,WK4,CM,2,CMTRT,tylenol
SYN-2026-01,SITE-105,SITE-105-072,WK4,CM,2,CMSTDAT,2025-11-22
SYN-2026-01,SITE-105,SITE-105-072,WK4,CM,3,CMTRT,Omeprazole
SYN-2026-01,SITE-105,SITE-105-072,WK4,CM,3,CMINDC,Hypertension
SYN-2026-01,SITE-105,SITE-105-072,WK4,CM,3,CMSTDAT,2026-01-06
SYN-2026-01,SITE-105,SITE-105-072,WK12,VS,1,VSDAT,2026-03-13
SYN-2026-01,SITE-105,SITE-105-072,WK12,VS,1,SYSBP,127
SYN-2026-01,SITE-105,SITE-105-072,WK12,VS,1,DIABP,85
SYN-2026-01,SITE-105,SITE-105-072,WK12,VS,1,PULSE,88
SYN-2026-01,SITE-105,SITE-105-072,WK12,VS,1,TEMP,36.6
SYN-2026-01,SITE-105,SITE-105-072,WK12,VS,1,WEIGHT,78.6
SYN-2026-01,SITE-105,SITE-105-072,WK12,EX,1,EXSTDAT,2026-03-13
SYN-2026-01,SITE-105,SITE-105-072,WK12,EX,1,EXDOSE,50
SYN-2026-01,SITE-105,SITE-105-072,WK12,EX,1,EXADJ,N
SYN-2026-01,SITE-105,SITE-105-072,WK12,AE,1,AETERM,Headache
SYN-2026-01,SITE-105,SITE-105-072,WK12,AE,1,AESTDAT,2026-03-11
SYN-2026-01,SITE-105,SITE-105-072,WK12,AE,1,AEOUT,NOT RECOVERED
SYN-2026-01,SITE-105,SITE-105-072,WK12,AE,1,AESEV,MILD
SYN-2026-01,SITE-105,SITE-105-072,WK12,AE,1,AESER,N
SYN-2026-01,SITE-105,SITE-105-072,WK12,AE,1,AEREL,UNLIKELY
SYN-2026-01,SITE-105,SITE-105-072,WK12,AE,2,AETERM,head ache
SYN-2026-01,SITE-105,SITE-105-072,WK12,AE,2,AESTDAT,2026-03-04
SYN-2026-01,SITE-105,SITE-105-072,WK12,AE,2,AEOUT,RECOVERED
SYN-2026-01,SITE-105,SITE-105-072,WK12,AE,2,AEENDAT,2026-03-20
SYN-2026-01,SITE-105,SITE-105-072,WK12,AE,2,AESEV,MODERATE
SYN-2026-01,SITE-105,SITE-105-072,WK12,AE,2,AESER,N
SYN-2026-01,SITE-105,SITE-105-072,WK12,AE,2,AEREL,PROBABLE
SYN-2026-01,SITE-105,SITE-105-072,WK12,AE,3,AETERM,Abdominal pain
SYN-2026-01,SITE-105,SITE-105-072,WK12,AE,3,AESTDAT,2026-02-28
SYN-2026-01,SITE-105,SITE-105-072,WK12,AE,3,AEOUT,RECOVERED
SYN-2026-01,SITE-105,SITE-105-072,WK12,AE,3,AEENDAT,2026-03-14
SYN-2026-01,SITE-105,SITE-105-072,WK12,AE,3,AESEV,MODERATE
SYN-2026-01,SITE-105,SITE-105-072,WK12,AE,3,AESER,N
SYN-2026-01,SITE-105,SITE-105-072,WK12,AE,3,AEREL,PROBABLE
SYN-2026-01,SITE-105,SITE-105-072,WK12,CM,1,CMTRT,Atorvastatin
SYN-2026-01,SITE-105,SITE-105-072,WK12,CM,1,CMINDC,Hypertension
SYN-2026-01,SITE-105,SITE-105-072,WK12,CM,1,CMSTDAT,2026-02-25
SYN-2026-01,SITE-105,SITE-105-072,EOS,VS,1,VSDAT,2026-05-31
SYN-2026-01,SITE-105,SITE-105-072,EOS,VS,1,SYSBP,119
SYN-2026-01,SITE-105,SITE-105-072,EOS,VS,1,DIABP,82
SYN-2026-01,SITE-105,SITE-105-072,EOS,VS,1,PULSE,69
SYN-2026-01,SITE-105,SITE-105-072,EOS,VS,1,TEMP,36.7
SYN-2026-01,SITE-105,SITE-105-072,EOS,VS,1,WEIGHT,79.0
SYN-2026-01,SITE-105,SITE-105-072,EOS,AE,1,AETERM,not himself
SYN-2026-01,SITE-105,SITE-105-072,EOS,AE,1,AESTDAT,2026-05-31
SYN-2026-01,SITE-105,SITE-105-072,EOS,AE,1,AEOUT,RECOVERED
SYN-2026-01,SITE-105,SITE-105-072,EOS,AE,1,AEENDAT,2026-06-12
SYN-2026-01,SITE-105,SITE-105-072,EOS,AE,1,AESEV,MILD
SYN-2026-01,SITE-105,SITE-105-072,EOS,AE,1,AESER,N
SYN-2026-01,SITE-105,SITE-105-072,EOS,AE,1,AEREL,NOT RELATED
SYN-2026-01,SITE-105,SITE-105-072,EOS,CM,1,CMTRT,Metformin
SYN-2026-01,SITE-105,SITE-105-072,EOS,CM,1,CMINDC,Prophylaxis
SYN-2026-01,SITE-105,SITE-105-072,EOS,CM,1,CMSTDAT,2026-05-27
SYN-2026-01,SITE-105,SITE-105-072,EOS,DS,1,DSCOMP,Y
SYN-2026-01,SITE-105,SITE-105-072,EOS,DS,1,DSSTDAT,2026-05-31
SYN-2026-01,SITE-104,SITE-104-073,SCR,DM,1,BRTHDAT,2000-11-22
SYN-2026-01,SITE-104,SITE-104-073,SCR,DM,1,SEX,F
SYN-2026-01,SITE-104,SITE-104-073,SCR,DM,1,RFICDAT,2025-11-16
SYN-2026-01,SITE-104,SITE-104-073,SCR,DM,1,ARM,A
SYN-2026-01,SITE-104,SITE-104-073,SCR,IE,1,IEYN,Y
SYN-2026-01,SITE-104,SITE-104-073,SCR,IE,1,AGEELIG,Y
SYN-2026-01,SITE-104,SITE-104-073,SCR,VS,1,VSDAT,2025-11-23
SYN-2026-01,SITE-104,SITE-104-073,SCR,VS,1,SYSBP,116
SYN-2026-01,SITE-104,SITE-104-073,SCR,VS,1,DIABP,88
SYN-2026-01,SITE-104,SITE-104-073,SCR,VS,1,PULSE,53
SYN-2026-01,SITE-104,SITE-104-073,SCR,VS,1,TEMP,37.5
SYN-2026-01,SITE-104,SITE-104-073,SCR,VS,1,WEIGHT,78.0
SYN-2026-01,SITE-104,SITE-104-073,BASE,VS,1,VSDAT,2025-12-04
SYN-2026-01,SITE-104,SITE-104-073,BASE,VS,1,SYSBP,121
SYN-2026-01,SITE-104,SITE-104-073,BASE,VS,1,DIABP,90
SYN-2026-01,SITE-104,SITE-104-073,BASE,VS,1,PULSE,71
SYN-2026-01,SITE-104,SITE-104-073,BASE,VS,1,TEMP,37.1
SYN-2026-01,SITE-104,SITE-104-073,BASE,VS,1,WEIGHT,91.8
SYN-2026-01,SITE-104,SITE-104-073,BASE,EX,1,EXSTDAT,2025-12-04
SYN-2026-01,SITE-104,SITE-104-073,BASE,EX,1,EXDOSE,100
SYN-2026-01,SITE-104,SITE-104-073,BASE,EX,1,EXADJ,Y
SYN-2026-01,SITE-104,SITE-104-073,WK4,VS,1,VSDAT,2025-12-31
SYN-2026-01,SITE-104,SITE-104-073,WK4,VS,1,SYSBP,99
SYN-2026-01,SITE-104,SITE-104-073,WK4,VS,1,DIABP,72
SYN-2026-01,SITE-104,SITE-104-073,WK4,VS,1,PULSE,63
SYN-2026-01,SITE-104,SITE-104-073,WK4,VS,1,TEMP,36.6
SYN-2026-01,SITE-104,SITE-104-073,WK4,VS,1,WEIGHT,60.0
SYN-2026-01,SITE-104,SITE-104-073,WK4,EX,1,EXSTDAT,2025-12-31
SYN-2026-01,SITE-104,SITE-104-073,WK4,EX,1,EXDOSE,100
SYN-2026-01,SITE-104,SITE-104-073,WK4,EX,1,EXADJ,N
SYN-2026-01,SITE-104,SITE-104-073,WK4,AE,1,AETERM,Diarrhoea
SYN-2026-01,SITE-104,SITE-104-073,WK4,AE,1,AESTDAT,2025-12-27
SYN-2026-01,SITE-104,SITE-104-073,WK4,AE,1,AEOUT,RECOVERED
SYN-2026-01,SITE-104,SITE-104-073,WK4,AE,1,AEENDAT,2026-01-04
SYN-2026-01,SITE-104,SITE-104-073,WK4,AE,1,AESEV,MILD
SYN-2026-01,SITE-104,SITE-104-073,WK4,AE,1,AESER,N
SYN-2026-01,SITE-104,SITE-104-073,WK4,AE,1,AEREL,POSSIBLE
SYN-2026-01,SITE-104,SITE-104-073,WK4,AE,2,AETERM,Fatigue
SYN-2026-01,SITE-104,SITE-104-073,WK4,AE,2,AESTDAT,2025-12-15
SYN-2026-01,SITE-104,SITE-104-073,WK4,AE,2,AEOUT,NOT RECOVERED
SYN-2026-01,SITE-104,SITE-104-073,WK4,AE,2,AESEV,MILD
SYN-2026-01,SITE-104,SITE-104-073,WK4,AE,2,AESER,N
SYN-2026-01,SITE-104,SITE-104-073,WK4,AE,2,AEREL,RELATED
SYN-2026-01,SITE-104,SITE-104-073,WK4,AE,3,AETERM,Nausea
SYN-2026-01,SITE-104,SITE-104-073,WK4,AE,3,AESTDAT,2025-12-14
SYN-2026-01,SITE-104,SITE-104-073,WK4,AE,3,AEOUT,RECOVERED
SYN-2026-01,SITE-104,SITE-104-073,WK4,AE,3,AEENDAT,2025-12-25
SYN-2026-01,SITE-104,SITE-104-073,WK4,AE,3,AESEV,MODERATE
SYN-2026-01,SITE-104,SITE-104-073,WK4,AE,3,AESER,N
SYN-2026-01,SITE-104,SITE-104-073,WK4,AE,3,AEREL,UNLIKELY
SYN-2026-01,SITE-104,SITE-104-073,WK4,CM,1,CMTRT,Paracetamol
SYN-2026-01,SITE-104,SITE-104-073,WK4,CM,1,CMINDC,Hypertension
SYN-2026-01,SITE-104,SITE-104-073,WK4,CM,1,CMSTDAT,2025-11-16
SYN-2026-01,SITE-104,SITE-104-073,WK12,VS,1,VSDAT,2026-03-02
SYN-2026-01,SITE-104,SITE-104-073,WK12,VS,1,SYSBP,138
SYN-2026-01,SITE-104,SITE-104-073,WK12,VS,1,DIABP,89
SYN-2026-01,SITE-104,SITE-104-073,WK12,VS,1,PULSE,75
SYN-2026-01,SITE-104,SITE-104-073,WK12,VS,1,TEMP,37.0
SYN-2026-01,SITE-104,SITE-104-073,WK12,VS,1,WEIGHT,65.7
SYN-2026-01,SITE-104,SITE-104-073,WK12,EX,1,EXSTDAT,2026-03-02
SYN-2026-01,SITE-104,SITE-104-073,WK12,EX,1,EXDOSE,50
SYN-2026-01,SITE-104,SITE-104-073,WK12,EX,1,EXADJ,N
SYN-2026-01,SITE-104,SITE-104-073,WK12,AE,1,AETERM,Arthralgia
SYN-2026-01,SITE-104,SITE-104-073,WK12,AE,1,AESTDAT,2026-02-16
SYN-2026-01,SITE-104,SITE-104-073,WK12,AE,1,AEOUT,UNKNOWN
SYN-2026-01,SITE-104,SITE-104-073,WK12,AE,1,AESEV,MILD
SYN-2026-01,SITE-104,SITE-104-073,WK12,AE,1,AESER,N
SYN-2026-01,SITE-104,SITE-104-073,WK12,AE,1,AEREL,PROBABLE
SYN-2026-01,SITE-104,SITE-104-073,WK12,AE,2,AETERM,Insomnia
SYN-2026-01,SITE-104,SITE-104-073,WK12,AE,2,AESTDAT,2026-02-25
SYN-2026-01,SITE-104,SITE-104-073,WK12,AE,2,AEOUT,RECOVERED
SYN-2026-01,SITE-104,SITE-104-073,WK12,AE,2,AEENDAT,2026-03-01
SYN-2026-01,SITE-104,SITE-104-073,WK12,AE,2,AESEV,MILD
SYN-2026-01,SITE-104,SITE-104-073,WK12,AE,2,AESER,N
SYN-2026-01,SITE-104,SITE-104-073,WK12,AE,2,AEREL,RELATED
SYN-2026-01,SITE-104,SITE-104-073,WK12,CM,1,CMTRT,Amoxicillin
SYN-2026-01,SITE-104,SITE-104-073,WK12,CM,1,CMSTDAT,2026-02-20
SYN-2026-01,SITE-104,SITE-104-073,WK12,CM,2,CMTRT,Ibuprofen
SYN-2026-01,SITE-104,SITE-104-073,WK12,CM,2,CMINDC,Prophylaxis
SYN-2026-01,SITE-104,SITE-104-073,WK12,CM,2,CMSTDAT,2026-01-01
SYN-2026-01,SITE-104,SITE-104-073,WK12,CM,3,CMTRT,advil
SYN-2026-01,SITE-104,SITE-104-073,WK12,CM,3,CMINDC,Pain
SYN-2026-01,SITE-104,SITE-104-073,WK12,CM,3,CMSTDAT,2026-02-19
SYN-2026-01,SITE-104,SITE-104-073,EOS,VS,1,VSDAT,2026-05-22
SYN-2026-01,SITE-104,SITE-104-073,EOS,VS,1,SYSBP,141
SYN-2026-01,SITE-104,SITE-104-073,EOS,VS,1,DIABP,80
SYN-2026-01,SITE-104,SITE-104-073,EOS,VS,1,PULSE,85
SYN-2026-01,SITE-104,SITE-104-073,EOS,VS,1,TEMP,36.6
SYN-2026-01,SITE-104,SITE-104-073,EOS,VS,1,WEIGHT,80.8
SYN-2026-01,SITE-104,SITE-104-073,EOS,DS,1,DSCOMP,Y
SYN-2026-01,SITE-104,SITE-104-073,EOS,DS,1,DSSTDAT,2026-05-22
SYN-2026-01,SITE-104,SITE-104-074,SCR,DM,1,BRTHDAT,1978-09-28
SYN-2026-01,SITE-104,SITE-104-074,SCR,DM,1,SEX,F
SYN-2026-01,SITE-104,SITE-104-074,SCR,DM,1,RFICDAT,2025-09-16
SYN-2026-01,SITE-104,SITE-104-074,SCR,DM,1,ARM,A
SYN-2026-01,SITE-104,SITE-104-074,SCR,IE,1,IEYN,Y
SYN-2026-01,SITE-104,SITE-104-074,SCR,IE,1,AGEELIG,Y
SYN-2026-01,SITE-104,SITE-104-074,SCR,VS,1,VSDAT,2025-09-15
SYN-2026-01,SITE-104,SITE-104-074,SCR,VS,1,SYSBP,146
SYN-2026-01,SITE-104,SITE-104-074,SCR,VS,1,DIABP,85
SYN-2026-01,SITE-104,SITE-104-074,SCR,VS,1,PULSE,99
SYN-2026-01,SITE-104,SITE-104-074,SCR,VS,1,TEMP,36.5
SYN-2026-01,SITE-104,SITE-104-074,SCR,VS,1,WEIGHT,98.2
SYN-2026-01,SITE-104,SITE-104-074,BASE,VS,1,VSDAT,2025-10-01
SYN-2026-01,SITE-104,SITE-104-074,BASE,VS,1,SYSBP,123
SYN-2026-01,SITE-104,SITE-104-074,BASE,VS,1,DIABP,95
SYN-2026-01,SITE-104,SITE-104-074,BASE,VS,1,PULSE,59
SYN-2026-01,SITE-104,SITE-104-074,BASE,VS,1,TEMP,37.0
SYN-2026-01,SITE-104,SITE-104-074,BASE,VS,1,WEIGHT,72.6
SYN-2026-01,SITE-104,SITE-104-074,BASE,EX,1,EXSTDAT,2025-10-01
SYN-2026-01,SITE-104,SITE-104-074,BASE,EX,1,EXDOSE,100
SYN-2026-01,SITE-104,SITE-104-074,BASE,EX,1,EXADJ,N
SYN-2026-01,SITE-104,SITE-104-074,WK4,VS,1,VSDAT,2025-10-30
SYN-2026-01,SITE-104,SITE-104-074,WK4,VS,1,SYSBP,115
SYN-2026-01,SITE-104,SITE-104-074,WK4,VS,1,DIABP,92
SYN-2026-01,SITE-104,SITE-104-074,WK4,VS,1,PULSE,86
SYN-2026-01,SITE-104,SITE-104-074,WK4,VS,1,TEMP,36.4
SYN-2026-01,SITE-104,SITE-104-074,WK4,VS,1,WEIGHT,100.3
SYN-2026-01,SITE-104,SITE-104-074,WK4,EX,1,EXSTDAT,2025-10-30
SYN-2026-01,SITE-104,SITE-104-074,WK4,EX,1,EXDOSE,50
SYN-2026-01,SITE-104,SITE-104-074,WK4,EX,1,EXADJ,Y
SYN-2026-01,SITE-104,SITE-104-074,WK4,AE,1,AETERM,Fatigue
SYN-2026-01,SITE-104,SITE-104-074,WK4,AE,1,AESTDAT,2025-10-26
SYN-2026-01,SITE-104,SITE-104-074,WK4,AE,1,AEOUT,RECOVERED
SYN-2026-01,SITE-104,SITE-104-074,WK4,AE,1,AEENDAT,2025-10-21
SYN-2026-01,SITE-104,SITE-104-074,WK4,AE,1,AESEV,MODERATE
SYN-2026-01,SITE-104,SITE-104-074,WK4,AE,1,AESER,N
SYN-2026-01,SITE-104,SITE-104-074,WK4,AE,1,AEREL,NOT RELATED
SYN-2026-01,SITE-104,SITE-104-074,WK4,AE,2,AETERM,feeling sick to stomach
SYN-2026-01,SITE-104,SITE-104-074,WK4,AE,2,AESTDAT,2025-10-19
SYN-2026-01,SITE-104,SITE-104-074,WK4,AE,2,AEOUT,RECOVERED
SYN-2026-01,SITE-104,SITE-104-074,WK4,AE,2,AESEV,MILD
SYN-2026-01,SITE-104,SITE-104-074,WK4,AE,2,AESER,N
SYN-2026-01,SITE-104,SITE-104-074,WK4,AE,2,AEREL,POSSIBLE
SYN-2026-01,SITE-104,SITE-104-074,WK4,CM,1,CMTRT,Amoxicillin
SYN-2026-01,SITE-104,SITE-104-074,WK4,CM,1,CMINDC,Pain
SYN-2026-01,SITE-104,SITE-104-074,WK4,CM,1,CMSTDAT,2025-10-12
SYN-2026-01,SITE-104,SITE-104-074,WK12,VS,1,VSDAT,2025-12-23
SYN-2026-01,SITE-104,SITE-104-074,WK12,VS,1,SYSBP,142
SYN-2026-01,SITE-104,SITE-104-074,WK12,VS,1,DIABP,79
SYN-2026-01,SITE-104,SITE-104-074,WK12,VS,1,PULSE,76
SYN-2026-01,SITE-104,SITE-104-074,WK12,VS,1,TEMP,37.2
SYN-2026-01,SITE-104,SITE-104-074,WK12,VS,1,WEIGHT,45.0
SYN-2026-01,SITE-104,SITE-104-074,WK12,EX,1,EXSTDAT,2025-12-23
SYN-2026-01,SITE-104,SITE-104-074,WK12,EX,1,EXDOSE,50
SYN-2026-01,SITE-104,SITE-104-074,WK12,EX,1,EXADJ,N
SYN-2026-01,SITE-104,SITE-104-074,WK12,AE,1,AETERM,BP high
SYN-2026-01,SITE-104,SITE-104-074,WK12,AE,1,AESTDAT,2025-12-16
SYN-2026-01,SITE-104,SITE-104-074,WK12,AE,1,AEOUT,RECOVERED
SYN-2026-01,SITE-104,SITE-104-074,WK12,AE,1,AEENDAT,2025-12-18
SYN-2026-01,SITE-104,SITE-104-074,WK12,AE,1,AESEV,SEVERE
SYN-2026-01,SITE-104,SITE-104-074,WK12,AE,1,AESER,N
SYN-2026-01,SITE-104,SITE-104-074,WK12,AE,1,AEREL,UNLIKELY
SYN-2026-01,SITE-104,SITE-104-074,EOS,VS,1,VSDAT,2026-03-10
SYN-2026-01,SITE-104,SITE-104-074,EOS,VS,1,SYSBP,144
SYN-2026-01,SITE-104,SITE-104-074,EOS,VS,1,DIABP,71
SYN-2026-01,SITE-104,SITE-104-074,EOS,VS,1,PULSE,79
SYN-2026-01,SITE-104,SITE-104-074,EOS,VS,1,TEMP,37.1
SYN-2026-01,SITE-104,SITE-104-074,EOS,VS,1,WEIGHT,63.7
SYN-2026-01,SITE-104,SITE-104-074,EOS,AE,1,AETERM,Nausea
SYN-2026-01,SITE-104,SITE-104-074,EOS,AE,1,AESTDAT,2026-02-26
SYN-2026-01,SITE-104,SITE-104-074,EOS,AE,1,AEOUT,RECOVERED
SYN-2026-01,SITE-104,SITE-104-074,EOS,AE,1,AEENDAT,2026-03-19
SYN-2026-01,SITE-104,SITE-104-074,EOS,AE,1,AESEV,MODERATE
SYN-2026-01,SITE-104,SITE-104-074,EOS,AE,1,AESER,N
SYN-2026-01,SITE-104,SITE-104-074,EOS,AE,1,AEREL,PROBABLE
SYN-2026-01,SITE-104,SITE-104-074,EOS,DS,1,DSCOMP,Y
SYN-2026-01,SITE-104,SITE-104-074,EOS,DS,1,DSSTDAT,2026-03-10
SYN-2026-01,SITE-101,SITE-101-075,SCR,DM,1,BRTHDAT,1967-10-22
SYN-2026-01,SITE-101,SITE-101-075,SCR,DM,1,SEX,F
SYN-2026-01,SITE-101,SITE-101-075,SCR,DM,1,RFICDAT,2025-10-07
SYN-2026-01,SITE-101,SITE-101-075,SCR,DM,1,ARM,A
SYN-2026-01,SITE-101,SITE-101-075,SCR,IE,1,IEYN,Y
SYN-2026-01,SITE-101,SITE-101-075,SCR,IE,1,AGEELIG,Y
SYN-2026-01,SITE-101,SITE-101-075,SCR,VS,1,VSDAT,2025-10-04
SYN-2026-01,SITE-101,SITE-101-075,SCR,VS,1,SYSBP,118
SYN-2026-01,SITE-101,SITE-101-075,SCR,VS,1,DIABP,92
SYN-2026-01,SITE-101,SITE-101-075,SCR,VS,1,PULSE,69
SYN-2026-01,SITE-101,SITE-101-075,SCR,VS,1,TEMP,36.6
SYN-2026-01,SITE-101,SITE-101-075,SCR,VS,1,WEIGHT,94.9
SYN-2026-01,SITE-101,SITE-101-075,BASE,VS,1,VSDAT,2025-10-20
SYN-2026-01,SITE-101,SITE-101-075,BASE,VS,1,SYSBP,109
SYN-2026-01,SITE-101,SITE-101-075,BASE,VS,1,DIABP,78
SYN-2026-01,SITE-101,SITE-101-075,BASE,VS,1,PULSE,78
SYN-2026-01,SITE-101,SITE-101-075,BASE,VS,1,WEIGHT,79.2
SYN-2026-01,SITE-101,SITE-101-075,BASE,EX,1,EXSTDAT,2025-10-20
SYN-2026-01,SITE-101,SITE-101-075,BASE,EX,1,EXDOSE,50
SYN-2026-01,SITE-101,SITE-101-075,BASE,EX,1,EXADJ,N
SYN-2026-01,SITE-101,SITE-101-075,WK4,VS,1,VSDAT,2025-11-18
SYN-2026-01,SITE-101,SITE-101-075,WK4,VS,1,SYSBP,139
SYN-2026-01,SITE-101,SITE-101-075,WK4,VS,1,DIABP,79
SYN-2026-01,SITE-101,SITE-101-075,WK4,VS,1,PULSE,66
SYN-2026-01,SITE-101,SITE-101-075,WK4,VS,1,TEMP,35.9
SYN-2026-01,SITE-101,SITE-101-075,WK4,VS,1,WEIGHT,42.0
SYN-2026-01,SITE-101,SITE-101-075,WK4,EX,1,EXSTDAT,2025-11-18
SYN-2026-01,SITE-101,SITE-101-075,WK4,EX,1,EXDOSE,25
SYN-2026-01,SITE-101,SITE-101-075,WK4,EX,1,EXADJ,N
SYN-2026-01,SITE-101,SITE-101-075,WK4,CM,1,CMTRT,Paracetamol
SYN-2026-01,SITE-101,SITE-101-075,WK4,CM,1,CMINDC,Hypertension
SYN-2026-01,SITE-101,SITE-101-075,WK4,CM,1,CMSTDAT,2025-10-22
SYN-2026-01,SITE-101,SITE-101-075,WK12,VS,1,VSDAT,2026-01-08
SYN-2026-01,SITE-101,SITE-101-075,WK12,VS,1,SYSBP,124
SYN-2026-01,SITE-101,SITE-101-075,WK12,VS,1,DIABP,84
SYN-2026-01,SITE-101,SITE-101-075,WK12,VS,1,PULSE,54
SYN-2026-01,SITE-101,SITE-101-075,WK12,VS,1,TEMP,36.2
SYN-2026-01,SITE-101,SITE-101-075,WK12,VS,1,WEIGHT,102.9
SYN-2026-01,SITE-101,SITE-101-075,WK12,EX,1,EXSTDAT,2026-01-08
SYN-2026-01,SITE-101,SITE-101-075,WK12,EX,1,EXDOSE,100
SYN-2026-01,SITE-101,SITE-101-075,WK12,EX,1,EXADJ,N
SYN-2026-01,SITE-101,SITE-101-075,EOS,VS,1,VSDAT,2026-04-11
SYN-2026-01,SITE-101,SITE-101-075,EOS,VS,1,SYSBP,96
SYN-2026-01,SITE-101,SITE-101-075,EOS,VS,1,DIABP,81
SYN-2026-01,SITE-101,SITE-101-075,EOS,VS,1,PULSE,75
SYN-2026-01,SITE-101,SITE-101-075,EOS,VS,1,TEMP,37.1
SYN-2026-01,SITE-101,SITE-101-075,EOS,VS,1,WEIGHT,42.0
SYN-2026-01,SITE-101,SITE-101-075,EOS,DS,1,DSCOMP,Y
SYN-2026-01,SITE-101,SITE-101-075,EOS,DS,1,DSSTDAT,2026-04-11
SYN-2026-01,SITE-104,SITE-104-076,SCR,DM,1,BRTHDAT,1967-04-07
SYN-2026-01,SITE-104,SITE-104-076,SCR,DM,1,SEX,M
SYN-2026-01,SITE-104,SITE-104-076,SCR,DM,1,RFICDAT,2026-03-23
SYN-2026-01,SITE-104,SITE-104-076,SCR,DM,1,ARM,B
SYN-2026-01,SITE-104,SITE-104-076,SCR,IE,1,IEYN,Y
SYN-2026-01,SITE-104,SITE-104-076,SCR,IE,1,AGEELIG,Y
SYN-2026-01,SITE-104,SITE-104-076,SCR,VS,1,VSDAT,2026-03-27
SYN-2026-01,SITE-104,SITE-104-076,SCR,VS,1,SYSBP,140
SYN-2026-01,SITE-104,SITE-104-076,SCR,VS,1,DIABP,80
SYN-2026-01,SITE-104,SITE-104-076,SCR,VS,1,PULSE,48
SYN-2026-01,SITE-104,SITE-104-076,SCR,VS,1,WEIGHT,81.8
SYN-2026-01,SITE-104,SITE-104-076,BASE,VS,1,VSDAT,2026-04-04
SYN-2026-01,SITE-104,SITE-104-076,BASE,VS,1,SYSBP,121
SYN-2026-01,SITE-104,SITE-104-076,BASE,VS,1,DIABP,79
SYN-2026-01,SITE-104,SITE-104-076,BASE,VS,1,PULSE,70
SYN-2026-01,SITE-104,SITE-104-076,BASE,VS,1,TEMP,37.6
SYN-2026-01,SITE-104,SITE-104-076,BASE,VS,1,WEIGHT,85.8
SYN-2026-01,SITE-104,SITE-104-076,BASE,EX,1,EXSTDAT,2026-04-04
SYN-2026-01,SITE-104,SITE-104-076,BASE,EX,1,EXDOSE,100
SYN-2026-01,SITE-104,SITE-104-076,BASE,EX,1,EXADJ,Y
SYN-2026-01,SITE-104,SITE-104-076,BASE,AE,1,AETERM,Pruritus
SYN-2026-01,SITE-104,SITE-104-076,BASE,AE,1,AESTDAT,2026-03-23
SYN-2026-01,SITE-104,SITE-104-076,BASE,AE,1,AEOUT,NOT RECOVERED
SYN-2026-01,SITE-104,SITE-104-076,BASE,AE,1,AESEV,MILD
SYN-2026-01,SITE-104,SITE-104-076,BASE,AE,1,AESER,Y
SYN-2026-01,SITE-104,SITE-104-076,BASE,AE,1,AEREL,NOT RELATED
SYN-2026-01,SITE-104,SITE-104-076,BASE,AE,1,AEACN,DOSE REDUCED
SYN-2026-01,SITE-104,SITE-104-076,BASE,DS,1,DSCOMP,N
SYN-2026-01,SITE-104,SITE-104-076,BASE,DS,1,DSSTDAT,2026-04-04
SYN-2026-01,SITE-105,SITE-105-077,SCR,DM,1,BRTHDAT,1979-03-28
SYN-2026-01,SITE-105,SITE-105-077,SCR,DM,1,SEX,F
SYN-2026-01,SITE-105,SITE-105-077,SCR,DM,1,RFICDAT,2026-03-16
SYN-2026-01,SITE-105,SITE-105-077,SCR,DM,1,ARM,B
SYN-2026-01,SITE-105,SITE-105-077,SCR,IE,1,IEYN,Y
SYN-2026-01,SITE-105,SITE-105-077,SCR,IE,1,AGEELIG,Y
SYN-2026-01,SITE-105,SITE-105-077,SCR,VS,1,VSDAT,2026-03-12
SYN-2026-01,SITE-105,SITE-105-077,SCR,VS,1,SYSBP,118
SYN-2026-01,SITE-105,SITE-105-077,SCR,VS,1,DIABP,83
SYN-2026-01,SITE-105,SITE-105-077,SCR,VS,1,PULSE,75
SYN-2026-01,SITE-105,SITE-105-077,SCR,VS,1,TEMP,36.7
SYN-2026-01,SITE-105,SITE-105-077,SCR,VS,1,WEIGHT,70.3
SYN-2026-01,SITE-105,SITE-105-077,BASE,VS,1,VSDAT,2026-03-29
SYN-2026-01,SITE-105,SITE-105-077,BASE,VS,1,SYSBP,135
SYN-2026-01,SITE-105,SITE-105-077,BASE,VS,1,DIABP,69
SYN-2026-01,SITE-105,SITE-105-077,BASE,VS,1,PULSE,52
SYN-2026-01,SITE-105,SITE-105-077,BASE,VS,1,TEMP,36.3
SYN-2026-01,SITE-105,SITE-105-077,BASE,VS,1,WEIGHT,84.7
SYN-2026-01,SITE-105,SITE-105-077,BASE,EX,1,EXSTDAT,2026-03-29
SYN-2026-01,SITE-105,SITE-105-077,BASE,EX,1,EXDOSE,100
SYN-2026-01,SITE-105,SITE-105-077,BASE,EX,1,EXADJ,N
SYN-2026-01,SITE-105,SITE-105-077,WK4,VS,1,VSDAT,2026-04-28
SYN-2026-01,SITE-105,SITE-105-077,WK4,VS,1,SYSBP,133
SYN-2026-01,SITE-105,SITE-105-077,WK4,VS,1,DIABP,84
SYN-2026-01,SITE-105,SITE-105-077,WK4,VS,1,PULSE,79
SYN-2026-01,SITE-105,SITE-105-077,WK4,VS,1,WEIGHT,108.0
SYN-2026-01,SITE-105,SITE-105-077,WK4,EX,1,EXSTDAT,2026-04-28
SYN-2026-01,SITE-105,SITE-105-077,WK4,EX,1,EXDOSE,50
SYN-2026-01,SITE-105,SITE-105-077,WK4,EX,1,EXADJ,N
SYN-2026-01,SITE-105,SITE-105-077,WK4,CM,1,CMTRT,Amoxicillin
SYN-2026-01,SITE-105,SITE-105-077,WK4,CM,1,CMINDC,Hypertension
SYN-2026-01,SITE-105,SITE-105-077,WK4,CM,1,CMSTDAT,2026-04-24
SYN-2026-01,SITE-105,SITE-105-077,WK4,CM,2,CMTRT,Atorvastatin
SYN-2026-01,SITE-105,SITE-105-077,WK4,CM,2,CMINDC,Prophylaxis
SYN-2026-01,SITE-105,SITE-105-077,WK4,CM,2,CMSTDAT,2026-03-24
SYN-2026-01,SITE-105,SITE-105-077,WK12,VS,1,VSDAT,2026-06-15
SYN-2026-01,SITE-105,SITE-105-077,WK12,VS,1,SYSBP,141
SYN-2026-01,SITE-105,SITE-105-077,WK12,VS,1,DIABP,84
SYN-2026-01,SITE-105,SITE-105-077,WK12,VS,1,PULSE,79
SYN-2026-01,SITE-105,SITE-105-077,WK12,VS,1,TEMP,36.6
SYN-2026-01,SITE-105,SITE-105-077,WK12,VS,1,WEIGHT,98.8
SYN-2026-01,SITE-105,SITE-105-077,WK12,EX,1,EXSTDAT,2026-06-15
SYN-2026-01,SITE-105,SITE-105-077,WK12,EX,1,EXDOSE,50
SYN-2026-01,SITE-105,SITE-105-077,WK12,EX,1,EXADJ,N
SYN-2026-01,SITE-105,SITE-105-077,WK12,CM,1,CMTRT,Atorvastatin
SYN-2026-01,SITE-105,SITE-105-077,WK12,CM,1,CMINDC,Pain
SYN-2026-01,SITE-105,SITE-105-077,WK12,CM,1,CMSTDAT,2026-05-08
SYN-2026-01,SITE-105,SITE-105-077,EOS,VS,1,VSDAT,2026-09-08
SYN-2026-01,SITE-105,SITE-105-077,EOS,VS,1,SYSBP,122
SYN-2026-01,SITE-105,SITE-105-077,EOS,VS,1,DIABP,87
SYN-2026-01,SITE-105,SITE-105-077,EOS,VS,1,PULSE,66
SYN-2026-01,SITE-105,SITE-105-077,EOS,VS,1,WEIGHT,70.7
SYN-2026-01,SITE-105,SITE-105-077,EOS,CM,1,CMTRT,advil
SYN-2026-01,SITE-105,SITE-105-077,EOS,CM,1,CMINDC,Hypertension
SYN-2026-01,SITE-105,SITE-105-077,EOS,CM,1,CMSTDAT,2026-07-27
SYN-2026-01,SITE-105,SITE-105-077,EOS,DS,1,DSCOMP,Y
SYN-2026-01,SITE-105,SITE-105-077,EOS,DS,1,DSSTDAT,2026-09-08
SYN-2026-01,SITE-101,SITE-101-078,SCR,DM,1,BRTHDAT,1951-10-29
SYN-2026-01,SITE-101,SITE-101-078,SCR,DM,1,SEX,M
SYN-2026-01,SITE-101,SITE-101-078,SCR,DM,1,RFICDAT,2025-10-10
SYN-2026-01,SITE-101,SITE-101-078,SCR,DM,1,ARM,A
SYN-2026-01,SITE-101,SITE-101-078,SCR,IE,1,IEYN,Y
SYN-2026-01,SITE-101,SITE-101-078,SCR,IE,1,AGEELIG,Y
SYN-2026-01,SITE-101,SITE-101-078,SCR,VS,1,VSDAT,2025-10-12
SYN-2026-01,SITE-101,SITE-101-078,SCR,VS,1,SYSBP,122
SYN-2026-01,SITE-101,SITE-101-078,SCR,VS,1,DIABP,76
SYN-2026-01,SITE-101,SITE-101-078,SCR,VS,1,PULSE,85
SYN-2026-01,SITE-101,SITE-101-078,SCR,VS,1,WEIGHT,89.0
SYN-2026-01,SITE-101,SITE-101-078,BASE,VS,1,VSDAT,2025-10-26
SYN-2026-01,SITE-101,SITE-101-078,BASE,VS,1,SYSBP,131
SYN-2026-01,SITE-101,SITE-101-078,BASE,VS,1,DIABP,90
SYN-2026-01,SITE-101,SITE-101-078,BASE,VS,1,PULSE,73
SYN-2026-01,SITE-101,SITE-101-078,BASE,VS,1,TEMP,37.7
SYN-2026-01,SITE-101,SITE-101-078,BASE,VS,1,WEIGHT,67.9
SYN-2026-01,SITE-101,SITE-101-078,BASE,EX,1,EXSTDAT,2025-10-26
SYN-2026-01,SITE-101,SITE-101-078,BASE,EX,1,EXDOSE,50
SYN-2026-01,SITE-101,SITE-101-078,BASE,EX,1,EXADJ,Y
SYN-2026-01,SITE-101,SITE-101-078,BASE,AE,1,AETERM,head ache
SYN-2026-01,SITE-101,SITE-101-078,BASE,AE,1,AESTDAT,2025-10-10
SYN-2026-01,SITE-101,SITE-101-078,BASE,AE,1,AEOUT,RECOVERED
SYN-2026-01,SITE-101,SITE-101-078,BASE,AE,1,AEENDAT,2025-10-17
SYN-2026-01,SITE-101,SITE-101-078,BASE,AE,1,AESEV,MILD
SYN-2026-01,SITE-101,SITE-101-078,BASE,AE,1,AESER,Y
SYN-2026-01,SITE-101,SITE-101-078,BASE,AE,1,AEREL,UNLIKELY
SYN-2026-01,SITE-101,SITE-101-078,BASE,AE,1,AEACN,DOSE NOT CHANGED
SYN-2026-01,SITE-101,SITE-101-078,WK4,VS,1,VSDAT,2025-11-25
SYN-2026-01,SITE-101,SITE-101-078,WK4,VS,1,SYSBP,140
SYN-2026-01,SITE-101,SITE-101-078,WK4,VS,1,DIABP,74
SYN-2026-01,SITE-101,SITE-101-078,WK4,VS,1,PULSE,67
SYN-2026-01,SITE-101,SITE-101-078,WK4,VS,1,TEMP,35.9
SYN-2026-01,SITE-101,SITE-101-078,WK4,VS,1,WEIGHT,84.3
SYN-2026-01,SITE-101,SITE-101-078,WK4,EX,1,EXSTDAT,2025-11-25
SYN-2026-01,SITE-101,SITE-101-078,WK4,EX,1,EXDOSE,50
SYN-2026-01,SITE-101,SITE-101-078,WK4,EX,1,EXADJ,N
SYN-2026-01,SITE-101,SITE-101-078,WK4,CM,1,CMTRT,Amoxicillin
SYN-2026-01,SITE-101,SITE-101-078,WK4,CM,1,CMINDC,Pain
SYN-2026-01,SITE-101,SITE-101-078,WK4,CM,1,CMSTDAT,2025-11-08
SYN-2026-01,SITE-101,SITE-101-078,WK12,VS,1,VSDAT,2026-01-14
SYN-2026-01,SITE-101,SITE-101-078,WK12,VS,1,SYSBP,103
SYN-2026-01,SITE-101,SITE-101-078,WK12,VS,1,DIABP,75
SYN-2026-01,SITE-101,SITE-101-078,WK12,VS,1,PULSE,72
SYN-2026-01,SITE-101,SITE-101-078,WK12,VS,1,WEIGHT,85.3
SYN-2026-01,SITE-101,SITE-101-078,WK12,EX,1,EXSTDAT,2026-01-14
SYN-2026-01,SITE-101,SITE-101-078,WK12,EX,1,EXDOSE,100
SYN-2026-01,SITE-101,SITE-101-078,WK12,EX,1,EXADJ,N
SYN-2026-01,SITE-101,SITE-101-078,EOS,VS,1,VSDAT,2026-04-10
SYN-2026-01,SITE-101,SITE-101-078,EOS,VS,1,SYSBP,113
SYN-2026-01,SITE-101,SITE-101-078,EOS,VS,1,DIABP,78
SYN-2026-01,SITE-101,SITE-101-078,EOS,VS,1,PULSE,89
SYN-2026-01,SITE-101,SITE-101-078,EOS,VS,1,TEMP,37.3
SYN-2026-01,SITE-101,SITE-101-078,EOS,VS,1,WEIGHT,65.5
SYN-2026-01,SITE-101,SITE-101-078,EOS,AE,1,AETERM,Insomnia
SYN-2026-01,SITE-101,SITE-101-078,EOS,AE,1,AESTDAT,2026-03-31
SYN-2026-01,SITE-101,SITE-101-078,EOS,AE,1,AEOUT,RECOVERING
SYN-2026-01,SITE-101,SITE-101-078,EOS,AE,1,AESEV,MODERATE
SYN-2026-01,SITE-101,SITE-101-078,EOS,AE,1,AESER,N
SYN-2026-01,SITE-101,SITE-101-078,EOS,AE,1,AEREL,UNLIKELY
SYN-2026-01,SITE-101,SITE-101-078,EOS,DS,1,DSCOMP,Y
SYN-2026-01,SITE-101,SITE-101-078,EOS,DS,1,DSSTDAT,2026-04-10
SYN-2026-01,SITE-104,SITE-104-079,SCR,DM,1,BRTHDAT,1965-09-22
SYN-2026-01,SITE-104,SITE-104-079,SCR,DM,1,SEX,M
SYN-2026-01,SITE-104,SITE-104-079,SCR,DM,1,RFICDAT,2025-09-07
SYN-2026-01,SITE-104,SITE-104-079,SCR,DM,1,ARM,A
SYN-2026-01,SITE-104,SITE-104-079,SCR,IE,1,IEYN,Y
SYN-2026-01,SITE-104,SITE-104-079,SCR,IE,1,AGEELIG,Y
SYN-2026-01,SITE-104,SITE-104-079,SCR,VS,1,VSDAT,2025-09-11
SYN-2026-01,SITE-104,SITE-104-079,SCR,VS,1,SYSBP,145
SYN-2026-01,SITE-104,SITE-104-079,SCR,VS,1,DIABP,75
SYN-2026-01,SITE-104,SITE-104-079,SCR,VS,1,PULSE,52
SYN-2026-01,SITE-104,SITE-104-079,SCR,VS,1,TEMP,36.7
SYN-2026-01,SITE-104,SITE-104-079,SCR,VS,1,WEIGHT,88.3
SYN-2026-01,SITE-104,SITE-104-079,BASE,VS,1,VSDAT,2025-09-19
SYN-2026-01,SITE-104,SITE-104-079,BASE,VS,1,SYSBP,129
SYN-2026-01,SITE-104,SITE-104-079,BASE,VS,1,DIABP,91
SYN-2026-01,SITE-104,SITE-104-079,BASE,VS,1,PULSE,64
SYN-2026-01,SITE-104,SITE-104-079,BASE,VS,1,TEMP,36.7
SYN-2026-01,SITE-104,SITE-104-079,BASE,VS,1,WEIGHT,50.8
SYN-2026-01,SITE-104,SITE-104-079,BASE,EX,1,EXSTDAT,2025-09-19
SYN-2026-01,SITE-104,SITE-104-079,BASE,EX,1,EXDOSE,100
SYN-2026-01,SITE-104,SITE-104-079,BASE,EX,1,EXADJ,N
SYN-2026-01,SITE-104,SITE-104-079,WK4,VS,1,VSDAT,2025-10-14
SYN-2026-01,SITE-104,SITE-104-079,WK4,VS,1,SYSBP,155
SYN-2026-01,SITE-104,SITE-104-079,WK4,VS,1,DIABP,84
SYN-2026-01,SITE-104,SITE-104-079,WK4,VS,1,PULSE,76
SYN-2026-01,SITE-104,SITE-104-079,WK4,VS,1,TEMP,36.6
SYN-2026-01,SITE-104,SITE-104-079,WK4,VS,1,WEIGHT,82.8
SYN-2026-01,SITE-104,SITE-104-079,WK4,EX,1,EXSTDAT,2025-10-14
SYN-2026-01,SITE-104,SITE-104-079,WK4,EX,1,EXDOSE,50
SYN-2026-01,SITE-104,SITE-104-079,WK4,EX,1,EXADJ,Y
SYN-2026-01,SITE-104,SITE-104-079,WK4,AE,1,AETERM,Rash
SYN-2026-01,SITE-104,SITE-104-079,WK4,AE,1,AESTDAT,2025-10-05
SYN-2026-01,SITE-104,SITE-104-079,WK4,AE,1,AEOUT,UNKNOWN
SYN-2026-01,SITE-104,SITE-104-079,WK4,AE,1,AESEV,MILD
SYN-2026-01,SITE-104,SITE-104-079,WK4,AE,1,AESER,N
SYN-2026-01,SITE-104,SITE-104-079,WK4,AE,1,AEREL,PROBABLE
SYN-2026-01,SITE-104,SITE-104-079,WK4,AE,2,AETERM,Fatigue
SYN-2026-01,SITE-104,SITE-104-079,WK4,AE,2,AESTDAT,2025-10-10
SYN-2026-01,SITE-104,SITE-104-079,WK4,AE,2,AEOUT,NOT RECOVERED
SYN-2026-01,SITE-104,SITE-104-079,WK4,AE,2,AESEV,SEVERE
SYN-2026-01,SITE-104,SITE-104-079,WK4,AE,2,AESER,N
SYN-2026-01,SITE-104,SITE-104-079,WK4,AE,2,AEREL,POSSIBLE
SYN-2026-01,SITE-104,SITE-104-079,WK4,AE,3,AETERM,Diarrhoea
SYN-2026-01,SITE-104,SITE-104-079,WK4,AE,3,AESTDAT,2025-09-28
SYN-2026-01,SITE-104,SITE-104-079,WK4,AE,3,AEOUT,RECOVERED
SYN-2026-01,SITE-104,SITE-104-079,WK4,AE,3,AEENDAT,2025-09-30
SYN-2026-01,SITE-104,SITE-104-079,WK4,AE,3,AESEV,MODERATE
SYN-2026-01,SITE-104,SITE-104-079,WK4,AE,3,AESER,N
SYN-2026-01,SITE-104,SITE-104-079,WK4,AE,3,AEREL,NOT RELATED
SYN-2026-01,SITE-104,SITE-104-079,WK4,CM,1,CMTRT,Atorvastatin
SYN-2026-01,SITE-104,SITE-104-079,WK4,CM,1,CMINDC,Prophylaxis
SYN-2026-01,SITE-104,SITE-104-079,WK4,CM,1,CMSTDAT,2025-09-05
SYN-2026-01,SITE-104,SITE-104-079,WK4,CM,2,CMTRT,Atorvastatin
SYN-2026-01,SITE-104,SITE-104-079,WK4,CM,2,CMSTDAT,2025-10-11
SYN-2026-01,SITE-104,SITE-104-079,WK12,VS,1,VSDAT,2025-12-12
SYN-2026-01,SITE-104,SITE-104-079,WK12,VS,1,SYSBP,128
SYN-2026-01,SITE-104,SITE-104-079,WK12,VS,1,DIABP,88
SYN-2026-01,SITE-104,SITE-104-079,WK12,VS,1,PULSE,54
SYN-2026-01,SITE-104,SITE-104-079,WK12,VS,1,WEIGHT,62.5
SYN-2026-01,SITE-104,SITE-104-079,WK12,EX,1,EXSTDAT,2025-12-12
SYN-2026-01,SITE-104,SITE-104-079,WK12,EX,1,EXDOSE,25
SYN-2026-01,SITE-104,SITE-104-079,WK12,EX,1,EXADJ,N
SYN-2026-01,SITE-104,SITE-104-079,WK12,CM,1,CMTRT,Salbutamol
SYN-2026-01,SITE-104,SITE-104-079,WK12,CM,1,CMINDC,Prophylaxis
SYN-2026-01,SITE-104,SITE-104-079,WK12,CM,1,CMSTDAT,2025-10-30
SYN-2026-01,SITE-104,SITE-104-079,WK12,CM,2,CMTRT,Ibuprofen
SYN-2026-01,SITE-104,SITE-104-079,WK12,CM,2,CMSTDAT,2025-12-08
SYN-2026-01,SITE-104,SITE-104-079,EOS,VS,1,VSDAT,2026-03-10
SYN-2026-01,SITE-104,SITE-104-079,EOS,VS,1,SYSBP,126
SYN-2026-01,SITE-104,SITE-104-079,EOS,VS,1,DIABP,86
SYN-2026-01,SITE-104,SITE-104-079,EOS,VS,1,PULSE,72
SYN-2026-01,SITE-104,SITE-104-079,EOS,VS,1,TEMP,37.2
SYN-2026-01,SITE-104,SITE-104-079,EOS,VS,1,WEIGHT,85.6
SYN-2026-01,SITE-104,SITE-104-079,EOS,AE,1,AETERM,BP high
SYN-2026-01,SITE-104,SITE-104-079,EOS,AE,1,AESTDAT,2026-02-22
SYN-2026-01,SITE-104,SITE-104-079,EOS,AE,1,AEOUT,RECOVERED
SYN-2026-01,SITE-104,SITE-104-079,EOS,AE,1,AEENDAT,2026-03-06
SYN-2026-01,SITE-104,SITE-104-079,EOS,AE,1,AESEV,MODERATE
SYN-2026-01,SITE-104,SITE-104-079,EOS,AE,1,AESER,N
SYN-2026-01,SITE-104,SITE-104-079,EOS,AE,1,AEREL,PROBABLE
SYN-2026-01,SITE-104,SITE-104-079,EOS,AE,2,AETERM,Fatigue
SYN-2026-01,SITE-104,SITE-104-079,EOS,AE,2,AESTDAT,2026-02-18
SYN-2026-01,SITE-104,SITE-104-079,EOS,AE,2,AEOUT,NOT RECOVERED
SYN-2026-01,SITE-104,SITE-104-079,EOS,AE,2,AESEV,MODERATE
SYN-2026-01,SITE-104,SITE-104-079,EOS,AE,2,AESER,N
SYN-2026-01,SITE-104,SITE-104-079,EOS,AE,2,AEREL,POSSIBLE
SYN-2026-01,SITE-104,SITE-104-079,EOS,AE,3,AETERM,Back pain
SYN-2026-01,SITE-104,SITE-104-079,EOS,AE,3,AESTDAT,2026-03-03
SYN-2026-01,SITE-104,SITE-104-079,EOS,AE,3,AEOUT,RECOVERED
SYN-2026-01,SITE-104,SITE-104-079,EOS,AE,3,AEENDAT,2026-03-13
SYN-2026-01,SITE-104,SITE-104-079,EOS,AE,3,AESEV,MODERATE
SYN-2026-01,SITE-104,SITE-104-079,EOS,AE,3,AESER,N
SYN-2026-01,SITE-104,SITE-104-079,EOS,AE,3,AEREL,POSSIBLE
SYN-2026-01,SITE-104,SITE-104-079,EOS,DS,1,DSCOMP,Y
SYN-2026-01,SITE-104,SITE-104-079,EOS,DS,1,DSSTDAT,2026-03-10
SYN-2026-01,SITE-105,SITE-105-080,SCR,DM,1,BRTHDAT,1951-03-19
SYN-2026-01,SITE-105,SITE-105-080,SCR,DM,1,SEX,M
SYN-2026-01,SITE-105,SITE-105-080,SCR,DM,1,RFICDAT,2026-02-28
SYN-2026-01,SITE-105,SITE-105-080,SCR,DM,1,ARM,A
SYN-2026-01,SITE-105,SITE-105-080,SCR,IE,1,IEYN,Y
SYN-2026-01,SITE-105,SITE-105-080,SCR,IE,1,AGEELIG,Y
SYN-2026-01,SITE-105,SITE-105-080,SCR,VS,1,VSDAT,2026-02-22
SYN-2026-01,SITE-105,SITE-105-080,SCR,VS,1,SYSBP,139
SYN-2026-01,SITE-105,SITE-105-080,SCR,VS,1,DIABP,76
SYN-2026-01,SITE-105,SITE-105-080,SCR,VS,1,PULSE,83
SYN-2026-01,SITE-105,SITE-105-080,SCR,VS,1,TEMP,37.1
SYN-2026-01,SITE-105,SITE-105-080,SCR,VS,1,WEIGHT,76.0
SYN-2026-01,SITE-105,SITE-105-080,SCR,MH,1,MHTERM,Hypercholesterolaemia
SYN-2026-01,SITE-105,SITE-105-080,SCR,MH,1,MHSTDAT,2021-10-19
SYN-2026-01,SITE-105,SITE-105-080,SCR,MH,1,MHONGO,N
SYN-2026-01,SITE-105,SITE-105-080,BASE,VS,1,VSDAT,2026-03-13
SYN-2026-01,SITE-105,SITE-105-080,BASE,VS,1,SYSBP,141
SYN-2026-01,SITE-105,SITE-105-080,BASE,VS,1,DIABP,81
SYN-2026-01,SITE-105,SITE-105-080,BASE,VS,1,PULSE,66
SYN-2026-01,SITE-105,SITE-105-080,BASE,VS,1,TEMP,36.2
SYN-2026-01,SITE-105,SITE-105-080,BASE,VS,1,WEIGHT,67.1
SYN-2026-01,SITE-105,SITE-105-080,BASE,EX,1,EXSTDAT,2026-03-13
SYN-2026-01,SITE-105,SITE-105-080,BASE,EX,1,EXDOSE,100
SYN-2026-01,SITE-105,SITE-105-080,BASE,EX,1,EXADJ,N
SYN-2026-01,SITE-105,SITE-105-080,WK4,VS,1,VSDAT,2026-04-12
SYN-2026-01,SITE-105,SITE-105-080,WK4,VS,1,SYSBP,158
SYN-2026-01,SITE-105,SITE-105-080,WK4,VS,1,DIABP,77
SYN-2026-01,SITE-105,SITE-105-080,WK4,VS,1,PULSE,63
SYN-2026-01,SITE-105,SITE-105-080,WK4,VS,1,TEMP,36.5
SYN-2026-01,SITE-105,SITE-105-080,WK4,VS,1,WEIGHT,72.5
SYN-2026-01,SITE-105,SITE-105-080,WK4,EX,1,EXSTDAT,2026-04-12
SYN-2026-01,SITE-105,SITE-105-080,WK4,EX,1,EXDOSE,50
SYN-2026-01,SITE-105,SITE-105-080,WK4,EX,1,EXADJ,N
SYN-2026-01,SITE-105,SITE-105-080,WK12,VS,1,VSDAT,2026-06-08
SYN-2026-01,SITE-105,SITE-105-080,WK12,VS,1,SYSBP,121
SYN-2026-01,SITE-105,SITE-105-080,WK12,VS,1,DIABP,71
SYN-2026-01,SITE-105,SITE-105-080,WK12,VS,1,PULSE,74
SYN-2026-01,SITE-105,SITE-105-080,WK12,VS,1,TEMP,36.0
SYN-2026-01,SITE-105,SITE-105-080,WK12,VS,1,WEIGHT,61.1
SYN-2026-01,SITE-105,SITE-105-080,WK12,EX,1,EXSTDAT,2026-06-08
SYN-2026-01,SITE-105,SITE-105-080,WK12,EX,1,EXDOSE,50
SYN-2026-01,SITE-105,SITE-105-080,WK12,EX,1,EXADJ,Y
SYN-2026-01,SITE-105,SITE-105-080,WK12,AE,1,AETERM,Pyrexia
SYN-2026-01,SITE-105,SITE-105-080,WK12,AE,1,AESTDAT,2026-05-22
SYN-2026-01,SITE-105,SITE-105-080,WK12,AE,1,AEOUT,RECOVERED
SYN-2026-01,SITE-105,SITE-105-080,WK12,AE,1,AEENDAT,2026-05-31
SYN-2026-01,SITE-105,SITE-105-080,WK12,AE,1,AESEV,SEVERE
SYN-2026-01,SITE-105,SITE-105-080,WK12,AE,1,AESER,N
SYN-2026-01,SITE-105,SITE-105-080,WK12,AE,1,AEREL,RELATED
SYN-2026-01,SITE-105,SITE-105-080,WK12,AE,2,AETERM,Insomnia
SYN-2026-01,SITE-105,SITE-105-080,WK12,AE,2,AESTDAT,2026-05-31
SYN-2026-01,SITE-105,SITE-105-080,WK12,AE,2,AEOUT,RECOVERED
SYN-2026-01,SITE-105,SITE-105-080,WK12,AE,2,AEENDAT,2026-06-08
SYN-2026-01,SITE-105,SITE-105-080,WK12,AE,2,AESEV,MODERATE
SYN-2026-01,SITE-105,SITE-105-080,WK12,AE,2,AESER,N
SYN-2026-01,SITE-105,SITE-105-080,WK12,AE,2,AEREL,RELATED
SYN-2026-01,SITE-105,SITE-105-080,WK12,CM,1,CMTRT,Ibuprofen
SYN-2026-01,SITE-105,SITE-105-080,WK12,CM,1,CMINDC,Hypertension
SYN-2026-01,SITE-105,SITE-105-080,WK12,CM,1,CMSTDAT,2026-06-04
SYN-2026-01,SITE-105,SITE-105-080,EOS,VS,1,VSDAT,2026-08-29
SYN-2026-01,SITE-105,SITE-105-080,EOS,VS,1,SYSBP,146
SYN-2026-01,SITE-105,SITE-105-080,EOS,VS,1,DIABP,88
SYN-2026-01,SITE-105,SITE-105-080,EOS,VS,1,PULSE,60
SYN-2026-01,SITE-105,SITE-105-080,EOS,VS,1,TEMP,36.6
SYN-2026-01,SITE-105,SITE-105-080,EOS,VS,1,WEIGHT,66.4
SYN-2026-01,SITE-105,SITE-105-080,EOS,AE,1,AETERM,Rash
SYN-2026-01,SITE-105,SITE-105-080,EOS,AE,1,AESTDAT,2026-08-24
SYN-2026-01,SITE-105,SITE-105-080,EOS,AE,1,AEOUT,RECOVERED
SYN-2026-01,SITE-105,SITE-105-080,EOS,AE,1,AEENDAT,2026-09-02
SYN-2026-01,SITE-105,SITE-105-080,EOS,AE,1,AESEV,MILD
SYN-2026-01,SITE-105,SITE-105-080,EOS,AE,1,AESER,N
SYN-2026-01,SITE-105,SITE-105-080,EOS,AE,1,AEREL,POSSIBLE
SYN-2026-01,SITE-105,SITE-105-080,EOS,CM,1,CMTRT,advil
SYN-2026-01,SITE-105,SITE-105-080,EOS,CM,1,CMINDC,Infection
SYN-2026-01,SITE-105,SITE-105-080,EOS,CM,1,CMSTDAT,2026-07-18
SYN-2026-01,SITE-105,SITE-105-080,EOS,CM,2,CMTRT,Ibuprofen
SYN-2026-01,SITE-105,SITE-105-080,EOS,CM,2,CMSTDAT,2026-07-25
SYN-2026-01,SITE-105,SITE-105-080,EOS,CM,3,CMTRT,advil
SYN-2026-01,SITE-105,SITE-105-080,EOS,CM,3,CMINDC,Prophylaxis
SYN-2026-01,SITE-105,SITE-105-080,EOS,CM,3,CMSTDAT,2026-07-08
SYN-2026-01,SITE-105,SITE-105-080,EOS,DS,1,DSCOMP,Y
SYN-2026-01,SITE-105,SITE-105-080,EOS,DS,1,DSSTDAT,2026-08-29
SYN-2026-01,SITE-105,SITE-105-081,SCR,DM,1,BRTHDAT,1968-12-21
SYN-2026-01,SITE-105,SITE-105-081,SCR,DM,1,SEX,M
SYN-2026-01,SITE-105,SITE-105-081,SCR,DM,1,RFICDAT,2025-12-07
SYN-2026-01,SITE-105,SITE-105-081,SCR,DM,1,ARM,A
SYN-2026-01,SITE-105,SITE-105-081,SCR,IE,1,IEYN,Y
SYN-2026-01,SITE-105,SITE-105-081,SCR,IE,1,AGEELIG,Y
SYN-2026-01,SITE-105,SITE-105-081,SCR,VS,1,VSDAT,2025-12-12
SYN-2026-01,SITE-105,SITE-105-081,SCR,VS,1,SYSBP,131
SYN-2026-01,SITE-105,SITE-105-081,SCR,VS,1,DIABP,76
SYN-2026-01,SITE-105,SITE-105-081,SCR,VS,1,PULSE,58
SYN-2026-01,SITE-105,SITE-105-081,SCR,VS,1,TEMP,37.3
SYN-2026-01,SITE-105,SITE-105-081,SCR,VS,1,WEIGHT,95.8
SYN-2026-01,SITE-105,SITE-105-081,BASE,VS,1,VSDAT,2025-12-25
SYN-2026-01,SITE-105,SITE-105-081,BASE,VS,1,SYSBP,126
SYN-2026-01,SITE-105,SITE-105-081,BASE,VS,1,DIABP,74
SYN-2026-01,SITE-105,SITE-105-081,BASE,VS,1,PULSE,81
SYN-2026-01,SITE-105,SITE-105-081,BASE,VS,1,TEMP,36.9
SYN-2026-01,SITE-105,SITE-105-081,BASE,VS,1,WEIGHT,85.3
SYN-2026-01,SITE-105,SITE-105-081,BASE,EX,1,EXSTDAT,2025-12-25
SYN-2026-01,SITE-105,SITE-105-081,BASE,EX,1,EXDOSE,25
SYN-2026-01,SITE-105,SITE-105-081,BASE,EX,1,EXADJ,N
SYN-2026-01,SITE-105,SITE-105-081,BASE,AE,1,AETERM,Pyrexia
SYN-2026-01,SITE-105,SITE-105-081,BASE,AE,1,AESTDAT,2025-12-07
SYN-2026-01,SITE-105,SITE-105-081,BASE,AE,1,AEOUT,RECOVERING
SYN-2026-01,SITE-105,SITE-105-081,BASE,AE,1,AESEV,MILD
SYN-2026-01,SITE-105,SITE-105-081,BASE,AE,1,AESER,N
SYN-2026-01,SITE-105,SITE-105-081,BASE,AE,1,AEREL,PROBABLE
SYN-2026-01,SITE-105,SITE-105-081,WK4,VS,1,VSDAT,2026-01-18
SYN-2026-01,SITE-105,SITE-105-081,WK4,VS,1,SYSBP,138
SYN-2026-01,SITE-105,SITE-105-081,WK4,VS,1,DIABP,78
SYN-2026-01,SITE-105,SITE-105-081,WK4,VS,1,PULSE,84
SYN-2026-01,SITE-105,SITE-105-081,WK4,VS,1,TEMP,36.7
SYN-2026-01,SITE-105,SITE-105-081,WK4,VS,1,WEIGHT,85.1
SYN-2026-01,SITE-105,SITE-105-081,WK4,EX,1,EXSTDAT,2026-01-18
SYN-2026-01,SITE-105,SITE-105-081,WK4,EX,1,EXDOSE,50
SYN-2026-01,SITE-105,SITE-105-081,WK4,EX,1,EXADJ,N
SYN-2026-01,SITE-105,SITE-105-081,WK4,AE,1,AETERM,sore throat and runny nose
SYN-2026-01,SITE-105,SITE-105-081,WK4,AE,1,AESTDAT,2025-12-31
SYN-2026-01,SITE-105,SITE-105-081,WK4,AE,1,AEOUT,RECOVERED
SYN-2026-01,SITE-105,SITE-105-081,WK4,AE,1,AESEV,MODERATE
SYN-2026-01,SITE-105,SITE-105-081,WK4,AE,1,AESER,N
SYN-2026-01,SITE-105,SITE-105-081,WK4,AE,1,AEREL,PROBABLE
SYN-2026-01,SITE-105,SITE-105-081,WK4,CM,1,CMTRT,Omeprazole
SYN-2026-01,SITE-105,SITE-105-081,WK4,CM,1,CMINDC,Hypertension
SYN-2026-01,SITE-105,SITE-105-081,WK4,CM,1,CMSTDAT,2026-01-09
SYN-2026-01,SITE-105,SITE-105-081,WK12,VS,1,VSDAT,2026-03-18
SYN-2026-01,SITE-105,SITE-105-081,WK12,VS,1,SYSBP,107
SYN-2026-01,SITE-105,SITE-105-081,WK12,VS,1,DIABP,87
SYN-2026-01,SITE-105,SITE-105-081,WK12,VS,1,PULSE,88
SYN-2026-01,SITE-105,SITE-105-081,WK12,VS,1,TEMP,37.0
SYN-2026-01,SITE-105,SITE-105-081,WK12,VS,1,WEIGHT,72.3
SYN-2026-01,SITE-105,SITE-105-081,WK12,EX,1,EXSTDAT,2026-03-18
SYN-2026-01,SITE-105,SITE-105-081,WK12,EX,1,EXDOSE,50
SYN-2026-01,SITE-105,SITE-105-081,WK12,EX,1,EXADJ,N
SYN-2026-01,SITE-105,SITE-105-081,WK12,CM,1,CMTRT,tylenol
SYN-2026-01,SITE-105,SITE-105-081,WK12,CM,1,CMINDC,Prophylaxis
SYN-2026-01,SITE-105,SITE-105-081,WK12,CM,1,CMSTDAT,2026-01-18
SYN-2026-01,SITE-105,SITE-105-081,EOS,VS,1,VSDAT,2026-06-15
SYN-2026-01,SITE-105,SITE-105-081,EOS,VS,1,SYSBP,128
SYN-2026-01,SITE-105,SITE-105-081,EOS,VS,1,DIABP,72
SYN-2026-01,SITE-105,SITE-105-081,EOS,VS,1,PULSE,74
SYN-2026-01,SITE-105,SITE-105-081,EOS,VS,1,TEMP,37.1
SYN-2026-01,SITE-105,SITE-105-081,EOS,VS,1,WEIGHT,81.1
SYN-2026-01,SITE-105,SITE-105-081,EOS,AE,1,AETERM,Arthralgia
SYN-2026-01,SITE-105,SITE-105-081,EOS,AE,1,AESTDAT,2026-06-10
SYN-2026-01,SITE-105,SITE-105-081,EOS,AE,1,AEOUT,RECOVERED
SYN-2026-01,SITE-105,SITE-105-081,EOS,AE,1,AEENDAT,2026-06-20
SYN-2026-01,SITE-105,SITE-105-081,EOS,AE,1,AESEV,MILD
SYN-2026-01,SITE-105,SITE-105-081,EOS,AE,1,AESER,N
SYN-2026-01,SITE-105,SITE-105-081,EOS,AE,1,AEREL,PROBABLE
SYN-2026-01,SITE-105,SITE-105-081,EOS,DS,1,DSCOMP,Y
SYN-2026-01,SITE-105,SITE-105-081,EOS,DS,1,DSSTDAT,2026-06-15
SYN-2026-01,SITE-101,SITE-101-082,SCR,DM,1,BRTHDAT,1996-03-11
SYN-2026-01,SITE-101,SITE-101-082,SCR,DM,1,SEX,M
SYN-2026-01,SITE-101,SITE-101-082,SCR,DM,1,RFICDAT,2026-03-04
SYN-2026-01,SITE-101,SITE-101-082,SCR,DM,1,ARM,A
SYN-2026-01,SITE-101,SITE-101-082,SCR,IE,1,IEYN,Y
SYN-2026-01,SITE-101,SITE-101-082,SCR,IE,1,AGEELIG,Y
SYN-2026-01,SITE-101,SITE-101-082,SCR,VS,1,VSDAT,2026-03-03
SYN-2026-01,SITE-101,SITE-101-082,SCR,VS,1,SYSBP,132
SYN-2026-01,SITE-101,SITE-101-082,SCR,VS,1,DIABP,87
SYN-2026-01,SITE-101,SITE-101-082,SCR,VS,1,PULSE,73
SYN-2026-01,SITE-101,SITE-101-082,SCR,VS,1,WEIGHT,44.6
SYN-2026-01,SITE-101,SITE-101-082,SCR,MH,1,MHTERM,Osteoarthritis
SYN-2026-01,SITE-101,SITE-101-082,SCR,MH,1,MHSTDAT,2021-12-02
SYN-2026-01,SITE-101,SITE-101-082,SCR,MH,1,MHONGO,N
SYN-2026-01,SITE-101,SITE-101-082,SCR,MH,2,MHTERM,Migraine
SYN-2026-01,SITE-101,SITE-101-082,SCR,MH,2,MHSTDAT,2021-01-16
SYN-2026-01,SITE-101,SITE-101-082,SCR,MH,2,MHONGO,Y
SYN-2026-01,SITE-101,SITE-101-082,BASE,VS,1,VSDAT,2026-03-21
SYN-2026-01,SITE-101,SITE-101-082,BASE,VS,1,SYSBP,120
SYN-2026-01,SITE-101,SITE-101-082,BASE,VS,1,DIABP,83
SYN-2026-01,SITE-101,SITE-101-082,BASE,VS,1,PULSE,73
SYN-2026-01,SITE-101,SITE-101-082,BASE,VS,1,TEMP,37.1
SYN-2026-01,SITE-101,SITE-101-082,BASE,VS,1,WEIGHT,86.3
SYN-2026-01,SITE-101,SITE-101-082,BASE,EX,1,EXSTDAT,2026-03-21
SYN-2026-01,SITE-101,SITE-101-082,BASE,EX,1,EXDOSE,50
SYN-2026-01,SITE-101,SITE-101-082,BASE,EX,1,EXADJ,Y
SYN-2026-01,SITE-101,SITE-101-082,WK4,VS,1,VSDAT,2026-04-14
SYN-2026-01,SITE-101,SITE-101-082,WK4,VS,1,SYSBP,135
SYN-2026-01,SITE-101,SITE-101-082,WK4,VS,1,DIABP,85
SYN-2026-01,SITE-101,SITE-101-082,WK4,VS,1,PULSE,63
SYN-2026-01,SITE-101,SITE-101-082,WK4,VS,1,WEIGHT,98.6
SYN-2026-01,SITE-101,SITE-101-082,WK4,EX,1,EXSTDAT,2026-04-14
SYN-2026-01,SITE-101,SITE-101-082,WK4,EX,1,EXDOSE,100
SYN-2026-01,SITE-101,SITE-101-082,WK4,EX,1,EXADJ,N
SYN-2026-01,SITE-101,SITE-101-082,WK4,AE,1,AETERM,head ache
SYN-2026-01,SITE-101,SITE-101-082,WK4,AE,1,AESTDAT,2026-04-05
SYN-2026-01,SITE-101,SITE-101-082,WK4,AE,1,AEOUT,NOT RECOVERED
SYN-2026-01,SITE-101,SITE-101-082,WK4,AE,1,AESEV,MILD
SYN-2026-01,SITE-101,SITE-101-082,WK4,AE,1,AESER,N
SYN-2026-01,SITE-101,SITE-101-082,WK4,AE,1,AEREL,UNLIKELY
SYN-2026-01,SITE-101,SITE-101-082,WK12,VS,1,VSDAT,2026-06-13
SYN-2026-01,SITE-101,SITE-101-082,WK12,VS,1,SYSBP,146
SYN-2026-01,SITE-101,SITE-101-082,WK12,VS,1,DIABP,80
SYN-2026-01,SITE-101,SITE-101-082,WK12,VS,1,PULSE,69
SYN-2026-01,SITE-101,SITE-101-082,WK12,VS,1,TEMP,36.2
SYN-2026-01,SITE-101,SITE-101-082,WK12,VS,1,WEIGHT,46.7
SYN-2026-01,SITE-101,SITE-101-082,WK12,EX,1,EXSTDAT,2026-06-13
SYN-2026-01,SITE-101,SITE-101-082,WK12,EX,1,EXDOSE,50
SYN-2026-01,SITE-101,SITE-101-082,WK12,EX,1,EXADJ,N
SYN-2026-01,SITE-101,SITE-101-082,EOS,VS,1,VSDAT,2026-09-01
SYN-2026-01,SITE-101,SITE-101-082,EOS,VS,1,SYSBP,115
SYN-2026-01,SITE-101,SITE-101-082,EOS,VS,1,DIABP,75
SYN-2026-01,SITE-101,SITE-101-082,EOS,VS,1,PULSE,73
SYN-2026-01,SITE-101,SITE-101-082,EOS,VS,1,TEMP,36.3
SYN-2026-01,SITE-101,SITE-101-082,EOS,VS,1,WEIGHT,79.7
SYN-2026-01,SITE-101,SITE-101-082,EOS,AE,1,AETERM,head ache
SYN-2026-01,SITE-101,SITE-101-082,EOS,AE,1,AESTDAT,2026-08-13
SYN-2026-01,SITE-101,SITE-101-082,EOS,AE,1,AEOUT,RECOVERED
SYN-2026-01,SITE-101,SITE-101-082,EOS,AE,1,AEENDAT,2026-08-30
SYN-2026-01,SITE-101,SITE-101-082,EOS,AE,1,AESEV,MILD
SYN-2026-01,SITE-101,SITE-101-082,EOS,AE,1,AESER,N
SYN-2026-01,SITE-101,SITE-101-082,EOS,AE,1,AEREL,NOT RELATED
SYN-2026-01,SITE-101,SITE-101-082,EOS,CM,1,CMTRT,tylenol
SYN-2026-01,SITE-101,SITE-101-082,EOS,CM,1,CMINDC,Prophylaxis
SYN-2026-01,SITE-101,SITE-101-082,EOS,CM,1,CMSTDAT,2026-08-04
SYN-2026-01,SITE-101,SITE-101-082,EOS,DS,1,DSCOMP,Y
SYN-2026-01,SITE-101,SITE-101-082,EOS,DS,1,DSSTDAT,2026-09-01
SYN-2026-01,SITE-101,SITE-101-083,SCR,DM,1,BRTHDAT,1957-04-10
SYN-2026-01,SITE-101,SITE-101-083,SCR,DM,1,SEX,M
SYN-2026-01,SITE-101,SITE-101-083,SCR,DM,1,RFICDAT,2026-03-24
SYN-2026-01,SITE-101,SITE-101-083,SCR,DM,1,ARM,B
SYN-2026-01,SITE-101,SITE-101-083,SCR,IE,1,IEYN,Y
SYN-2026-01,SITE-101,SITE-101-083,SCR,IE,1,AGEELIG,Y
SYN-2026-01,SITE-101,SITE-101-083,SCR,VS,1,VSDAT,2026-03-19
SYN-2026-01,SITE-101,SITE-101-083,SCR,VS,1,SYSBP,103
SYN-2026-01,SITE-101,SITE-101-083,SCR,VS,1,DIABP,72
SYN-2026-01,SITE-101,SITE-101-083,SCR,VS,1,PULSE,71
SYN-2026-01,SITE-101,SITE-101-083,SCR,VS,1,TEMP,37.0
SYN-2026-01,SITE-101,SITE-101-083,SCR,VS,1,WEIGHT,78.0
SYN-2026-01,SITE-101,SITE-101-083,SCR,MH,1,MHTERM,Asthma
SYN-2026-01,SITE-101,SITE-101-083,SCR,MH,1,MHSTDAT,2019-10-01
SYN-2026-01,SITE-101,SITE-101-083,SCR,MH,1,MHONGO,N
SYN-2026-01,SITE-101,SITE-101-083,BASE,VS,1,VSDAT,2026-04-09
SYN-2026-01,SITE-101,SITE-101-083,BASE,VS,1,SYSBP,110
SYN-2026-01,SITE-101,SITE-101-083,BASE,VS,1,DIABP,77
SYN-2026-01,SITE-101,SITE-101-083,BASE,VS,1,PULSE,84
SYN-2026-01,SITE-101,SITE-101-083,BASE,VS,1,TEMP,37.4
SYN-2026-01,SITE-101,SITE-101-083,BASE,VS,1,WEIGHT,50.0
SYN-2026-01,SITE-101,SITE-101-083,BASE,EX,1,EXSTDAT,2026-04-09
SYN-2026-01,SITE-101,SITE-101-083,BASE,EX,1,EXDOSE,50
SYN-2026-01,SITE-101,SITE-101-083,BASE,EX,1,EXADJ,Y
SYN-2026-01,SITE-101,SITE-101-083,WK4,VS,1,VSDAT,2026-05-08
SYN-2026-01,SITE-101,SITE-101-083,WK4,VS,1,SYSBP,141
SYN-2026-01,SITE-101,SITE-101-083,WK4,VS,1,DIABP,80
SYN-2026-01,SITE-101,SITE-101-083,WK4,VS,1,PULSE,60
SYN-2026-01,SITE-101,SITE-101-083,WK4,VS,1,TEMP,36.4
SYN-2026-01,SITE-101,SITE-101-083,WK4,VS,1,WEIGHT,90.6
SYN-2026-01,SITE-101,SITE-101-083,WK4,EX,1,EXSTDAT,2026-05-08
SYN-2026-01,SITE-101,SITE-101-083,WK4,EX,1,EXDOSE,50
SYN-2026-01,SITE-101,SITE-101-083,WK4,EX,1,EXADJ,N
SYN-2026-01,SITE-101,SITE-101-083,WK4,AE,1,AETERM,not himself
SYN-2026-01,SITE-101,SITE-101-083,WK4,AE,1,AESTDAT,2026-05-03
SYN-2026-01,SITE-101,SITE-101-083,WK4,AE,1,AEOUT,RECOVERED
SYN-2026-01,SITE-101,SITE-101-083,WK4,AE,1,AEENDAT,2026-05-07
SYN-2026-01,SITE-101,SITE-101-083,WK4,AE,1,AESEV,SEVERE
SYN-2026-01,SITE-101,SITE-101-083,WK4,AE,1,AESER,N
SYN-2026-01,SITE-101,SITE-101-083,WK4,AE,1,AEREL,UNLIKELY
SYN-2026-01,SITE-101,SITE-101-083,WK4,AE,2,AETERM,Headache
SYN-2026-01,SITE-101,SITE-101-083,WK4,AE,2,AESTDAT,2026-04-23
SYN-2026-01,SITE-101,SITE-101-083,WK4,AE,2,AEOUT,RECOVERED
SYN-2026-01,SITE-101,SITE-101-083,WK4,AE,2,AEENDAT,2026-05-14
SYN-2026-01,SITE-101,SITE-101-083,WK4,AE,2,AESEV,SEVERE
SYN-2026-01,SITE-101,SITE-101-083,WK4,AE,2,AESER,N
SYN-2026-01,SITE-101,SITE-101-083,WK4,AE,2,AEREL,POSSIBLE
SYN-2026-01,SITE-101,SITE-101-083,WK12,VS,1,VSDAT,2026-07-03
SYN-2026-01,SITE-101,SITE-101-083,WK12,VS,1,SYSBP,113
SYN-2026-01,SITE-101,SITE-101-083,WK12,VS,1,DIABP,76
SYN-2026-01,SITE-101,SITE-101-083,WK12,VS,1,PULSE,67
SYN-2026-01,SITE-101,SITE-101-083,WK12,VS,1,TEMP,36.3
SYN-2026-01,SITE-101,SITE-101-083,WK12,VS,1,WEIGHT,69.0
SYN-2026-01,SITE-101,SITE-101-083,WK12,EX,1,EXSTDAT,2026-07-03
SYN-2026-01,SITE-101,SITE-101-083,WK12,EX,1,EXDOSE,50
SYN-2026-01,SITE-101,SITE-101-083,WK12,EX,1,EXADJ,N
SYN-2026-01,SITE-101,SITE-101-083,EOS,VS,1,VSDAT,2026-09-25
SYN-2026-01,SITE-101,SITE-101-083,EOS,VS,1,SYSBP,117
SYN-2026-01,SITE-101,SITE-101-083,EOS,VS,1,DIABP,78
SYN-2026-01,SITE-101,SITE-101-083,EOS,VS,1,PULSE,78
SYN-2026-01,SITE-101,SITE-101-083,EOS,VS,1,TEMP,36.5
SYN-2026-01,SITE-101,SITE-101-083,EOS,VS,1,WEIGHT,74.0
SYN-2026-01,SITE-101,SITE-101-083,EOS,AE,1,AETERM,Back pain
SYN-2026-01,SITE-101,SITE-101-083,EOS,AE,1,AESTDAT,2026-09-23
SYN-2026-01,SITE-101,SITE-101-083,EOS,AE,1,AEOUT,RECOVERED
SYN-2026-01,SITE-101,SITE-101-083,EOS,AE,1,AEENDAT,2026-10-06
SYN-2026-01,SITE-101,SITE-101-083,EOS,AE,1,AESEV,MILD
SYN-2026-01,SITE-101,SITE-101-083,EOS,AE,1,AESER,N
SYN-2026-01,SITE-101,SITE-101-083,EOS,AE,1,AEREL,PROBABLE
SYN-2026-01,SITE-101,SITE-101-083,EOS,AE,2,AETERM,Dizziness
SYN-2026-01,SITE-101,SITE-101-083,EOS,AE,2,AESTDAT,2026-09-12
SYN-2026-01,SITE-101,SITE-101-083,EOS,AE,2,AEOUT,RECOVERED
SYN-2026-01,SITE-101,SITE-101-083,EOS,AE,2,AEENDAT,2026-09-13
SYN-2026-01,SITE-101,SITE-101-083,EOS,AE,2,AESEV,SEVERE
SYN-2026-01,SITE-101,SITE-101-083,EOS,AE,2,AESER,N
SYN-2026-01,SITE-101,SITE-101-083,EOS,AE,2,AEREL,RELATED
SYN-2026-01,SITE-101,SITE-101-083,EOS,CM,1,CMTRT,advil
SYN-2026-01,SITE-101,SITE-101-083,EOS,CM,1,CMINDC,Infection
SYN-2026-01,SITE-101,SITE-101-083,EOS,CM,1,CMSTDAT,2026-09-22
SYN-2026-01,SITE-101,SITE-101-083,EOS,CM,2,CMTRT,Omeprazole
SYN-2026-01,SITE-101,SITE-101-083,EOS,CM,2,CMINDC,Infection
SYN-2026-01,SITE-101,SITE-101-083,EOS,CM,2,CMSTDAT,2026-09-22
SYN-2026-01,SITE-101,SITE-101-083,EOS,DS,1,DSCOMP,Y
SYN-2026-01,SITE-101,SITE-101-083,EOS,DS,1,DSSTDAT,2026-09-25
SYN-2026-01,SITE-103,SITE-103-084,SCR,DM,1,BRTHDAT,1996-12-28
SYN-2026-01,SITE-103,SITE-103-084,SCR,DM,1,SEX,F
SYN-2026-01,SITE-103,SITE-103-084,SCR,DM,1,RFICDAT,2025-12-21
SYN-2026-01,SITE-103,SITE-103-084,SCR,DM,1,ARM,B
SYN-2026-01,SITE-103,SITE-103-084,SCR,IE,1,IEYN,Y
SYN-2026-01,SITE-103,SITE-103-084,SCR,IE,1,AGEELIG,Y
SYN-2026-01,SITE-103,SITE-103-084,SCR,VS,1,VSDAT,2025-12-25
SYN-2026-01,SITE-103,SITE-103-084,SCR,VS,1,SYSBP,122
SYN-2026-01,SITE-103,SITE-103-084,SCR,VS,1,DIABP,77
SYN-2026-01,SITE-103,SITE-103-084,SCR,VS,1,PULSE,83
SYN-2026-01,SITE-103,SITE-103-084,SCR,VS,1,TEMP,37.5
SYN-2026-01,SITE-103,SITE-103-084,SCR,VS,1,WEIGHT,85.2
SYN-2026-01,SITE-103,SITE-103-084,SCR,MH,1,MHTERM,Asthma
SYN-2026-01,SITE-103,SITE-103-084,SCR,MH,1,MHSTDAT,2021-06-02
SYN-2026-01,SITE-103,SITE-103-084,SCR,MH,1,MHONGO,Y
SYN-2026-01,SITE-103,SITE-103-084,BASE,VS,1,VSDAT,2026-01-06
SYN-2026-01,SITE-103,SITE-103-084,BASE,VS,1,SYSBP,145
SYN-2026-01,SITE-103,SITE-103-084,BASE,VS,1,DIABP,81
SYN-2026-01,SITE-103,SITE-103-084,BASE,VS,1,PULSE,76
SYN-2026-01,SITE-103,SITE-103-084,BASE,VS,1,TEMP,36.5
SYN-2026-01,SITE-103,SITE-103-084,BASE,VS,1,WEIGHT,65.1
SYN-2026-01,SITE-103,SITE-103-084,BASE,EX,1,EXSTDAT,2026-01-06
SYN-2026-01,SITE-103,SITE-103-084,BASE,EX,1,EXDOSE,100
SYN-2026-01,SITE-103,SITE-103-084,BASE,EX,1,EXADJ,Y
SYN-2026-01,SITE-103,SITE-103-084,BASE,AE,1,AETERM,Dizziness
SYN-2026-01,SITE-103,SITE-103-084,BASE,AE,1,AESTDAT,2025-11-26
SYN-2026-01,SITE-103,SITE-103-084,BASE,AE,1,AEOUT,RECOVERED
SYN-2026-01,SITE-103,SITE-103-084,BASE,AE,1,AEENDAT,2025-12-04
SYN-2026-01,SITE-103,SITE-103-084,BASE,AE,1,AESEV,MILD
SYN-2026-01,SITE-103,SITE-103-084,BASE,AE,1,AESER,N
SYN-2026-01,SITE-103,SITE-103-084,BASE,AE,1,AEREL,NOT RELATED
SYN-2026-01,SITE-103,SITE-103-084,BASE,DS,1,DSCOMP,N
SYN-2026-01,SITE-103,SITE-103-084,BASE,DS,1,DSTERM,Protocol deviation
SYN-2026-01,SITE-103,SITE-103-084,BASE,DS,1,DSSTDAT,2026-01-06
SYN-2026-01,SITE-103,SITE-103-085,SCR,DM,1,BRTHDAT,2003-03-08
SYN-2026-01,SITE-103,SITE-103-085,SCR,DM,1,SEX,F
SYN-2026-01,SITE-103,SITE-103-085,SCR,DM,1,RFICDAT,2026-03-02
SYN-2026-01,SITE-103,SITE-103-085,SCR,DM,1,ARM,B
SYN-2026-01,SITE-103,SITE-103-085,SCR,IE,1,IEYN,Y
SYN-2026-01,SITE-103,SITE-103-085,SCR,IE,1,AGEELIG,Y
SYN-2026-01,SITE-103,SITE-103-085,SCR,VS,1,VSDAT,2026-03-10
SYN-2026-01,SITE-103,SITE-103-085,SCR,VS,1,SYSBP,147
SYN-2026-01,SITE-103,SITE-103-085,SCR,VS,1,DIABP,58
SYN-2026-01,SITE-103,SITE-103-085,SCR,VS,1,PULSE,84
SYN-2026-01,SITE-103,SITE-103-085,SCR,VS,1,TEMP,36.5
SYN-2026-01,SITE-103,SITE-103-085,SCR,VS,1,WEIGHT,70.0
SYN-2026-01,SITE-103,SITE-103-085,SCR,MH,1,MHTERM,Hypercholesterolaemia
SYN-2026-01,SITE-103,SITE-103-085,SCR,MH,1,MHSTDAT,2022-06-18
SYN-2026-01,SITE-103,SITE-103-085,SCR,MH,1,MHONGO,Y
SYN-2026-01,SITE-103,SITE-103-085,SCR,MH,2,MHTERM,Hypertension
SYN-2026-01,SITE-103,SITE-103-085,SCR,MH,2,MHSTDAT,2018-08-13
SYN-2026-01,SITE-103,SITE-103-085,SCR,MH,2,MHONGO,N
SYN-2026-01,SITE-103,SITE-103-085,BASE,VS,1,VSDAT,2026-03-20
SYN-2026-01,SITE-103,SITE-103-085,BASE,VS,1,SYSBP,147
SYN-2026-01,SITE-103,SITE-103-085,BASE,VS,1,DIABP,82
SYN-2026-01,SITE-103,SITE-103-085,BASE,VS,1,PULSE,78
SYN-2026-01,SITE-103,SITE-103-085,BASE,VS,1,TEMP,36.9
SYN-2026-01,SITE-103,SITE-103-085,BASE,VS,1,WEIGHT,89.2
SYN-2026-01,SITE-103,SITE-103-085,BASE,EX,1,EXSTDAT,2026-03-20
SYN-2026-01,SITE-103,SITE-103-085,BASE,EX,1,EXDOSE,50
SYN-2026-01,SITE-103,SITE-103-085,BASE,EX,1,EXADJ,N
SYN-2026-01,SITE-103,SITE-103-085,WK4,VS,1,VSDAT,2026-04-13
SYN-2026-01,SITE-103,SITE-103-085,WK4,VS,1,SYSBP,145
SYN-2026-01,SITE-103,SITE-103-085,WK4,VS,1,DIABP,73
SYN-2026-01,SITE-103,SITE-103-085,WK4,VS,1,PULSE,49
SYN-2026-01,SITE-103,SITE-103-085,WK4,VS,1,TEMP,36.2
SYN-2026-01,SITE-103,SITE-103-085,WK4,VS,1,WEIGHT,84.2
SYN-2026-01,SITE-103,SITE-103-085,WK4,EX,1,EXSTDAT,2026-04-13
SYN-2026-01,SITE-103,SITE-103-085,WK4,EX,1,EXDOSE,50
SYN-2026-01,SITE-103,SITE-103-085,WK4,EX,1,EXADJ,N
SYN-2026-01,SITE-103,SITE-103-085,WK4,AE,1,AETERM,Pyrexia
SYN-2026-01,SITE-103,SITE-103-085,WK4,AE,1,AESTDAT,2026-04-08
SYN-2026-01,SITE-103,SITE-103-085,WK4,AE,1,AEOUT,UNKNOWN
SYN-2026-01,SITE-103,SITE-103-085,WK4,AE,1,AESEV,MODERATE
SYN-2026-01,SITE-103,SITE-103-085,WK4,AE,1,AESER,N
SYN-2026-01,SITE-103,SITE-103-085,WK4,AE,1,AEREL,RELATED
SYN-2026-01,SITE-103,SITE-103-085,WK4,AE,2,AETERM,Dizziness
SYN-2026-01,SITE-103,SITE-103-085,WK4,AE,2,AESTDAT,2026-04-03
SYN-2026-01,SITE-103,SITE-103-085,WK4,AE,2,AEOUT,NOT RECOVERED
SYN-2026-01,SITE-103,SITE-103-085,WK4,AE,2,AESEV,MILD
SYN-2026-01,SITE-103,SITE-103-085,WK4,AE,2,AESER,Y
SYN-2026-01,SITE-103,SITE-103-085,WK4,AE,2,AEREL,NOT RELATED
SYN-2026-01,SITE-103,SITE-103-085,WK4,CM,1,CMTRT,Omeprazole
SYN-2026-01,SITE-103,SITE-103-085,WK4,CM,1,CMINDC,Prophylaxis
SYN-2026-01,SITE-103,SITE-103-085,WK4,CM,1,CMSTDAT,2026-02-20
SYN-2026-01,SITE-103,SITE-103-085,WK4,CM,2,CMTRT,Ibuprofen
SYN-2026-01,SITE-103,SITE-103-085,WK4,CM,2,CMINDC,Hypertension
SYN-2026-01,SITE-103,SITE-103-085,WK4,CM,2,CMSTDAT,2026-04-11
SYN-2026-01,SITE-103,SITE-103-085,WK12,VS,1,VSDAT,2026-06-09
SYN-2026-01,SITE-103,SITE-103-085,WK12,VS,1,SYSBP,108
SYN-2026-01,SITE-103,SITE-103-085,WK12,VS,1,DIABP,86
SYN-2026-01,SITE-103,SITE-103-085,WK12,VS,1,PULSE,77
SYN-2026-01,SITE-103,SITE-103-085,WK12,VS,1,TEMP,37.0
SYN-2026-01,SITE-103,SITE-103-085,WK12,VS,1,WEIGHT,62.0
SYN-2026-01,SITE-103,SITE-103-085,WK12,EX,1,EXSTDAT,2026-06-09
SYN-2026-01,SITE-103,SITE-103-085,WK12,EX,1,EXDOSE,100
SYN-2026-01,SITE-103,SITE-103-085,WK12,EX,1,EXADJ,Y
SYN-2026-01,SITE-103,SITE-103-085,WK12,AE,1,AETERM,Abdominal pain
SYN-2026-01,SITE-103,SITE-103-085,WK12,AE,1,AESTDAT,2026-06-06
SYN-2026-01,SITE-103,SITE-103-085,WK12,AE,1,AEOUT,RECOVERED
SYN-2026-01,SITE-103,SITE-103-085,WK12,AE,1,AESEV,MODERATE
SYN-2026-01,SITE-103,SITE-103-085,WK12,AE,1,AESER,N
SYN-2026-01,SITE-103,SITE-103-085,WK12,AE,1,AEREL,UNLIKELY
SYN-2026-01,SITE-103,SITE-103-085,WK12,AE,2,AETERM,Vomiting
SYN-2026-01,SITE-103,SITE-103-085,WK12,AE,2,AESTDAT,2026-05-25
SYN-2026-01,SITE-103,SITE-103-085,WK12,AE,2,AEOUT,NOT RECOVERED
SYN-2026-01,SITE-103,SITE-103-085,WK12,AE,2,AESEV,MILD
SYN-2026-01,SITE-103,SITE-103-085,WK12,AE,2,AESER,N
SYN-2026-01,SITE-103,SITE-103-085,WK12,AE,2,AEREL,PROBABLE
SYN-2026-01,SITE-103,SITE-103-085,WK12,CM,1,CMTRT,tylenol
SYN-2026-01,SITE-103,SITE-103-085,WK12,CM,1,CMINDC,Pain
SYN-2026-01,SITE-103,SITE-103-085,WK12,CM,1,CMSTDAT,2026-04-28
SYN-2026-01,SITE-103,SITE-103-085,WK12,CM,2,CMTRT,Amoxicillin
SYN-2026-01,SITE-103,SITE-103-085,WK12,CM,2,CMINDC,Infection
SYN-2026-01,SITE-103,SITE-103-085,WK12,CM,2,CMSTDAT,2026-05-02
SYN-2026-01,SITE-103,SITE-103-085,EOS,VS,1,VSDAT,2026-08-28
SYN-2026-01,SITE-103,SITE-103-085,EOS,VS,1,SYSBP,125
SYN-2026-01,SITE-103,SITE-103-085,EOS,VS,1,DIABP,93
SYN-2026-01,SITE-103,SITE-103-085,EOS,VS,1,PULSE,80
SYN-2026-01,SITE-103,SITE-103-085,EOS,VS,1,TEMP,36.1
SYN-2026-01,SITE-103,SITE-103-085,EOS,VS,1,WEIGHT,64.1
SYN-2026-01,SITE-103,SITE-103-085,EOS,CM,1,CMTRT,tylenol
SYN-2026-01,SITE-103,SITE-103-085,EOS,CM,1,CMSTDAT,2026-08-20
SYN-2026-01,SITE-103,SITE-103-085,EOS,DS,1,DSCOMP,Y
SYN-2026-01,SITE-103,SITE-103-085,EOS,DS,1,DSSTDAT,2026-08-28
SYN-2026-01,SITE-101,SITE-101-086,SCR,DM,1,BRTHDAT,1957-11-02
SYN-2026-01,SITE-101,SITE-101-086,SCR,DM,1,SEX,F
SYN-2026-01,SITE-101,SITE-101-086,SCR,DM,1,RFICDAT,2025-10-16
SYN-2026-01,SITE-101,SITE-101-086,SCR,DM,1,ARM,B
SYN-2026-01,SITE-101,SITE-101-086,SCR,IE,1,IEYN,Y
SYN-2026-01,SITE-101,SITE-101-086,SCR,IE,1,AGEELIG,Y
SYN-2026-01,SITE-101,SITE-101-086,SCR,VS,1,VSDAT,2025-10-13
SYN-2026-01,SITE-101,SITE-101-086,SCR,VS,1,SYSBP,125
SYN-2026-01,SITE-101,SITE-101-086,SCR,VS,1,DIABP,94
SYN-2026-01,SITE-101,SITE-101-086,SCR,VS,1,PULSE,88
SYN-2026-01,SITE-101,SITE-101-086,SCR,VS,1,WEIGHT,73.4
SYN-2026-01,SITE-101,SITE-101-086,BASE,VS,1,VSDAT,2025-10-30
SYN-2026-01,SITE-101,SITE-101-086,BASE,VS,1,SYSBP,160
SYN-2026-01,SITE-101,SITE-101-086,BASE,VS,1,DIABP,79
SYN-2026-01,SITE-101,SITE-101-086,BASE,VS,1,PULSE,93
SYN-2026-01,SITE-101,SITE-101-086,BASE,VS,1,TEMP,37.1
SYN-2026-01,SITE-101,SITE-101-086,BASE,VS,1,WEIGHT,60.1
SYN-2026-01,SITE-101,SITE-101-086,BASE,EX,1,EXSTDAT,2025-10-30
SYN-2026-01,SITE-101,SITE-101-086,BASE,EX,1,EXDOSE,50
SYN-2026-01,SITE-101,SITE-101-086,BASE,EX,1,EXADJ,Y
SYN-2026-01,SITE-101,SITE-101-086,BASE,AE,1,AETERM,Diarrhoea
SYN-2026-01,SITE-101,SITE-101-086,BASE,AE,1,AESTDAT,2025-10-27
SYN-2026-01,SITE-101,SITE-101-086,BASE,AE,1,AEOUT,UNKNOWN
SYN-2026-01,SITE-101,SITE-101-086,BASE,AE,1,AESEV,MILD
SYN-2026-01,SITE-101,SITE-101-086,BASE,AE,1,AESER,N
SYN-2026-01,SITE-101,SITE-101-086,BASE,AE,1,AEREL,UNLIKELY
SYN-2026-01,SITE-101,SITE-101-086,WK4,VS,1,VSDAT,2025-11-25
SYN-2026-01,SITE-101,SITE-101-086,WK4,VS,1,SYSBP,124
SYN-2026-01,SITE-101,SITE-101-086,WK4,VS,1,DIABP,79
SYN-2026-01,SITE-101,SITE-101-086,WK4,VS,1,PULSE,102
SYN-2026-01,SITE-101,SITE-101-086,WK4,VS,1,TEMP,36.5
SYN-2026-01,SITE-101,SITE-101-086,WK4,VS,1,WEIGHT,113.9
SYN-2026-01,SITE-101,SITE-101-086,WK4,EX,1,EXSTDAT,2025-11-25
SYN-2026-01,SITE-101,SITE-101-086,WK4,EX,1,EXDOSE,50
SYN-2026-01,SITE-101,SITE-101-086,WK4,EX,1,EXADJ,N
SYN-2026-01,SITE-101,SITE-101-086,WK4,AE,1,AETERM,felt off
SYN-2026-01,SITE-101,SITE-101-086,WK4,AE,1,AESTDAT,2025-11-11
SYN-2026-01,SITE-101,SITE-101-086,WK4,AE,1,AEOUT,RECOVERED
SYN-2026-01,SITE-101,SITE-101-086,WK4,AE,1,AEENDAT,2025-11-27
SYN-2026-01,SITE-101,SITE-101-086,WK4,AE,1,AESEV,MILD
SYN-2026-01,SITE-101,SITE-101-086,WK4,AE,1,AESER,N
SYN-2026-01,SITE-101,SITE-101-086,WK4,AE,1,AEREL,NOT RELATED
SYN-2026-01,SITE-101,SITE-101-086,WK4,AE,2,AETERM,Abdominal pain
SYN-2026-01,SITE-101,SITE-101-086,WK4,AE,2,AESTDAT,2025-11-12
SYN-2026-01,SITE-101,SITE-101-086,WK4,AE,2,AEOUT,RECOVERING
SYN-2026-01,SITE-101,SITE-101-086,WK4,AE,2,AESEV,MODERATE
SYN-2026-01,SITE-101,SITE-101-086,WK4,AE,2,AESER,N
SYN-2026-01,SITE-101,SITE-101-086,WK4,AE,2,AEREL,PROBABLE
SYN-2026-01,SITE-101,SITE-101-086,WK4,AE,3,AETERM,tired all the time
SYN-2026-01,SITE-101,SITE-101-086,WK4,AE,3,AESTDAT,2025-11-08
SYN-2026-01,SITE-101,SITE-101-086,WK4,AE,3,AEOUT,FATAL
SYN-2026-01,SITE-101,SITE-101-086,WK4,AE,3,AESEV,MILD
SYN-2026-01,SITE-101,SITE-101-086,WK4,AE,3,AESER,Y
SYN-2026-01,SITE-101,SITE-101-086,WK4,AE,3,AEREL,NOT RELATED
SYN-2026-01,SITE-101,SITE-101-086,WK4,AE,3,AEACN,DOSE NOT CHANGED
SYN-2026-01,SITE-101,SITE-101-086,WK12,VS,1,VSDAT,2026-01-20
SYN-2026-01,SITE-101,SITE-101-086,WK12,VS,1,SYSBP,145
SYN-2026-01,SITE-101,SITE-101-086,WK12,VS,1,DIABP,74
SYN-2026-01,SITE-101,SITE-101-086,WK12,VS,1,PULSE,75
SYN-2026-01,SITE-101,SITE-101-086,WK12,VS,1,WEIGHT,70.0
SYN-2026-01,SITE-101,SITE-101-086,WK12,EX,1,EXSTDAT,2026-01-20
SYN-2026-01,SITE-101,SITE-101-086,WK12,EX,1,EXDOSE,25
SYN-2026-01,SITE-101,SITE-101-086,WK12,EX,1,EXADJ,N
SYN-2026-01,SITE-101,SITE-101-086,WK12,AE,1,AETERM,felt off
SYN-2026-01,SITE-101,SITE-101-086,WK12,AE,1,AESTDAT,2026-01-11
SYN-2026-01,SITE-101,SITE-101-086,WK12,AE,1,AEOUT,RECOVERED
SYN-2026-01,SITE-101,SITE-101-086,WK12,AE,1,AEENDAT,2026-01-14
SYN-2026-01,SITE-101,SITE-101-086,WK12,AE,1,AESEV,MILD
SYN-2026-01,SITE-101,SITE-101-086,WK12,AE,1,AESER,N
SYN-2026-01,SITE-101,SITE-101-086,WK12,AE,1,AEREL,NOT RELATED
SYN-2026-01,SITE-101,SITE-101-086,EOS,VS,1,VSDAT,2026-04-08
SYN-2026-01,SITE-101,SITE-101-086,EOS,VS,1,SYSBP,132
SYN-2026-01,SITE-101,SITE-101-086,EOS,VS,1,DIABP,68
SYN-2026-01,SITE-101,SITE-101-086,EOS,VS,1,PULSE,81
SYN-2026-01,SITE-101,SITE-101-086,EOS,VS,1,TEMP,36.9
SYN-2026-01,SITE-101,SITE-101-086,EOS,VS,1,WEIGHT,68.0
SYN-2026-01,SITE-101,SITE-101-086,EOS,CM,1,CMTRT,Atorvastatin
SYN-2026-01,SITE-101,SITE-101-086,EOS,CM,1,CMINDC,Prophylaxis
SYN-2026-01,SITE-101,SITE-101-086,EOS,CM,1,CMSTDAT,2026-03-14
SYN-2026-01,SITE-101,SITE-101-086,EOS,DS,1,DSCOMP,Y
SYN-2026-01,SITE-101,SITE-101-086,EOS,DS,1,DSSTDAT,2026-04-08
SYN-2026-01,SITE-101,SITE-101-087,SCR,DM,1,BRTHDAT,1996-11-04
SYN-2026-01,SITE-101,SITE-101-087,SCR,DM,1,SEX,M
SYN-2026-01,SITE-101,SITE-101-087,SCR,DM,1,RFICDAT,2025-10-28
SYN-2026-01,SITE-101,SITE-101-087,SCR,DM,1,ARM,A
SYN-2026-01,SITE-101,SITE-101-087,SCR,IE,1,IEYN,Y
SYN-2026-01,SITE-101,SITE-101-087,SCR,IE,1,AGEELIG,Y
SYN-2026-01,SITE-101,SITE-101-087,SCR,VS,1,VSDAT,2025-10-28
SYN-2026-01,SITE-101,SITE-101-087,SCR,VS,1,SYSBP,129
SYN-2026-01,SITE-101,SITE-101-087,SCR,VS,1,DIABP,100
SYN-2026-01,SITE-101,SITE-101-087,SCR,VS,1,PULSE,56
SYN-2026-01,SITE-101,SITE-101-087,SCR,VS,1,TEMP,37.0
SYN-2026-01,SITE-101,SITE-101-087,SCR,VS,1,WEIGHT,84.8
SYN-2026-01,SITE-101,SITE-101-087,BASE,VS,1,VSDAT,2025-11-08
SYN-2026-01,SITE-101,SITE-101-087,BASE,VS,1,SYSBP,130
SYN-2026-01,SITE-101,SITE-101-087,BASE,VS,1,DIABP,78
SYN-2026-01,SITE-101,SITE-101-087,BASE,VS,1,PULSE,52
SYN-2026-01,SITE-101,SITE-101-087,BASE,VS,1,TEMP,36.7
SYN-2026-01,SITE-101,SITE-101-087,BASE,VS,1,WEIGHT,54.6
SYN-2026-01,SITE-101,SITE-101-087,BASE,EX,1,EXSTDAT,2025-11-08
SYN-2026-01,SITE-101,SITE-101-087,BASE,EX,1,EXDOSE,50
SYN-2026-01,SITE-101,SITE-101-087,BASE,EX,1,EXADJ,N
SYN-2026-01,SITE-101,SITE-101-087,BASE,AE,1,AETERM,Vomiting
SYN-2026-01,SITE-101,SITE-101-087,BASE,AE,1,AESTDAT,2025-11-05
SYN-2026-01,SITE-101,SITE-101-087,BASE,AE,1,AEOUT,RECOVERED
SYN-2026-01,SITE-101,SITE-101-087,BASE,AE,1,AEENDAT,2025-11-14
SYN-2026-01,SITE-101,SITE-101-087,BASE,AE,1,AESEV,MILD
SYN-2026-01,SITE-101,SITE-101-087,BASE,AE,1,AESER,N
SYN-2026-01,SITE-101,SITE-101-087,BASE,AE,1,AEREL,PROBABLE
SYN-2026-01,SITE-101,SITE-101-087,BASE,AE,2,AETERM,Pyrexia
SYN-2026-01,SITE-101,SITE-101-087,BASE,AE,2,AESTDAT,2025-10-28
SYN-2026-01,SITE-101,SITE-101-087,BASE,AE,2,AEOUT,RECOVERED
SYN-2026-01,SITE-101,SITE-101-087,BASE,AE,2,AEENDAT,2025-11-08
SYN-2026-01,SITE-101,SITE-101-087,BASE,AE,2,AESEV,MODERATE
SYN-2026-01,SITE-101,SITE-101-087,BASE,AE,2,AESER,N
SYN-2026-01,SITE-101,SITE-101-087,BASE,AE,2,AEREL,POSSIBLE
SYN-2026-01,SITE-101,SITE-101-087,WK4,VS,1,VSDAT,2025-12-06
SYN-2026-01,SITE-101,SITE-101-087,WK4,VS,1,SYSBP,120
SYN-2026-01,SITE-101,SITE-101-087,WK4,VS,1,DIABP,80
SYN-2026-01,SITE-101,SITE-101-087,WK4,VS,1,PULSE,78
SYN-2026-01,SITE-101,SITE-101-087,WK4,VS,1,TEMP,36.9
SYN-2026-01,SITE-101,SITE-101-087,WK4,VS,1,WEIGHT,96.3
SYN-2026-01,SITE-101,SITE-101-087,WK4,EX,1,EXSTDAT,2025-12-06
SYN-2026-01,SITE-101,SITE-101-087,WK4,EX,1,EXDOSE,100
SYN-2026-01,SITE-101,SITE-101-087,WK4,EX,1,EXADJ,N
SYN-2026-01,SITE-101,SITE-101-087,WK4,AE,1,AETERM,felt off
SYN-2026-01,SITE-101,SITE-101-087,WK4,AE,1,AESTDAT,2025-12-02
SYN-2026-01,SITE-101,SITE-101-087,WK4,AE,1,AEOUT,RECOVERED
SYN-2026-01,SITE-101,SITE-101-087,WK4,AE,1,AEENDAT,2025-12-10
SYN-2026-01,SITE-101,SITE-101-087,WK4,AE,1,AESEV,MODERATE
SYN-2026-01,SITE-101,SITE-101-087,WK4,AE,1,AESER,N
SYN-2026-01,SITE-101,SITE-101-087,WK4,AE,1,AEREL,POSSIBLE
SYN-2026-01,SITE-101,SITE-101-087,WK4,CM,1,CMTRT,tylenol
SYN-2026-01,SITE-101,SITE-101-087,WK4,CM,1,CMINDC,Infection
SYN-2026-01,SITE-101,SITE-101-087,WK4,CM,1,CMSTDAT,2025-11-25
SYN-2026-01,SITE-101,SITE-101-087,WK4,CM,2,CMTRT,Amoxicillin
SYN-2026-01,SITE-101,SITE-101-087,WK4,CM,2,CMINDC,Prophylaxis
SYN-2026-01,SITE-101,SITE-101-087,WK4,CM,2,CMSTDAT,2025-11-22
SYN-2026-01,SITE-101,SITE-101-087,WK4,CM,3,CMTRT,Omeprazole
SYN-2026-01,SITE-101,SITE-101-087,WK4,CM,3,CMSTDAT,2025-11-14
SYN-2026-01,SITE-101,SITE-101-087,WK12,VS,1,VSDAT,2026-01-31
SYN-2026-01,SITE-101,SITE-101-087,WK12,VS,1,SYSBP,107
SYN-2026-01,SITE-101,SITE-101-087,WK12,VS,1,DIABP,67
SYN-2026-01,SITE-101,SITE-101-087,WK12,VS,1,PULSE,77
SYN-2026-01,SITE-101,SITE-101-087,WK12,VS,1,TEMP,36.8
SYN-2026-01,SITE-101,SITE-101-087,WK12,VS,1,WEIGHT,66.4
SYN-2026-01,SITE-101,SITE-101-087,WK12,EX,1,EXSTDAT,2026-01-31
SYN-2026-01,SITE-101,SITE-101-087,WK12,EX,1,EXDOSE,25
SYN-2026-01,SITE-101,SITE-101-087,WK12,EX,1,EXADJ,N
SYN-2026-01,SITE-101,SITE-101-087,WK12,AE,1,AETERM,Arthralgia
SYN-2026-01,SITE-101,SITE-101-087,WK12,AE,1,AESTDAT,2026-01-16
SYN-2026-01,SITE-101,SITE-101-087,WK12,AE,1,AEOUT,UNKNOWN
SYN-2026-01,SITE-101,SITE-101-087,WK12,AE,1,AESEV,MILD
SYN-2026-01,SITE-101,SITE-101-087,WK12,AE,1,AESER,N
SYN-2026-01,SITE-101,SITE-101-087,WK12,AE,1,AEREL,POSSIBLE
SYN-2026-01,SITE-101,SITE-101-087,WK12,CM,1,CMTRT,Atorvastatin
SYN-2026-01,SITE-101,SITE-101-087,WK12,CM,1,CMINDC,Hypertension
SYN-2026-01,SITE-101,SITE-101-087,WK12,CM,1,CMSTDAT,2026-01-08
SYN-2026-01,SITE-101,SITE-101-087,WK12,CM,2,CMTRT,Ibuprofen
SYN-2026-01,SITE-101,SITE-101-087,WK12,CM,2,CMSTDAT,2025-12-24
SYN-2026-01,SITE-101,SITE-101-087,EOS,VS,1,VSDAT,2026-04-28
SYN-2026-01,SITE-101,SITE-101-087,EOS,VS,1,SYSBP,135
SYN-2026-01,SITE-101,SITE-101-087,EOS,VS,1,DIABP,79
SYN-2026-01,SITE-101,SITE-101-087,EOS,VS,1,PULSE,78
SYN-2026-01,SITE-101,SITE-101-087,EOS,VS,1,TEMP,36.7
SYN-2026-01,SITE-101,SITE-101-087,EOS,VS,1,WEIGHT,96.8
SYN-2026-01,SITE-101,SITE-101-087,EOS,AE,1,AETERM,Cough
SYN-2026-01,SITE-101,SITE-101-087,EOS,AE,1,AESTDAT,2026-04-21
SYN-2026-01,SITE-101,SITE-101-087,EOS,AE,1,AEOUT,RECOVERED
SYN-2026-01,SITE-101,SITE-101-087,EOS,AE,1,AEENDAT,2026-04-24
SYN-2026-01,SITE-101,SITE-101-087,EOS,AE,1,AESEV,MODERATE
SYN-2026-01,SITE-101,SITE-101-087,EOS,AE,1,AESER,N
SYN-2026-01,SITE-101,SITE-101-087,EOS,AE,1,AEREL,RELATED
SYN-2026-01,SITE-101,SITE-101-087,EOS,CM,1,CMTRT,Atorvastatin
SYN-2026-01,SITE-101,SITE-101-087,EOS,CM,1,CMINDC,Pain
SYN-2026-01,SITE-101,SITE-101-087,EOS,CM,1,CMSTDAT,2026-03-26
SYN-2026-01,SITE-101,SITE-101-087,EOS,CM,2,CMTRT,Salbutamol
SYN-2026-01,SITE-101,SITE-101-087,EOS,CM,2,CMINDC,Pain
SYN-2026-01,SITE-101,SITE-101-087,EOS,CM,2,CMSTDAT,2026-03-30
SYN-2026-01,SITE-101,SITE-101-087,EOS,CM,3,CMTRT,Atorvastatin
SYN-2026-01,SITE-101,SITE-101-087,EOS,CM,3,CMINDC,Pain
SYN-2026-01,SITE-101,SITE-101-087,EOS,CM,3,CMSTDAT,2026-03-03
SYN-2026-01,SITE-101,SITE-101-087,EOS,DS,1,DSCOMP,Y
SYN-2026-01,SITE-101,SITE-101-087,EOS,DS,1,DSSTDAT,2026-04-28
SYN-2026-01,SITE-102,SITE-102-088,SCR,DM,1,BRTHDAT,1964-09-19
SYN-2026-01,SITE-102,SITE-102-088,SCR,DM,1,SEX,M
SYN-2026-01,SITE-102,SITE-102-088,SCR,DM,1,RFICDAT,2025-09-04
SYN-2026-01,SITE-102,SITE-102-088,SCR,DM,1,ARM,B
SYN-2026-01,SITE-102,SITE-102-088,SCR,IE,1,IEYN,Y
SYN-2026-01,SITE-102,SITE-102-088,SCR,IE,1,AGEELIG,Y
SYN-2026-01,SITE-102,SITE-102-088,SCR,VS,1,VSDAT,2025-09-02
SYN-2026-01,SITE-102,SITE-102-088,SCR,VS,1,SYSBP,147
SYN-2026-01,SITE-102,SITE-102-088,SCR,VS,1,DIABP,69
SYN-2026-01,SITE-102,SITE-102-088,SCR,VS,1,PULSE,83
SYN-2026-01,SITE-102,SITE-102-088,SCR,VS,1,TEMP,36.6
SYN-2026-01,SITE-102,SITE-102-088,SCR,VS,1,WEIGHT,85.0
SYN-2026-01,SITE-102,SITE-102-088,SCR,MH,1,MHTERM,Hypertension
SYN-2026-01,SITE-102,SITE-102-088,SCR,MH,1,MHSTDAT,2018-03-27
SYN-2026-01,SITE-102,SITE-102-088,SCR,MH,1,MHONGO,Y
SYN-2026-01,SITE-102,SITE-102-088,SCR,MH,2,MHTERM,Type 2 diabetes mellitus
SYN-2026-01,SITE-102,SITE-102-088,SCR,MH,2,MHSTDAT,2022-06-03
SYN-2026-01,SITE-102,SITE-102-088,SCR,MH,2,MHONGO,N
SYN-2026-01,SITE-102,SITE-102-088,SCR,MH,3,MHTERM,Type 2 diabetes mellitus
SYN-2026-01,SITE-102,SITE-102-088,SCR,MH,3,MHSTDAT,2020-07-26
SYN-2026-01,SITE-102,SITE-102-088,SCR,MH,3,MHONGO,N
SYN-2026-01,SITE-102,SITE-102-088,BASE,VS,1,VSDAT,2025-09-16
SYN-2026-01,SITE-102,SITE-102-088,BASE,VS,1,SYSBP,149
SYN-2026-01,SITE-102,SITE-102-088,BASE,VS,1,DIABP,72
SYN-2026-01,SITE-102,SITE-102-088,BASE,VS,1,PULSE,71
SYN-2026-01,SITE-102,SITE-102-088,BASE,VS,1,TEMP,36.9
SYN-2026-01,SITE-102,SITE-102-088,BASE,VS,1,WEIGHT,94.9
SYN-2026-01,SITE-102,SITE-102-088,BASE,EX,1,EXSTDAT,2025-09-16
SYN-2026-01,SITE-102,SITE-102-088,BASE,EX,1,EXDOSE,50
SYN-2026-01,SITE-102,SITE-102-088,BASE,EX,1,EXADJ,N
SYN-2026-01,SITE-102,SITE-102-088,BASE,AE,1,AETERM,tired all the time
SYN-2026-01,SITE-102,SITE-102-088,BASE,AE,1,AESTDAT,2025-09-07
SYN-2026-01,SITE-102,SITE-102-088,BASE,AE,1,AEOUT,NOT RECOVERED
SYN-2026-01,SITE-102,SITE-102-088,BASE,AE,1,AESEV,MILD
SYN-2026-01,SITE-102,SITE-102-088,BASE,AE,1,AESER,N
SYN-2026-01,SITE-102,SITE-102-088,BASE,AE,1,AEREL,PROBABLE
SYN-2026-01,SITE-102,SITE-102-088,WK4,VS,1,VSDAT,2025-10-13
SYN-2026-01,SITE-102,SITE-102-088,WK4,VS,1,SYSBP,149
SYN-2026-01,SITE-102,SITE-102-088,WK4,VS,1,DIABP,57
SYN-2026-01,SITE-102,SITE-102-088,WK4,VS,1,PULSE,73
SYN-2026-01,SITE-102,SITE-102-088,WK4,VS,1,WEIGHT,60.3
SYN-2026-01,SITE-102,SITE-102-088,WK4,EX,1,EXSTDAT,2025-10-13
SYN-2026-01,SITE-102,SITE-102-088,WK4,EX,1,EXDOSE,50
SYN-2026-01,SITE-102,SITE-102-088,WK4,EX,1,EXADJ,N
SYN-2026-01,SITE-102,SITE-102-088,WK4,AE,1,AETERM,feeling sick to stomach
SYN-2026-01,SITE-102,SITE-102-088,WK4,AE,1,AESTDAT,2025-10-08
SYN-2026-01,SITE-102,SITE-102-088,WK4,AE,1,AEOUT,RECOVERED
SYN-2026-01,SITE-102,SITE-102-088,WK4,AE,1,AEENDAT,2025-10-26
SYN-2026-01,SITE-102,SITE-102-088,WK4,AE,1,AESEV,MODERATE
SYN-2026-01,SITE-102,SITE-102-088,WK4,AE,1,AESER,N
SYN-2026-01,SITE-102,SITE-102-088,WK4,AE,1,AEREL,POSSIBLE
SYN-2026-01,SITE-102,SITE-102-088,WK12,VS,1,VSDAT,2025-12-03
SYN-2026-01,SITE-102,SITE-102-088,WK12,VS,1,SYSBP,145
SYN-2026-01,SITE-102,SITE-102-088,WK12,VS,1,DIABP,79
SYN-2026-01,SITE-102,SITE-102-088,WK12,VS,1,PULSE,70
SYN-2026-01,SITE-102,SITE-102-088,WK12,VS,1,TEMP,36.0
SYN-2026-01,SITE-102,SITE-102-088,WK12,VS,1,WEIGHT,94.9
SYN-2026-01,SITE-102,SITE-102-088,WK12,EX,1,EXSTDAT,2025-12-03
SYN-2026-01,SITE-102,SITE-102-088,WK12,EX,1,EXDOSE,100
SYN-2026-01,SITE-102,SITE-102-088,WK12,EX,1,EXADJ,N
SYN-2026-01,SITE-102,SITE-102-088,WK12,AE,1,AETERM,BP high
SYN-2026-01,SITE-102,SITE-102-088,WK12,AE,1,AESTDAT,2025-11-18
SYN-2026-01,SITE-102,SITE-102-088,WK12,AE,1,AEOUT,RECOVERING
SYN-2026-01,SITE-102,SITE-102-088,WK12,AE,1,AESEV,MODERATE
SYN-2026-01,SITE-102,SITE-102-088,WK12,AE,1,AESER,N
SYN-2026-01,SITE-102,SITE-102-088,WK12,AE,1,AEREL,POSSIBLE
SYN-2026-01,SITE-102,SITE-102-088,WK12,AE,2,AETERM,Pyrexia
SYN-2026-01,SITE-102,SITE-102-088,WK12,AE,2,AESTDAT,2025-11-24
SYN-2026-01,SITE-102,SITE-102-088,WK12,AE,2,AEOUT,RECOVERED
SYN-2026-01,SITE-102,SITE-102-088,WK12,AE,2,AEENDAT,2025-12-07
SYN-2026-01,SITE-102,SITE-102-088,WK12,AE,2,AESEV,MILD
SYN-2026-01,SITE-102,SITE-102-088,WK12,AE,2,AESER,N
SYN-2026-01,SITE-102,SITE-102-088,WK12,AE,2,AEREL,NOT RELATED
SYN-2026-01,SITE-102,SITE-102-088,EOS,VS,1,VSDAT,2026-02-27
SYN-2026-01,SITE-102,SITE-102-088,EOS,VS,1,SYSBP,120
SYN-2026-01,SITE-102,SITE-102-088,EOS,VS,1,DIABP,72
SYN-2026-01,SITE-102,SITE-102-088,EOS,VS,1,PULSE,78
SYN-2026-01,SITE-102,SITE-102-088,EOS,VS,1,TEMP,36.3
SYN-2026-01,SITE-102,SITE-102-088,EOS,VS,1,WEIGHT,97.4
SYN-2026-01,SITE-102,SITE-102-088,EOS,AE,1,AETERM,sore throat and runny nose
SYN-2026-01,SITE-102,SITE-102-088,EOS,AE,1,AESTDAT,2026-02-23
SYN-2026-01,SITE-102,SITE-102-088,EOS,AE,1,AEOUT,NOT RECOVERED
SYN-2026-01,SITE-102,SITE-102-088,EOS,AE,1,AESEV,MODERATE
SYN-2026-01,SITE-102,SITE-102-088,EOS,AE,1,AESER,N
SYN-2026-01,SITE-102,SITE-102-088,EOS,AE,1,AEREL,UNLIKELY
SYN-2026-01,SITE-102,SITE-102-088,EOS,CM,1,CMTRT,Ibuprofen
SYN-2026-01,SITE-102,SITE-102-088,EOS,CM,1,CMINDC,Prophylaxis
SYN-2026-01,SITE-102,SITE-102-088,EOS,CM,1,CMSTDAT,2026-02-11
SYN-2026-01,SITE-102,SITE-102-088,EOS,DS,1,DSCOMP,Y
SYN-2026-01,SITE-102,SITE-102-088,EOS,DS,1,DSSTDAT,2026-02-27
SYN-2026-01,SITE-105,SITE-105-089,SCR,DM,1,BRTHDAT,2000-03-23
SYN-2026-01,SITE-105,SITE-105-089,SCR,DM,1,SEX,F
SYN-2026-01,SITE-105,SITE-105-089,SCR,DM,1,RFICDAT,2026-03-17
SYN-2026-01,SITE-105,SITE-105-089,SCR,DM,1,ARM,B
SYN-2026-01,SITE-105,SITE-105-089,SCR,IE,1,IEYN,Y
SYN-2026-01,SITE-105,SITE-105-089,SCR,IE,1,AGEELIG,Y
SYN-2026-01,SITE-105,SITE-105-089,SCR,VS,1,VSDAT,2026-03-13
SYN-2026-01,SITE-105,SITE-105-089,SCR,VS,1,SYSBP,108
SYN-2026-01,SITE-105,SITE-105-089,SCR,VS,1,DIABP,67
SYN-2026-01,SITE-105,SITE-105-089,SCR,VS,1,PULSE,45
SYN-2026-01,SITE-105,SITE-105-089,SCR,VS,1,TEMP,36.8
SYN-2026-01,SITE-105,SITE-105-089,SCR,VS,1,WEIGHT,88.0
SYN-2026-01,SITE-105,SITE-105-089,BASE,VS,1,VSDAT,2026-03-30
SYN-2026-01,SITE-105,SITE-105-089,BASE,VS,1,SYSBP,104
SYN-2026-01,SITE-105,SITE-105-089,BASE,VS,1,DIABP,81
SYN-2026-01,SITE-105,SITE-105-089,BASE,VS,1,PULSE,74
SYN-2026-01,SITE-105,SITE-105-089,BASE,VS,1,TEMP,36.8
SYN-2026-01,SITE-105,SITE-105-089,BASE,VS,1,WEIGHT,99.2
SYN-2026-01,SITE-105,SITE-105-089,BASE,EX,1,EXSTDAT,2026-03-30
SYN-2026-01,SITE-105,SITE-105-089,BASE,EX,1,EXDOSE,50
SYN-2026-01,SITE-105,SITE-105-089,BASE,EX,1,EXADJ,N
SYN-2026-01,SITE-105,SITE-105-089,BASE,AE,1,AETERM,Insomnia
SYN-2026-01,SITE-105,SITE-105-089,BASE,AE,1,AESTDAT,2026-03-17
SYN-2026-01,SITE-105,SITE-105-089,BASE,AE,1,AEOUT,RECOVERED
SYN-2026-01,SITE-105,SITE-105-089,BASE,AE,1,AESEV,MILD
SYN-2026-01,SITE-105,SITE-105-089,BASE,AE,1,AESER,N
SYN-2026-01,SITE-105,SITE-105-089,BASE,AE,1,AEREL,UNLIKELY
SYN-2026-01,SITE-105,SITE-105-089,WK4,VS,1,VSDAT,2026-04-28
SYN-2026-01,SITE-105,SITE-105-089,WK4,VS,1,SYSBP,144
SYN-2026-01,SITE-105,SITE-105-089,WK4,VS,1,DIABP,84
SYN-2026-01,SITE-105,SITE-105-089,WK4,VS,1,PULSE,80
SYN-2026-01,SITE-105,SITE-105-089,WK4,VS,1,TEMP,36.3
SYN-2026-01,SITE-105,SITE-105-089,WK4,VS,1,WEIGHT,81.5
SYN-2026-01,SITE-105,SITE-105-089,WK4,EX,1,EXSTDAT,2026-04-28
SYN-2026-01,SITE-105,SITE-105-089,WK4,EX,1,EXDOSE,50
SYN-2026-01,SITE-105,SITE-105-089,WK4,EX,1,EXADJ,N
SYN-2026-01,SITE-105,SITE-105-089,WK4,CM,1,CMTRT,Paracetamol
SYN-2026-01,SITE-105,SITE-105-089,WK4,CM,1,CMINDC,Pain
SYN-2026-01,SITE-105,SITE-105-089,WK4,CM,1,CMSTDAT,2026-04-21
SYN-2026-01,SITE-105,SITE-105-089,WK4,CM,2,CMTRT,advil
SYN-2026-01,SITE-105,SITE-105-089,WK4,CM,2,CMINDC,Infection
SYN-2026-01,SITE-105,SITE-105-089,WK4,CM,2,CMSTDAT,2026-04-08
SYN-2026-01,SITE-105,SITE-105-089,WK12,VS,1,VSDAT,2026-06-19
SYN-2026-01,SITE-105,SITE-105-089,WK12,VS,1,SYSBP,124
SYN-2026-01,SITE-105,SITE-105-089,WK12,VS,1,DIABP,75
SYN-2026-01,SITE-105,SITE-105-089,WK12,VS,1,PULSE,90
SYN-2026-01,SITE-105,SITE-105-089,WK12,VS,1,TEMP,36.2
SYN-2026-01,SITE-105,SITE-105-089,WK12,VS,1,WEIGHT,91.8
SYN-2026-01,SITE-105,SITE-105-089,WK12,EX,1,EXSTDAT,2026-06-19
SYN-2026-01,SITE-105,SITE-105-089,WK12,EX,1,EXDOSE,50
SYN-2026-01,SITE-105,SITE-105-089,WK12,EX,1,EXADJ,N
SYN-2026-01,SITE-105,SITE-105-089,WK12,AE,1,AETERM,Arthralgia
SYN-2026-01,SITE-105,SITE-105-089,WK12,AE,1,AESTDAT,2026-06-11
SYN-2026-01,SITE-105,SITE-105-089,WK12,AE,1,AEOUT,NOT RECOVERED
SYN-2026-01,SITE-105,SITE-105-089,WK12,AE,1,AESEV,MODERATE
SYN-2026-01,SITE-105,SITE-105-089,WK12,AE,1,AESER,N
SYN-2026-01,SITE-105,SITE-105-089,WK12,AE,1,AEREL,PROBABLE
SYN-2026-01,SITE-105,SITE-105-089,WK12,AE,2,AETERM,feeling sick to stomach
SYN-2026-01,SITE-105,SITE-105-089,WK12,AE,2,AESTDAT,2026-06-16
SYN-2026-01,SITE-105,SITE-105-089,WK12,AE,2,AEOUT,RECOVERED
SYN-2026-01,SITE-105,SITE-105-089,WK12,AE,2,AEENDAT,2026-06-19
SYN-2026-01,SITE-105,SITE-105-089,WK12,AE,2,AESEV,MODERATE
SYN-2026-01,SITE-105,SITE-105-089,WK12,AE,2,AESER,N
SYN-2026-01,SITE-105,SITE-105-089,WK12,AE,2,AEREL,NOT RELATED
SYN-2026-01,SITE-105,SITE-105-089,EOS,VS,1,VSDAT,2026-09-19
SYN-2026-01,SITE-105,SITE-105-089,EOS,VS,1,SYSBP,145
SYN-2026-01,SITE-105,SITE-105-089,EOS,VS,1,DIABP,93
SYN-2026-01,SITE-105,SITE-105-089,EOS,VS,1,PULSE,82
SYN-2026-01,SITE-105,SITE-105-089,EOS,VS,1,TEMP,37.2
SYN-2026-01,SITE-105,SITE-105-089,EOS,DS,1,DSCOMP,Y
SYN-2026-01,SITE-105,SITE-105-089,EOS,DS,1,DSSTDAT,2026-09-19
SYN-2026-01,SITE-104,SITE-104-090,SCR,DM,1,BRTHDAT,2001-02-07
SYN-2026-01,SITE-104,SITE-104-090,SCR,DM,1,SEX,F
SYN-2026-01,SITE-104,SITE-104-090,SCR,DM,1,RFICDAT,2026-02-01
SYN-2026-01,SITE-104,SITE-104-090,SCR,DM,1,ARM,B
SYN-2026-01,SITE-104,SITE-104-090,SCR,IE,1,IEYN,Y
SYN-2026-01,SITE-104,SITE-104-090,SCR,IE,1,AGEELIG,Y
SYN-2026-01,SITE-104,SITE-104-090,SCR,VS,1,VSDAT,2026-01-30
SYN-2026-01,SITE-104,SITE-104-090,SCR,VS,1,SYSBP,141
SYN-2026-01,SITE-104,SITE-104-090,SCR,VS,1,DIABP,100
SYN-2026-01,SITE-104,SITE-104-090,SCR,VS,1,PULSE,67
SYN-2026-01,SITE-104,SITE-104-090,SCR,VS,1,TEMP,36.5
SYN-2026-01,SITE-104,SITE-104-090,SCR,VS,1,WEIGHT,44.5
SYN-2026-01,SITE-104,SITE-104-090,BASE,VS,1,VSDAT,2026-02-14
SYN-2026-01,SITE-104,SITE-104-090,BASE,VS,1,SYSBP,127
SYN-2026-01,SITE-104,SITE-104-090,BASE,VS,1,DIABP,93
SYN-2026-01,SITE-104,SITE-104-090,BASE,VS,1,PULSE,77
SYN-2026-01,SITE-104,SITE-104-090,BASE,VS,1,TEMP,36.6
SYN-2026-01,SITE-104,SITE-104-090,BASE,VS,1,WEIGHT,79.1
SYN-2026-01,SITE-104,SITE-104-090,BASE,EX,1,EXSTDAT,2026-02-14
SYN-2026-01,SITE-104,SITE-104-090,BASE,EX,1,EXDOSE,25
SYN-2026-01,SITE-104,SITE-104-090,BASE,EX,1,EXADJ,N
SYN-2026-01,SITE-104,SITE-104-090,WK4,VS,1,VSDAT,2026-03-11
SYN-2026-01,SITE-104,SITE-104-090,WK4,VS,1,SYSBP,130
SYN-2026-01,SITE-104,SITE-104-090,WK4,VS,1,DIABP,94
SYN-2026-01,SITE-104,SITE-104-090,WK4,VS,1,PULSE,61
SYN-2026-01,SITE-104,SITE-104-090,WK4,VS,1,TEMP,36.3
SYN-2026-01,SITE-104,SITE-104-090,WK4,VS,1,WEIGHT,96.4
SYN-2026-01,SITE-104,SITE-104-090,WK4,EX,1,EXSTDAT,2026-03-11
SYN-2026-01,SITE-104,SITE-104-090,WK4,EX,1,EXDOSE,25
SYN-2026-01,SITE-104,SITE-104-090,WK4,EX,1,EXADJ,Y
SYN-2026-01,SITE-104,SITE-104-090,WK4,AE,1,AETERM,Arthralgia
SYN-2026-01,SITE-104,SITE-104-090,WK4,AE,1,AESTDAT,2026-02-22
SYN-2026-01,SITE-104,SITE-104-090,WK4,AE,1,AEOUT,RECOVERED
SYN-2026-01,SITE-104,SITE-104-090,WK4,AE,1,AEENDAT,2026-03-09
SYN-2026-01,SITE-104,SITE-104-090,WK4,AE,1,AESEV,MILD
SYN-2026-01,SITE-104,SITE-104-090,WK4,AE,1,AESER,N
SYN-2026-01,SITE-104,SITE-104-090,WK4,AE,1,AEREL,POSSIBLE
SYN-2026-01,SITE-104,SITE-104-090,WK4,AE,2,AETERM,not himself
SYN-2026-01,SITE-104,SITE-104-090,WK4,AE,2,AESTDAT,2026-02-28
SYN-2026-01,SITE-104,SITE-104-090,WK4,AE,2,AEOUT,RECOVERED
SYN-2026-01,SITE-104,SITE-104-090,WK4,AE,2,AEENDAT,2026-03-17
SYN-2026-01,SITE-104,SITE-104-090,WK4,AE,2,AESEV,MILD
SYN-2026-01,SITE-104,SITE-104-090,WK4,AE,2,AESER,N
SYN-2026-01,SITE-104,SITE-104-090,WK4,AE,2,AEREL,NOT RELATED
SYN-2026-01,SITE-104,SITE-104-090,WK4,AE,3,AETERM,not himself
SYN-2026-01,SITE-104,SITE-104-090,WK4,AE,3,AESTDAT,2026-02-26
SYN-2026-01,SITE-104,SITE-104-090,WK4,AE,3,AEOUT,NOT RECOVERED
SYN-2026-01,SITE-104,SITE-104-090,WK4,AE,3,AESEV,MILD
SYN-2026-01,SITE-104,SITE-104-090,WK4,AE,3,AESER,N
SYN-2026-01,SITE-104,SITE-104-090,WK4,AE,3,AEREL,PROBABLE
SYN-2026-01,SITE-104,SITE-104-090,WK4,CM,1,CMTRT,Salbutamol
SYN-2026-01,SITE-104,SITE-104-090,WK4,CM,1,CMSTDAT,2026-03-02
SYN-2026-01,SITE-104,SITE-104-090,WK4,CM,2,CMTRT,Amoxicillin
SYN-2026-01,SITE-104,SITE-104-090,WK4,CM,2,CMINDC,Hypertension
SYN-2026-01,SITE-104,SITE-104-090,WK4,CM,2,CMSTDAT,2026-03-10
SYN-2026-01,SITE-104,SITE-104-090,WK12,VS,1,VSDAT,2026-05-10
SYN-2026-01,SITE-104,SITE-104-090,WK12,VS,1,SYSBP,124
SYN-2026-01,SITE-104,SITE-104-090,WK12,VS,1,DIABP,91
SYN-2026-01,SITE-104,SITE-104-090,WK12,VS,1,PULSE,93
SYN-2026-01,SITE-104,SITE-104-090,WK12,VS,1,TEMP,36.6
SYN-2026-01,SITE-104,SITE-104-090,WK12,VS,1,WEIGHT,79.1
SYN-2026-01,SITE-104,SITE-104-090,WK12,EX,1,EXSTDAT,2026-05-10
SYN-2026-01,SITE-104,SITE-104-090,WK12,EX,1,EXDOSE,50
SYN-2026-01,SITE-104,SITE-104-090,WK12,EX,1,EXADJ,N
SYN-2026-01,SITE-104,SITE-104-090,WK12,CM,1,CMTRT,Ibuprofen
SYN-2026-01,SITE-104,SITE-104-090,WK12,CM,1,CMINDC,Prophylaxis
SYN-2026-01,SITE-104,SITE-104-090,WK12,CM,1,CMSTDAT,2026-04-15
SYN-2026-01,SITE-104,SITE-104-090,EOS,VS,1,VSDAT,2026-07-31
SYN-2026-01,SITE-104,SITE-104-090,EOS,VS,1,SYSBP,134
SYN-2026-01,SITE-104,SITE-104-090,EOS,VS,1,DIABP,76
SYN-2026-01,SITE-104,SITE-104-090,EOS,VS,1,PULSE,79
SYN-2026-01,SITE-104,SITE-104-090,EOS,VS,1,TEMP,36.7
SYN-2026-01,SITE-104,SITE-104-090,EOS,VS,1,WEIGHT,48.9
SYN-2026-01,SITE-104,SITE-104-090,EOS,DS,1,DSCOMP,Y
SYN-2026-01,SITE-104,SITE-104-090,EOS,DS,1,DSSTDAT,2026-07-31
SYN-2026-01,SITE-104,SITE-104-091,SCR,DM,1,BRTHDAT,2007-11-21
SYN-2026-01,SITE-104,SITE-104-091,SCR,DM,1,SEX,F
SYN-2026-01,SITE-104,SITE-104-091,SCR,DM,1,RFICDAT,2025-11-16
SYN-2026-01,SITE-104,SITE-104-091,SCR,DM,1,ARM,A
SYN-2026-01,SITE-104,SITE-104-091,SCR,IE,1,IEYN,Y
SYN-2026-01,SITE-104,SITE-104-091,SCR,IE,1,AGEELIG,Y
SYN-2026-01,SITE-104,SITE-104-091,SCR,VS,1,VSDAT,2025-11-17
SYN-2026-01,SITE-104,SITE-104-091,SCR,VS,1,SYSBP,108
SYN-2026-01,SITE-104,SITE-104-091,SCR,VS,1,DIABP,86
SYN-2026-01,SITE-104,SITE-104-091,SCR,VS,1,PULSE,78
SYN-2026-01,SITE-104,SITE-104-091,SCR,VS,1,TEMP,36.8
SYN-2026-01,SITE-104,SITE-104-091,SCR,VS,1,WEIGHT,101.1
SYN-2026-01,SITE-104,SITE-104-091,BASE,VS,1,VSDAT,2025-12-02
SYN-2026-01,SITE-104,SITE-104-091,BASE,VS,1,SYSBP,127
SYN-2026-01,SITE-104,SITE-104-091,BASE,VS,1,DIABP,73
SYN-2026-01,SITE-104,SITE-104-091,BASE,VS,1,PULSE,79
SYN-2026-01,SITE-104,SITE-104-091,BASE,VS,1,TEMP,36.4
SYN-2026-01,SITE-104,SITE-104-091,BASE,VS,1,WEIGHT,72.7
SYN-2026-01,SITE-104,SITE-104-091,BASE,EX,1,EXSTDAT,2025-12-02
SYN-2026-01,SITE-104,SITE-104-091,BASE,EX,1,EXDOSE,25
SYN-2026-01,SITE-104,SITE-104-091,BASE,EX,1,EXADJ,N
SYN-2026-01,SITE-104,SITE-104-091,BASE,AE,1,AETERM,Diarrhoea
SYN-2026-01,SITE-104,SITE-104-091,BASE,AE,1,AESTDAT,2025-10-27
SYN-2026-01,SITE-104,SITE-104-091,BASE,AE,1,AEOUT,RECOVERED
SYN-2026-01,SITE-104,SITE-104-091,BASE,AE,1,AEENDAT,2025-11-13
SYN-2026-01,SITE-104,SITE-104-091,BASE,AE,1,AESEV,MILD
SYN-2026-01,SITE-104,SITE-104-091,BASE,AE,1,AESER,N
SYN-2026-01,SITE-104,SITE-104-091,BASE,AE,1,AEREL,PROBABLE
SYN-2026-01,SITE-104,SITE-104-091,BASE,AE,2,AETERM,not himself
SYN-2026-01,SITE-104,SITE-104-091,BASE,AE,2,AESTDAT,2025-11-25
SYN-2026-01,SITE-104,SITE-104-091,BASE,AE,2,AEOUT,NOT RECOVERED
SYN-2026-01,SITE-104,SITE-104-091,BASE,AE,2,AESEV,MILD
SYN-2026-01,SITE-104,SITE-104-091,BASE,AE,2,AESER,Y
SYN-2026-01,SITE-104,SITE-104-091,BASE,AE,2,AEREL,RELATED
SYN-2026-01,SITE-104,SITE-104-091,BASE,AE,2,AEACN,DRUG WITHDRAWN
SYN-2026-01,SITE-104,SITE-104-091,BASE,AE,3,AETERM,Cough
SYN-2026-01,SITE-104,SITE-104-091,BASE,AE,3,AESTDAT,2025-11-28
SYN-2026-01,SITE-104,SITE-104-091,BASE,AE,3,AEOUT,RECOVERED
SYN-2026-01,SITE-104,SITE-104-091,BASE,AE,3,AEENDAT,2025-11-29
SYN-2026-01,SITE-104,SITE-104-091,BASE,AE,3,AESEV,MODERATE
SYN-2026-01,SITE-104,SITE-104-091,BASE,AE,3,AESER,N
SYN-2026-01,SITE-104,SITE-104-091,BASE,AE,3,AEREL,NOT RELATED
SYN-2026-01,SITE-104,SITE-104-091,WK4,VS,1,VSDAT,2025-12-30
SYN-2026-01,SITE-104,SITE-104-091,WK4,VS,1,SYSBP,130
SYN-2026-01,SITE-104,SITE-104-091,WK4,VS,1,DIABP,69
SYN-2026-01,SITE-104,SITE-104-091,WK4,VS,1,PULSE,85
SYN-2026-01,SITE-104,SITE-104-091,WK4,VS,1,TEMP,36.8
SYN-2026-01,SITE-104,SITE-104-091,WK4,VS,1,WEIGHT,68.3
SYN-2026-01,SITE-104,SITE-104-091,WK4,EX,1,EXSTDAT,2025-12-30
SYN-2026-01,SITE-104,SITE-104-091,WK4,EX,1,EXDOSE,50
SYN-2026-01,SITE-104,SITE-104-091,WK4,EX,1,EXADJ,N
SYN-2026-01,SITE-104,SITE-104-091,WK4,AE,1,AETERM,not himself
SYN-2026-01,SITE-104,SITE-104-091,WK4,AE,1,AESTDAT,2025-12-18
SYN-2026-01,SITE-104,SITE-104-091,WK4,AE,1,AEOUT,RECOVERED
SYN-2026-01,SITE-104,SITE-104-091,WK4,AE,1,AESEV,MILD
SYN-2026-01,SITE-104,SITE-104-091,WK4,AE,1,AESER,N
SYN-2026-01,SITE-104,SITE-104-091,WK4,AE,1,AEREL,RELATED
SYN-2026-01,SITE-104,SITE-104-091,WK4,CM,1,CMTRT,Atorvastatin
SYN-2026-01,SITE-104,SITE-104-091,WK4,CM,1,CMSTDAT,2025-11-09
SYN-2026-01,SITE-104,SITE-104-091,WK12,VS,1,VSDAT,2026-02-18
SYN-2026-01,SITE-104,SITE-104-091,WK12,VS,1,SYSBP,109
SYN-2026-01,SITE-104,SITE-104-091,WK12,VS,1,DIABP,70
SYN-2026-01,SITE-104,SITE-104-091,WK12,VS,1,PULSE,67
SYN-2026-01,SITE-104,SITE-104-091,WK12,VS,1,TEMP,36.3
SYN-2026-01,SITE-104,SITE-104-091,WK12,VS,1,WEIGHT,96.1
SYN-2026-01,SITE-104,SITE-104-091,WK12,EX,1,EXSTDAT,2026-02-18
SYN-2026-01,SITE-104,SITE-104-091,WK12,EX,1,EXDOSE,50
SYN-2026-01,SITE-104,SITE-104-091,WK12,EX,1,EXADJ,N
SYN-2026-01,SITE-104,SITE-104-091,WK12,CM,1,CMTRT,tylenol
SYN-2026-01,SITE-104,SITE-104-091,WK12,CM,1,CMINDC,Hypertension
SYN-2026-01,SITE-104,SITE-104-091,WK12,CM,1,CMSTDAT,2025-12-22
SYN-2026-01,SITE-104,SITE-104-091,EOS,VS,1,VSDAT,2026-05-14
SYN-2026-01,SITE-104,SITE-104-091,EOS,VS,1,SYSBP,111
SYN-2026-01,SITE-104,SITE-104-091,EOS,VS,1,DIABP,70
SYN-2026-01,SITE-104,SITE-104-091,EOS,VS,1,PULSE,71
SYN-2026-01,SITE-104,SITE-104-091,EOS,VS,1,TEMP,37.0
SYN-2026-01,SITE-104,SITE-104-091,EOS,VS,1,WEIGHT,95.5
SYN-2026-01,SITE-104,SITE-104-091,EOS,AE,1,AETERM,Pyrexia
SYN-2026-01,SITE-104,SITE-104-091,EOS,AE,1,AESTDAT,2026-04-29
SYN-2026-01,SITE-104,SITE-104-091,EOS,AE,1,AEOUT,RECOVERED
SYN-2026-01,SITE-104,SITE-104-091,EOS,AE,1,AEENDAT,2026-05-07
SYN-2026-01,SITE-104,SITE-104-091,EOS,AE,1,AESEV,MODERATE
SYN-2026-01,SITE-104,SITE-104-091,EOS,AE,1,AESER,N
SYN-2026-01,SITE-104,SITE-104-091,EOS,AE,1,AEREL,PROBABLE
SYN-2026-01,SITE-104,SITE-104-091,EOS,AE,2,AETERM,not himself
SYN-2026-01,SITE-104,SITE-104-091,EOS,AE,2,AESTDAT,2026-05-02
SYN-2026-01,SITE-104,SITE-104-091,EOS,AE,2,AEOUT,RECOVERED
SYN-2026-01,SITE-104,SITE-104-091,EOS,AE,2,AEENDAT,2026-05-04
SYN-2026-01,SITE-104,SITE-104-091,EOS,AE,2,AESEV,MILD
SYN-2026-01,SITE-104,SITE-104-091,EOS,AE,2,AESER,N
SYN-2026-01,SITE-104,SITE-104-091,EOS,AE,2,AEREL,UNLIKELY
SYN-2026-01,SITE-104,SITE-104-091,EOS,CM,1,CMTRT,Omeprazole
SYN-2026-01,SITE-104,SITE-104-091,EOS,CM,1,CMINDC,Prophylaxis
SYN-2026-01,SITE-104,SITE-104-091,EOS,CM,1,CMSTDAT,2026-04-18
SYN-2026-01,SITE-104,SITE-104-091,EOS,CM,2,CMTRT,Ibuprofen
SYN-2026-01,SITE-104,SITE-104-091,EOS,CM,2,CMINDC,Pain
SYN-2026-01,SITE-104,SITE-104-091,EOS,CM,2,CMSTDAT,2026-04-21
SYN-2026-01,SITE-104,SITE-104-091,EOS,CM,3,CMTRT,tylenol
SYN-2026-01,SITE-104,SITE-104-091,EOS,CM,3,CMINDC,Prophylaxis
SYN-2026-01,SITE-104,SITE-104-091,EOS,CM,3,CMSTDAT,2026-04-17
SYN-2026-01,SITE-104,SITE-104-091,EOS,DS,1,DSCOMP,Y
SYN-2026-01,SITE-104,SITE-104-091,EOS,DS,1,DSSTDAT,2026-05-14
SYN-2026-01,SITE-104,SITE-104-092,SCR,DM,1,BRTHDAT,2006-02-01
SYN-2026-01,SITE-104,SITE-104-092,SCR,DM,1,SEX,F
SYN-2026-01,SITE-104,SITE-104-092,SCR,DM,1,RFICDAT,2026-01-27
SYN-2026-01,SITE-104,SITE-104-092,SCR,DM,1,ARM,A
SYN-2026-01,SITE-104,SITE-104-092,SCR,IE,1,IEYN,Y
SYN-2026-01,SITE-104,SITE-104-092,SCR,IE,1,AGEELIG,Y
SYN-2026-01,SITE-104,SITE-104-092,SCR,VS,1,VSDAT,2026-01-24
SYN-2026-01,SITE-104,SITE-104-092,SCR,VS,1,SYSBP,137
SYN-2026-01,SITE-104,SITE-104-092,SCR,VS,1,DIABP,82
SYN-2026-01,SITE-104,SITE-104-092,SCR,VS,1,PULSE,65
SYN-2026-01,SITE-104,SITE-104-092,SCR,VS,1,WEIGHT,79.6
SYN-2026-01,SITE-104,SITE-104-092,SCR,MH,1,MHTERM,Osteoarthritis
SYN-2026-01,SITE-104,SITE-104-092,SCR,MH,1,MHSTDAT,2019-10-11
SYN-2026-01,SITE-104,SITE-104-092,SCR,MH,1,MHONGO,N
SYN-2026-01,SITE-104,SITE-104-092,BASE,VS,1,VSDAT,2026-02-06
SYN-2026-01,SITE-104,SITE-104-092,BASE,VS,1,SYSBP,100
SYN-2026-01,SITE-104,SITE-104-092,BASE,VS,1,DIABP,84
SYN-2026-01,SITE-104,SITE-104-092,BASE,VS,1,PULSE,61
SYN-2026-01,SITE-104,SITE-104-092,BASE,VS,1,TEMP,36.9
SYN-2026-01,SITE-104,SITE-104-092,BASE,VS,1,WEIGHT,86.9
SYN-2026-01,SITE-104,SITE-104-092,BASE,EX,1,EXSTDAT,2026-02-06
SYN-2026-01,SITE-104,SITE-104-092,BASE,EX,1,EXDOSE,50
SYN-2026-01,SITE-104,SITE-104-092,BASE,EX,1,EXADJ,N
SYN-2026-01,SITE-104,SITE-104-092,WK4,VS,1,VSDAT,2026-03-07
SYN-2026-01,SITE-104,SITE-104-092,WK4,VS,1,SYSBP,106
SYN-2026-01,SITE-104,SITE-104-092,WK4,VS,1,DIABP,55
SYN-2026-01,SITE-104,SITE-104-092,WK4,VS,1,PULSE,82
SYN-2026-01,SITE-104,SITE-104-092,WK4,VS,1,TEMP,36.9
SYN-2026-01,SITE-104,SITE-104-092,WK4,VS,1,WEIGHT,87.8
SYN-2026-01,SITE-104,SITE-104-092,WK4,EX,1,EXSTDAT,2026-03-07
SYN-2026-01,SITE-104,SITE-104-092,WK4,EX,1,EXDOSE,25
SYN-2026-01,SITE-104,SITE-104-092,WK4,EX,1,EXADJ,N
SYN-2026-01,SITE-104,SITE-104-092,WK4,CM,1,CMTRT,Atorvastatin
SYN-2026-01,SITE-104,SITE-104-092,WK4,CM,1,CMINDC,Prophylaxis
SYN-2026-01,SITE-104,SITE-104-092,WK4,CM,1,CMSTDAT,2026-03-07
SYN-2026-01,SITE-104,SITE-104-092,WK12,VS,1,VSDAT,2026-04-25
SYN-2026-01,SITE-104,SITE-104-092,WK12,VS,1,SYSBP,107
SYN-2026-01,SITE-104,SITE-104-092,WK12,VS,1,DIABP,94
SYN-2026-01,SITE-104,SITE-104-092,WK12,VS,1,PULSE,76
SYN-2026-01,SITE-104,SITE-104-092,WK12,VS,1,TEMP,36.1
SYN-2026-01,SITE-104,SITE-104-092,WK12,VS,1,WEIGHT,66.3
SYN-2026-01,SITE-104,SITE-104-092,WK12,EX,1,EXSTDAT,2026-04-25
SYN-2026-01,SITE-104,SITE-104-092,WK12,EX,1,EXDOSE,25
SYN-2026-01,SITE-104,SITE-104-092,WK12,EX,1,EXADJ,N
SYN-2026-01,SITE-104,SITE-104-092,WK12,AE,1,AETERM,Cough
SYN-2026-01,SITE-104,SITE-104-092,WK12,AE,1,AESTDAT,2026-04-23
SYN-2026-01,SITE-104,SITE-104-092,WK12,AE,1,AEOUT,NOT RECOVERED
SYN-2026-01,SITE-104,SITE-104-092,WK12,AE,1,AESEV,MILD
SYN-2026-01,SITE-104,SITE-104-092,WK12,AE,1,AESER,N
SYN-2026-01,SITE-104,SITE-104-092,WK12,AE,1,AEREL,NOT RELATED
SYN-2026-01,SITE-104,SITE-104-092,WK12,AE,2,AETERM,Back pain
SYN-2026-01,SITE-104,SITE-104-092,WK12,AE,2,AESTDAT,2026-04-12
SYN-2026-01,SITE-104,SITE-104-092,WK12,AE,2,AEOUT,RECOVERING
SYN-2026-01,SITE-104,SITE-104-092,WK12,AE,2,AESEV,SEVERE
SYN-2026-01,SITE-104,SITE-104-092,WK12,AE,2,AESER,N
SYN-2026-01,SITE-104,SITE-104-092,WK12,AE,2,AEREL,RELATED
SYN-2026-01,SITE-104,SITE-104-092,WK12,CM,1,CMTRT,tylenol
SYN-2026-01,SITE-104,SITE-104-092,WK12,CM,1,CMINDC,Prophylaxis
SYN-2026-01,SITE-104,SITE-104-092,WK12,CM,1,CMSTDAT,2026-03-18
SYN-2026-01,SITE-104,SITE-104-092,WK12,CM,2,CMTRT,Omeprazole
SYN-2026-01,SITE-104,SITE-104-092,WK12,CM,2,CMINDC,Hypertension
SYN-2026-01,SITE-104,SITE-104-092,WK12,CM,2,CMSTDAT,2026-03-24
SYN-2026-01,SITE-104,SITE-104-092,EOS,VS,1,VSDAT,2026-07-27
SYN-2026-01,SITE-104,SITE-104-092,EOS,VS,1,SYSBP,113
SYN-2026-01,SITE-104,SITE-104-092,EOS,VS,1,DIABP,80
SYN-2026-01,SITE-104,SITE-104-092,EOS,VS,1,PULSE,78
SYN-2026-01,SITE-104,SITE-104-092,EOS,VS,1,TEMP,36.7
SYN-2026-01,SITE-104,SITE-104-092,EOS,VS,1,WEIGHT,92.2
SYN-2026-01,SITE-104,SITE-104-092,EOS,AE,1,AETERM,Rash
SYN-2026-01,SITE-104,SITE-104-092,EOS,AE,1,AESTDAT,2026-07-10
SYN-2026-01,SITE-104,SITE-104-092,EOS,AE,1,AEOUT,UNKNOWN
SYN-2026-01,SITE-104,SITE-104-092,EOS,AE,1,AESEV,MILD
SYN-2026-01,SITE-104,SITE-104-092,EOS,AE,1,AESER,N
SYN-2026-01,SITE-104,SITE-104-092,EOS,AE,1,AEREL,POSSIBLE
SYN-2026-01,SITE-104,SITE-104-092,EOS,CM,1,CMTRT,Salbutamol
SYN-2026-01,SITE-104,SITE-104-092,EOS,CM,1,CMSTDAT,2026-06-12
SYN-2026-01,SITE-104,SITE-104-092,EOS,CM,2,CMTRT,Metformin
SYN-2026-01,SITE-104,SITE-104-092,EOS,CM,2,CMINDC,Hypertension
SYN-2026-01,SITE-104,SITE-104-092,EOS,CM,2,CMSTDAT,2026-07-26
SYN-2026-01,SITE-104,SITE-104-092,EOS,DS,1,DSCOMP,Y
SYN-2026-01,SITE-104,SITE-104-092,EOS,DS,1,DSSTDAT,2026-07-27
SYN-2026-01,SITE-103,SITE-103-093,SCR,DM,1,BRTHDAT,1999-02-25
SYN-2026-01,SITE-103,SITE-103-093,SCR,DM,1,SEX,F
SYN-2026-01,SITE-103,SITE-103-093,SCR,DM,1,RFICDAT,2026-02-18
SYN-2026-01,SITE-103,SITE-103-093,SCR,DM,1,ARM,B
SYN-2026-01,SITE-103,SITE-103-093,SCR,IE,1,IEYN,Y
SYN-2026-01,SITE-103,SITE-103-093,SCR,IE,1,AGEELIG,Y
SYN-2026-01,SITE-103,SITE-103-093,SCR,VS,1,VSDAT,2026-02-20
SYN-2026-01,SITE-103,SITE-103-093,SCR,VS,1,SYSBP,122
SYN-2026-01,SITE-103,SITE-103-093,SCR,VS,1,DIABP,71
SYN-2026-01,SITE-103,SITE-103-093,SCR,VS,1,PULSE,75
SYN-2026-01,SITE-103,SITE-103-093,SCR,VS,1,TEMP,36.9
SYN-2026-01,SITE-103,SITE-103-093,SCR,VS,1,WEIGHT,64.2
SYN-2026-01,SITE-103,SITE-103-093,BASE,VS,1,VSDAT,2026-03-07
SYN-2026-01,SITE-103,SITE-103-093,BASE,VS,1,SYSBP,121
SYN-2026-01,SITE-103,SITE-103-093,BASE,VS,1,DIABP,65
SYN-2026-01,SITE-103,SITE-103-093,BASE,VS,1,PULSE,60
SYN-2026-01,SITE-103,SITE-103-093,BASE,VS,1,TEMP,36.5
SYN-2026-01,SITE-103,SITE-103-093,BASE,VS,1,WEIGHT,99.8
SYN-2026-01,SITE-103,SITE-103-093,BASE,EX,1,EXSTDAT,2026-03-07
SYN-2026-01,SITE-103,SITE-103-093,BASE,EX,1,EXDOSE,50
SYN-2026-01,SITE-103,SITE-103-093,BASE,EX,1,EXADJ,N
SYN-2026-01,SITE-103,SITE-103-093,BASE,AE,1,AETERM,Dizziness
SYN-2026-01,SITE-103,SITE-103-093,BASE,AE,1,AESTDAT,2026-02-18
SYN-2026-01,SITE-103,SITE-103-093,BASE,AE,1,AEOUT,UNKNOWN
SYN-2026-01,SITE-103,SITE-103-093,BASE,AE,1,AESEV,MILD
SYN-2026-01,SITE-103,SITE-103-093,BASE,AE,1,AESER,N
SYN-2026-01,SITE-103,SITE-103-093,BASE,AE,1,AEREL,NOT RELATED
SYN-2026-01,SITE-103,SITE-103-093,BASE,AE,2,AETERM,tired all the time
SYN-2026-01,SITE-103,SITE-103-093,BASE,AE,2,AESTDAT,2026-02-27
SYN-2026-01,SITE-103,SITE-103-093,BASE,AE,2,AEOUT,UNKNOWN
SYN-2026-01,SITE-103,SITE-103-093,BASE,AE,2,AESEV,SEVERE
SYN-2026-01,SITE-103,SITE-103-093,BASE,AE,2,AESER,N
SYN-2026-01,SITE-103,SITE-103-093,BASE,AE,2,AEREL,POSSIBLE
SYN-2026-01,SITE-103,SITE-103-093,WK4,VS,1,VSDAT,2026-04-03
SYN-2026-01,SITE-103,SITE-103-093,WK4,VS,1,SYSBP,121
SYN-2026-01,SITE-103,SITE-103-093,WK4,VS,1,DIABP,91
SYN-2026-01,SITE-103,SITE-103-093,WK4,VS,1,PULSE,90
SYN-2026-01,SITE-103,SITE-103-093,WK4,VS,1,TEMP,36.9
SYN-2026-01,SITE-103,SITE-103-093,WK4,VS,1,WEIGHT,64.6
SYN-2026-01,SITE-103,SITE-103-093,WK4,EX,1,EXSTDAT,2026-04-03
SYN-2026-01,SITE-103,SITE-103-093,WK4,EX,1,EXDOSE,50
SYN-2026-01,SITE-103,SITE-103-093,WK4,EX,1,EXADJ,N
SYN-2026-01,SITE-103,SITE-103-093,WK4,CM,1,CMTRT,tylenol
SYN-2026-01,SITE-103,SITE-103-093,WK4,CM,1,CMSTDAT,2026-03-14
SYN-2026-01,SITE-103,SITE-103-093,WK12,VS,1,VSDAT,2026-05-25
SYN-2026-01,SITE-103,SITE-103-093,WK12,VS,1,SYSBP,132
SYN-2026-01,SITE-103,SITE-103-093,WK12,VS,1,DIABP,90
SYN-2026-01,SITE-103,SITE-103-093,WK12,VS,1,PULSE,58
SYN-2026-01,SITE-103,SITE-103-093,WK12,VS,1,TEMP,37.2
SYN-2026-01,SITE-103,SITE-103-093,WK12,VS,1,WEIGHT,89.7
SYN-2026-01,SITE-103,SITE-103-093,WK12,EX,1,EXSTDAT,2026-05-25
SYN-2026-01,SITE-103,SITE-103-093,WK12,EX,1,EXDOSE,100
SYN-2026-01,SITE-103,SITE-103-093,WK12,EX,1,EXADJ,N
SYN-2026-01,SITE-103,SITE-103-093,WK12,AE,1,AETERM,Pyrexia
SYN-2026-01,SITE-103,SITE-103-093,WK12,AE,1,AESTDAT,2026-05-22
SYN-2026-01,SITE-103,SITE-103-093,WK12,AE,1,AEOUT,RECOVERED
SYN-2026-01,SITE-103,SITE-103-093,WK12,AE,1,AEENDAT,2026-06-10
SYN-2026-01,SITE-103,SITE-103-093,WK12,AE,1,AESEV,MILD
SYN-2026-01,SITE-103,SITE-103-093,WK12,AE,1,AESER,N
SYN-2026-01,SITE-103,SITE-103-093,WK12,AE,1,AEREL,RELATED
SYN-2026-01,SITE-103,SITE-103-093,WK12,CM,1,CMTRT,Omeprazole
SYN-2026-01,SITE-103,SITE-103-093,WK12,CM,1,CMINDC,Pain
SYN-2026-01,SITE-103,SITE-103-093,WK12,CM,1,CMSTDAT,2026-05-08
SYN-2026-01,SITE-103,SITE-103-093,EOS,VS,1,VSDAT,2026-08-20
SYN-2026-01,SITE-103,SITE-103-093,EOS,VS,1,SYSBP,136
SYN-2026-01,SITE-103,SITE-103-093,EOS,VS,1,DIABP,93
SYN-2026-01,SITE-103,SITE-103-093,EOS,VS,1,PULSE,74
SYN-2026-01,SITE-103,SITE-103-093,EOS,VS,1,TEMP,36.9
SYN-2026-01,SITE-103,SITE-103-093,EOS,VS,1,WEIGHT,77.2
SYN-2026-01,SITE-103,SITE-103-093,EOS,CM,1,CMTRT,Salbutamol
SYN-2026-01,SITE-103,SITE-103-093,EOS,CM,1,CMINDC,Prophylaxis
SYN-2026-01,SITE-103,SITE-103-093,EOS,CM,1,CMSTDAT,2026-07-08
SYN-2026-01,SITE-103,SITE-103-093,EOS,DS,1,DSCOMP,Y
SYN-2026-01,SITE-103,SITE-103-093,EOS,DS,1,DSSTDAT,2026-08-20
SYN-2026-01,SITE-105,SITE-105-094,SCR,DM,1,BRTHDAT,1980-03-01
SYN-2026-01,SITE-105,SITE-105-094,SCR,DM,1,SEX,F
SYN-2026-01,SITE-105,SITE-105-094,SCR,DM,1,RFICDAT,2026-02-18
SYN-2026-01,SITE-105,SITE-105-094,SCR,DM,1,ARM,B
SYN-2026-01,SITE-105,SITE-105-094,SCR,IE,1,IEYN,Y
SYN-2026-01,SITE-105,SITE-105-094,SCR,IE,1,AGEELIG,Y
SYN-2026-01,SITE-105,SITE-105-094,SCR,VS,1,VSDAT,2026-02-18
SYN-2026-01,SITE-105,SITE-105-094,SCR,VS,1,SYSBP,128
SYN-2026-01,SITE-105,SITE-105-094,SCR,VS,1,DIABP,71
SYN-2026-01,SITE-105,SITE-105-094,SCR,VS,1,PULSE,93
SYN-2026-01,SITE-105,SITE-105-094,SCR,VS,1,WEIGHT,64.3
SYN-2026-01,SITE-105,SITE-105-094,BASE,VS,1,VSDAT,2026-03-01
SYN-2026-01,SITE-105,SITE-105-094,BASE,VS,1,SYSBP,96
SYN-2026-01,SITE-105,SITE-105-094,BASE,VS,1,DIABP,78
SYN-2026-01,SITE-105,SITE-105-094,BASE,VS,1,PULSE,98
SYN-2026-01,SITE-105,SITE-105-094,BASE,VS,1,TEMP,37.4
SYN-2026-01,SITE-105,SITE-105-094,BASE,VS,1,WEIGHT,65.2
SYN-2026-01,SITE-105,SITE-105-094,BASE,EX,1,EXSTDAT,2026-03-01
SYN-2026-01,SITE-105,SITE-105-094,BASE,EX,1,EXDOSE,25
SYN-2026-01,SITE-105,SITE-105-094,BASE,EX,1,EXADJ,N
SYN-2026-01,SITE-105,SITE-105-094,WK4,VS,1,VSDAT,2026-03-31
SYN-2026-01,SITE-105,SITE-105-094,WK4,VS,1,SYSBP,126
SYN-2026-01,SITE-105,SITE-105-094,WK4,VS,1,DIABP,84
SYN-2026-01,SITE-105,SITE-105-094,WK4,VS,1,PULSE,52
SYN-2026-01,SITE-105,SITE-105-094,WK4,VS,1,TEMP,37.4
SYN-2026-01,SITE-105,SITE-105-094,WK4,VS,1,WEIGHT,81.6
SYN-2026-01,SITE-105,SITE-105-094,WK4,EX,1,EXSTDAT,2026-03-31
SYN-2026-01,SITE-105,SITE-105-094,WK4,EX,1,EXDOSE,50
SYN-2026-01,SITE-105,SITE-105-094,WK4,EX,1,EXADJ,N
SYN-2026-01,SITE-105,SITE-105-094,WK12,VS,1,VSDAT,2026-05-27
SYN-2026-01,SITE-105,SITE-105-094,WK12,VS,1,SYSBP,120
SYN-2026-01,SITE-105,SITE-105-094,WK12,VS,1,DIABP,79
SYN-2026-01,SITE-105,SITE-105-094,WK12,VS,1,PULSE,86
SYN-2026-01,SITE-105,SITE-105-094,WK12,VS,1,TEMP,36.7
SYN-2026-01,SITE-105,SITE-105-094,WK12,VS,1,WEIGHT,64.8
SYN-2026-01,SITE-105,SITE-105-094,WK12,EX,1,EXSTDAT,2026-05-27
SYN-2026-01,SITE-105,SITE-105-094,WK12,EX,1,EXDOSE,100
SYN-2026-01,SITE-105,SITE-105-094,WK12,EX,1,EXADJ,N
SYN-2026-01,SITE-105,SITE-105-094,EOS,VS,1,VSDAT,2026-08-08
SYN-2026-01,SITE-105,SITE-105-094,EOS,VS,1,SYSBP,147
SYN-2026-01,SITE-105,SITE-105-094,EOS,VS,1,DIABP,73
SYN-2026-01,SITE-105,SITE-105-094,EOS,VS,1,PULSE,82
SYN-2026-01,SITE-105,SITE-105-094,EOS,VS,1,TEMP,36.9
SYN-2026-01,SITE-105,SITE-105-094,EOS,VS,1,WEIGHT,84.0
SYN-2026-01,SITE-105,SITE-105-094,EOS,AE,1,AETERM,Cough
SYN-2026-01,SITE-105,SITE-105-094,EOS,AE,1,AESTDAT,2026-07-30
SYN-2026-01,SITE-105,SITE-105-094,EOS,AE,1,AEOUT,RECOVERED
SYN-2026-01,SITE-105,SITE-105-094,EOS,AE,1,AEENDAT,2026-08-02
SYN-2026-01,SITE-105,SITE-105-094,EOS,AE,1,AESEV,SEVERE
SYN-2026-01,SITE-105,SITE-105-094,EOS,AE,1,AESER,N
SYN-2026-01,SITE-105,SITE-105-094,EOS,AE,1,AEREL,RELATED
SYN-2026-01,SITE-105,SITE-105-094,EOS,DS,1,DSCOMP,Y
SYN-2026-01,SITE-105,SITE-105-094,EOS,DS,1,DSSTDAT,2026-08-08
SYN-2026-01,SITE-101,SITE-101-095,SCR,DM,1,BRTHDAT,1995-02-02
SYN-2026-01,SITE-101,SITE-101-095,SCR,DM,1,SEX,M
SYN-2026-01,SITE-101,SITE-101-095,SCR,DM,1,RFICDAT,2026-01-25
SYN-2026-01,SITE-101,SITE-101-095,SCR,DM,1,ARM,A
SYN-2026-01,SITE-101,SITE-101-095,SCR,IE,1,IEYN,Y
SYN-2026-01,SITE-101,SITE-101-095,SCR,IE,1,AGEELIG,Y
SYN-2026-01,SITE-101,SITE-101-095,SCR,VS,1,VSDAT,2026-01-26
SYN-2026-01,SITE-101,SITE-101-095,SCR,VS,1,SYSBP,138
SYN-2026-01,SITE-101,SITE-101-095,SCR,VS,1,DIABP,70
SYN-2026-01,SITE-101,SITE-101-095,SCR,VS,1,PULSE,81
SYN-2026-01,SITE-101,SITE-101-095,SCR,VS,1,WEIGHT,79.0
SYN-2026-01,SITE-101,SITE-101-095,BASE,VS,1,VSDAT,2026-02-10
SYN-2026-01,SITE-101,SITE-101-095,BASE,VS,1,SYSBP,115
SYN-2026-01,SITE-101,SITE-101-095,BASE,VS,1,DIABP,85
SYN-2026-01,SITE-101,SITE-101-095,BASE,VS,1,PULSE,85
SYN-2026-01,SITE-101,SITE-101-095,BASE,VS,1,WEIGHT,80.1
SYN-2026-01,SITE-101,SITE-101-095,BASE,EX,1,EXSTDAT,2026-02-10
SYN-2026-01,SITE-101,SITE-101-095,BASE,EX,1,EXDOSE,25
SYN-2026-01,SITE-101,SITE-101-095,BASE,EX,1,EXADJ,N
SYN-2026-01,SITE-101,SITE-101-095,BASE,AE,1,AETERM,Arthralgia
SYN-2026-01,SITE-101,SITE-101-095,BASE,AE,1,AESTDAT,2026-01-25
SYN-2026-01,SITE-101,SITE-101-095,BASE,AE,1,AEOUT,NOT RECOVERED
SYN-2026-01,SITE-101,SITE-101-095,BASE,AE,1,AESEV,MODERATE
SYN-2026-01,SITE-101,SITE-101-095,BASE,AE,1,AESER,N
SYN-2026-01,SITE-101,SITE-101-095,BASE,AE,1,AEREL,UNLIKELY
SYN-2026-01,SITE-101,SITE-101-095,WK4,VS,1,VSDAT,2026-03-08
SYN-2026-01,SITE-101,SITE-101-095,WK4,VS,1,SYSBP,105
SYN-2026-01,SITE-101,SITE-101-095,WK4,VS,1,DIABP,57
SYN-2026-01,SITE-101,SITE-101-095,WK4,VS,1,PULSE,67
SYN-2026-01,SITE-101,SITE-101-095,WK4,VS,1,TEMP,37.0
SYN-2026-01,SITE-101,SITE-101-095,WK4,VS,1,WEIGHT,61.6
SYN-2026-01,SITE-101,SITE-101-095,WK4,EX,1,EXSTDAT,2026-03-08
SYN-2026-01,SITE-101,SITE-101-095,WK4,EX,1,EXDOSE,50
SYN-2026-01,SITE-101,SITE-101-095,WK4,EX,1,EXADJ,N
SYN-2026-01,SITE-101,SITE-101-095,WK4,AE,1,AETERM,Nausea
SYN-2026-01,SITE-101,SITE-101-095,WK4,AE,1,AESTDAT,2026-01-07
SYN-2026-01,SITE-101,SITE-101-095,WK4,AE,1,AEOUT,UNKNOWN
SYN-2026-01,SITE-101,SITE-101-095,WK4,AE,1,AESEV,MILD
SYN-2026-01,SITE-101,SITE-101-095,WK4,AE,1,AESER,N
SYN-2026-01,SITE-101,SITE-101-095,WK4,AE,1,AEREL,RELATED
SYN-2026-01,SITE-101,SITE-101-095,WK4,AE,2,AETERM,Cough
SYN-2026-01,SITE-101,SITE-101-095,WK4,AE,2,AESTDAT,2026-02-20
SYN-2026-01,SITE-101,SITE-101-095,WK4,AE,2,AEOUT,UNKNOWN
SYN-2026-01,SITE-101,SITE-101-095,WK4,AE,2,AESEV,MODERATE
SYN-2026-01,SITE-101,SITE-101-095,WK4,AE,2,AESER,N
SYN-2026-01,SITE-101,SITE-101-095,WK4,AE,2,AEREL,RELATED
SYN-2026-01,SITE-101,SITE-101-095,WK4,CM,1,CMTRT,Omeprazole
SYN-2026-01,SITE-101,SITE-101-095,WK4,CM,1,CMINDC,Hypertension
SYN-2026-01,SITE-101,SITE-101-095,WK4,CM,1,CMSTDAT,2026-03-08
SYN-2026-01,SITE-101,SITE-101-095,WK4,CM,2,CMTRT,Paracetamol
SYN-2026-01,SITE-101,SITE-101-095,WK4,CM,2,CMINDC,Prophylaxis
SYN-2026-01,SITE-101,SITE-101-095,WK4,CM,2,CMSTDAT,2026-02-06
SYN-2026-01,SITE-101,SITE-101-095,WK12,VS,1,VSDAT,2026-04-30
SYN-2026-01,SITE-101,SITE-101-095,WK12,VS,1,SYSBP,98
SYN-2026-01,SITE-101,SITE-101-095,WK12,VS,1,DIABP,72
SYN-2026-01,SITE-101,SITE-101-095,WK12,VS,1,PULSE,54
SYN-2026-01,SITE-101,SITE-101-095,WK12,VS,1,TEMP,36.5
SYN-2026-01,SITE-101,SITE-101-095,WK12,VS,1,WEIGHT,100.7
SYN-2026-01,SITE-101,SITE-101-095,WK12,EX,1,EXSTDAT,2026-04-30
SYN-2026-01,SITE-101,SITE-101-095,WK12,EX,1,EXDOSE,50
SYN-2026-01,SITE-101,SITE-101-095,WK12,EX,1,EXADJ,N
SYN-2026-01,SITE-101,SITE-101-095,EOS,VS,1,VSDAT,2026-07-26
SYN-2026-01,SITE-101,SITE-101-095,EOS,VS,1,SYSBP,127
SYN-2026-01,SITE-101,SITE-101-095,EOS,VS,1,DIABP,70
SYN-2026-01,SITE-101,SITE-101-095,EOS,VS,1,PULSE,92
SYN-2026-01,SITE-101,SITE-101-095,EOS,VS,1,TEMP,36.8
SYN-2026-01,SITE-101,SITE-101-095,EOS,VS,1,WEIGHT,107.6
SYN-2026-01,SITE-101,SITE-101-095,EOS,CM,1,CMTRT,Amoxicillin
SYN-2026-01,SITE-101,SITE-101-095,EOS,CM,1,CMINDC,Pain
SYN-2026-01,SITE-101,SITE-101-095,EOS,CM,1,CMSTDAT,2026-07-10
SYN-2026-01,SITE-101,SITE-101-095,EOS,DS,1,DSCOMP,Y
SYN-2026-01,SITE-101,SITE-101-095,EOS,DS,1,DSSTDAT,2026-07-26
SYN-2026-01,SITE-102,SITE-102-096,SCR,DM,1,BRTHDAT,2003-02-20
SYN-2026-01,SITE-102,SITE-102-096,SCR,DM,1,SEX,M
SYN-2026-01,SITE-102,SITE-102-096,SCR,DM,1,RFICDAT,2026-02-14
SYN-2026-01,SITE-102,SITE-102-096,SCR,DM,1,ARM,B
SYN-2026-01,SITE-102,SITE-102-096,SCR,IE,1,IEYN,Y
SYN-2026-01,SITE-102,SITE-102-096,SCR,IE,1,AGEELIG,Y
SYN-2026-01,SITE-102,SITE-102-096,SCR,VS,1,VSDAT,2026-02-13
SYN-2026-01,SITE-102,SITE-102-096,SCR,VS,1,SYSBP,160
SYN-2026-01,SITE-102,SITE-102-096,SCR,VS,1,DIABP,69
SYN-2026-01,SITE-102,SITE-102-096,SCR,VS,1,PULSE,77
SYN-2026-01,SITE-102,SITE-102-096,SCR,VS,1,TEMP,36.5
SYN-2026-01,SITE-102,SITE-102-096,SCR,VS,1,WEIGHT,107.7
SYN-2026-01,SITE-102,SITE-102-096,BASE,VS,1,VSDAT,2026-03-04
SYN-2026-01,SITE-102,SITE-102-096,BASE,VS,1,SYSBP,123
SYN-2026-01,SITE-102,SITE-102-096,BASE,VS,1,DIABP,93
SYN-2026-01,SITE-102,SITE-102-096,BASE,VS,1,PULSE,81
SYN-2026-01,SITE-102,SITE-102-096,BASE,VS,1,TEMP,37.0
SYN-2026-01,SITE-102,SITE-102-096,BASE,EX,1,EXSTDAT,2026-03-04
SYN-2026-01,SITE-102,SITE-102-096,BASE,EX,1,EXDOSE,100
SYN-2026-01,SITE-102,SITE-102-096,BASE,EX,1,EXADJ,N
SYN-2026-01,SITE-102,SITE-102-096,BASE,AE,1,AETERM,Dizziness
SYN-2026-01,SITE-102,SITE-102-096,BASE,AE,1,AESTDAT,2026-02-20
SYN-2026-01,SITE-102,SITE-102-096,BASE,AE,1,AEOUT,FATAL
SYN-2026-01,SITE-102,SITE-102-096,BASE,AE,1,AESEV,MODERATE
SYN-2026-01,SITE-102,SITE-102-096,BASE,AE,1,AESER,Y
SYN-2026-01,SITE-102,SITE-102-096,BASE,AE,1,AEREL,NOT RELATED
SYN-2026-01,SITE-102,SITE-102-096,BASE,AE,1,AEACN,DOSE REDUCED
SYN-2026-01,SITE-102,SITE-102-096,WK4,VS,1,VSDAT,2026-03-31
SYN-2026-01,SITE-102,SITE-102-096,WK4,VS,1,SYSBP,127
SYN-2026-01,SITE-102,SITE-102-096,WK4,VS,1,DIABP,81
SYN-2026-01,SITE-102,SITE-102-096,WK4,VS,1,PULSE,78
SYN-2026-01,SITE-102,SITE-102-096,WK4,VS,1,WEIGHT,102.7
SYN-2026-01,SITE-102,SITE-102-096,WK4,EX,1,EXSTDAT,2026-03-31
SYN-2026-01,SITE-102,SITE-102-096,WK4,EX,1,EXDOSE,25
SYN-2026-01,SITE-102,SITE-102-096,WK4,EX,1,EXADJ,N
SYN-2026-01,SITE-102,SITE-102-096,WK4,AE,1,AETERM,Abdominal pain
SYN-2026-01,SITE-102,SITE-102-096,WK4,AE,1,AESTDAT,2026-03-22
SYN-2026-01,SITE-102,SITE-102-096,WK4,AE,1,AEOUT,RECOVERED
SYN-2026-01,SITE-102,SITE-102-096,WK4,AE,1,AEENDAT,2026-04-11
SYN-2026-01,SITE-102,SITE-102-096,WK4,AE,1,AESEV,MILD
SYN-2026-01,SITE-102,SITE-102-096,WK4,AE,1,AESER,N
SYN-2026-01,SITE-102,SITE-102-096,WK4,AE,1,AEREL,RELATED
SYN-2026-01,SITE-102,SITE-102-096,WK4,AE,2,AETERM,sore throat and runny nose
SYN-2026-01,SITE-102,SITE-102-096,WK4,AE,2,AESTDAT,2026-03-23
SYN-2026-01,SITE-102,SITE-102-096,WK4,AE,2,AEOUT,RECOVERED
SYN-2026-01,SITE-102,SITE-102-096,WK4,AE,2,AEENDAT,2026-04-02
SYN-2026-01,SITE-102,SITE-102-096,WK4,AE,2,AESEV,SEVERE
SYN-2026-01,SITE-102,SITE-102-096,WK4,AE,2,AESER,N
SYN-2026-01,SITE-102,SITE-102-096,WK4,AE,2,AEREL,RELATED
SYN-2026-01,SITE-102,SITE-102-096,WK4,CM,1,CMTRT,Salbutamol
SYN-2026-01,SITE-102,SITE-102-096,WK4,CM,1,CMINDC,Pain
SYN-2026-01,SITE-102,SITE-102-096,WK4,CM,1,CMSTDAT,2026-03-06
SYN-2026-01,SITE-102,SITE-102-096,WK12,VS,1,VSDAT,2026-05-26
SYN-2026-01,SITE-102,SITE-102-096,WK12,VS,1,SYSBP,132
SYN-2026-01,SITE-102,SITE-102-096,WK12,VS,1,DIABP,65
SYN-2026-01,SITE-102,SITE-102-096,WK12,VS,1,PULSE,59
SYN-2026-01,SITE-102,SITE-102-096,WK12,VS,1,WEIGHT,93.7
SYN-2026-01,SITE-102,SITE-102-096,WK12,EX,1,EXSTDAT,2026-05-26
SYN-2026-01,SITE-102,SITE-102-096,WK12,EX,1,EXDOSE,100
SYN-2026-01,SITE-102,SITE-102-096,WK12,EX,1,EXADJ,N
SYN-2026-01,SITE-102,SITE-102-096,WK12,AE,1,AETERM,Insomnia
SYN-2026-01,SITE-102,SITE-102-096,WK12,AE,1,AESTDAT,2026-05-20
SYN-2026-01,SITE-102,SITE-102-096,WK12,AE,1,AEOUT,RECOVERED
SYN-2026-01,SITE-102,SITE-102-096,WK12,AE,1,AEENDAT,2026-05-30
SYN-2026-01,SITE-102,SITE-102-096,WK12,AE,1,AESEV,MODERATE
SYN-2026-01,SITE-102,SITE-102-096,WK12,AE,1,AESER,N
SYN-2026-01,SITE-102,SITE-102-096,WK12,AE,1,AEREL,UNLIKELY
SYN-2026-01,SITE-102,SITE-102-096,EOS,VS,1,VSDAT,2026-08-13
SYN-2026-01,SITE-102,SITE-102-096,EOS,VS,1,SYSBP,125
SYN-2026-01,SITE-102,SITE-102-096,EOS,VS,1,DIABP,70
SYN-2026-01,SITE-102,SITE-102-096,EOS,VS,1,PULSE,79
SYN-2026-01,SITE-102,SITE-102-096,EOS,VS,1,TEMP,36.7
SYN-2026-01,SITE-102,SITE-102-096,EOS,VS,1,WEIGHT,83.4
SYN-2026-01,SITE-102,SITE-102-096,EOS,AE,1,AETERM,Headache
SYN-2026-01,SITE-102,SITE-102-096,EOS,AE,1,AESTDAT,2026-07-26
SYN-2026-01,SITE-102,SITE-102-096,EOS,AE,1,AEOUT,RECOVERING
SYN-2026-01,SITE-102,SITE-102-096,EOS,AE,1,AESEV,MODERATE
SYN-2026-01,SITE-102,SITE-102-096,EOS,AE,1,AESER,N
SYN-2026-01,SITE-102,SITE-102-096,EOS,AE,1,AEREL,NOT RELATED
SYN-2026-01,SITE-102,SITE-102-096,EOS,DS,1,DSCOMP,Y
SYN-2026-01,SITE-102,SITE-102-096,EOS,DS,1,DSSTDAT,2026-08-13
SYN-2026-01,SITE-102,SITE-102-097,SCR,DM,1,BRTHDAT,1993-04-05
SYN-2026-01,SITE-102,SITE-102-097,SCR,DM,1,SEX,F
SYN-2026-01,SITE-102,SITE-102-097,SCR,DM,1,RFICDAT,2026-03-28
SYN-2026-01,SITE-102,SITE-102-097,SCR,DM,1,ARM,A
SYN-2026-01,SITE-102,SITE-102-097,SCR,IE,1,IEYN,Y
SYN-2026-01,SITE-102,SITE-102-097,SCR,IE,1,AGEELIG,Y
SYN-2026-01,SITE-102,SITE-102-097,SCR,VS,1,VSDAT,2026-03-27
SYN-2026-01,SITE-102,SITE-102-097,SCR,VS,1,SYSBP,127
SYN-2026-01,SITE-102,SITE-102-097,SCR,VS,1,DIABP,81
SYN-2026-01,SITE-102,SITE-102-097,SCR,VS,1,PULSE,68
SYN-2026-01,SITE-102,SITE-102-097,SCR,VS,1,WEIGHT,77.1
SYN-2026-01,SITE-102,SITE-102-097,SCR,MH,1,MHTERM,Osteoarthritis
SYN-2026-01,SITE-102,SITE-102-097,SCR,MH,1,MHSTDAT,2019-04-21
SYN-2026-01,SITE-102,SITE-102-097,SCR,MH,1,MHONGO,N
SYN-2026-01,SITE-102,SITE-102-097,SCR,MH,2,MHTERM,Type 2 diabetes mellitus
SYN-2026-01,SITE-102,SITE-102-097,SCR,MH,2,MHSTDAT,2025-05-30
SYN-2026-01,SITE-102,SITE-102-097,SCR,MH,2,MHONGO,Y
SYN-2026-01,SITE-102,SITE-102-097,SCR,MH,3,MHTERM,Type 2 diabetes mellitus
SYN-2026-01,SITE-102,SITE-102-097,SCR,MH,3,MHSTDAT,2025-01-22
SYN-2026-01,SITE-102,SITE-102-097,SCR,MH,3,MHONGO,Y
SYN-2026-01,SITE-102,SITE-102-097,BASE,VS,1,VSDAT,2026-04-09
SYN-2026-01,SITE-102,SITE-102-097,BASE,VS,1,SYSBP,115
SYN-2026-01,SITE-102,SITE-102-097,BASE,VS,1,DIABP,82
SYN-2026-01,SITE-102,SITE-102-097,BASE,VS,1,PULSE,68
SYN-2026-01,SITE-102,SITE-102-097,BASE,VS,1,WEIGHT,70.5
SYN-2026-01,SITE-102,SITE-102-097,BASE,EX,1,EXSTDAT,2026-04-09
SYN-2026-01,SITE-102,SITE-102-097,BASE,EX,1,EXDOSE,100
SYN-2026-01,SITE-102,SITE-102-097,BASE,EX,1,EXADJ,Y
SYN-2026-01,SITE-102,SITE-102-097,BASE,AE,1,AETERM,sore throat and runny nose
SYN-2026-01,SITE-102,SITE-102-097,BASE,AE,1,AESTDAT,2026-04-04
SYN-2026-01,SITE-102,SITE-102-097,BASE,AE,1,AEOUT,RECOVERED
SYN-2026-01,SITE-102,SITE-102-097,BASE,AE,1,AEENDAT,2026-04-17
SYN-2026-01,SITE-102,SITE-102-097,BASE,AE,1,AESEV,MODERATE
SYN-2026-01,SITE-102,SITE-102-097,BASE,AE,1,AESER,N
SYN-2026-01,SITE-102,SITE-102-097,BASE,AE,1,AEREL,POSSIBLE
SYN-2026-01,SITE-102,SITE-102-097,BASE,AE,2,AETERM,Back pain
SYN-2026-01,SITE-102,SITE-102-097,BASE,AE,2,AESTDAT,2026-03-28
SYN-2026-01,SITE-102,SITE-102-097,BASE,AE,2,AEOUT,RECOVERED
SYN-2026-01,SITE-102,SITE-102-097,BASE,AE,2,AEENDAT,2026-04-02
SYN-2026-01,SITE-102,SITE-102-097,BASE,AE,2,AESEV,SEVERE
SYN-2026-01,SITE-102,SITE-102-097,BASE,AE,2,AESER,N
SYN-2026-01,SITE-102,SITE-102-097,BASE,AE,2,AEREL,PROBABLE
SYN-2026-01,SITE-102,SITE-102-097,WK4,VS,1,VSDAT,2026-05-05
SYN-2026-01,SITE-102,SITE-102-097,WK4,VS,1,SYSBP,143
SYN-2026-01,SITE-102,SITE-102-097,WK4,VS,1,DIABP,67
SYN-2026-01,SITE-102,SITE-102-097,WK4,VS,1,PULSE,74
SYN-2026-01,SITE-102,SITE-102-097,WK4,VS,1,TEMP,36.6
SYN-2026-01,SITE-102,SITE-102-097,WK4,VS,1,WEIGHT,92.4
SYN-2026-01,SITE-102,SITE-102-097,WK4,EX,1,EXSTDAT,2026-05-05
SYN-2026-01,SITE-102,SITE-102-097,WK4,EX,1,EXDOSE,100
SYN-2026-01,SITE-102,SITE-102-097,WK4,EX,1,EXADJ,N
SYN-2026-01,SITE-102,SITE-102-097,WK4,CM,1,CMTRT,Omeprazole
SYN-2026-01,SITE-102,SITE-102-097,WK4,CM,1,CMSTDAT,2026-03-27
SYN-2026-01,SITE-102,SITE-102-097,WK4,CM,2,CMTRT,Atorvastatin
SYN-2026-01,SITE-102,SITE-102-097,WK4,CM,2,CMSTDAT,2026-03-30
SYN-2026-01,SITE-102,SITE-102-097,WK12,VS,1,VSDAT,2026-06-26
SYN-2026-01,SITE-102,SITE-102-097,WK12,VS,1,SYSBP,144
SYN-2026-01,SITE-102,SITE-102-097,WK12,VS,1,DIABP,82
SYN-2026-01,SITE-102,SITE-102-097,WK12,VS,1,PULSE,80
SYN-2026-01,SITE-102,SITE-102-097,WK12,VS,1,TEMP,36.5
SYN-2026-01,SITE-102,SITE-102-097,WK12,VS,1,WEIGHT,45.0
SYN-2026-01,SITE-102,SITE-102-097,WK12,EX,1,EXSTDAT,2026-06-26
SYN-2026-01,SITE-102,SITE-102-097,WK12,EX,1,EXDOSE,100
SYN-2026-01,SITE-102,SITE-102-097,WK12,EX,1,EXADJ,N
SYN-2026-01,SITE-102,SITE-102-097,WK12,CM,1,CMTRT,Amoxicillin
SYN-2026-01,SITE-102,SITE-102-097,WK12,CM,1,CMINDC,Prophylaxis
SYN-2026-01,SITE-102,SITE-102-097,WK12,CM,1,CMSTDAT,2026-04-28
SYN-2026-01,SITE-102,SITE-102-097,WK12,CM,2,CMTRT,Metformin
SYN-2026-01,SITE-102,SITE-102-097,WK12,CM,2,CMSTDAT,2026-06-06
SYN-2026-01,SITE-102,SITE-102-097,EOS,VS,1,VSDAT,2026-09-22
SYN-2026-01,SITE-102,SITE-102-097,EOS,VS,1,SYSBP,133
SYN-2026-01,SITE-102,SITE-102-097,EOS,VS,1,DIABP,87
SYN-2026-01,SITE-102,SITE-102-097,EOS,VS,1,PULSE,71
SYN-2026-01,SITE-102,SITE-102-097,EOS,VS,1,WEIGHT,63.0
SYN-2026-01,SITE-102,SITE-102-097,EOS,CM,1,CMTRT,Metformin
SYN-2026-01,SITE-102,SITE-102-097,EOS,CM,1,CMINDC,Hypertension
SYN-2026-01,SITE-102,SITE-102-097,EOS,CM,1,CMSTDAT,2026-09-09
SYN-2026-01,SITE-102,SITE-102-097,EOS,DS,1,DSCOMP,Y
SYN-2026-01,SITE-102,SITE-102-097,EOS,DS,1,DSSTDAT,2026-09-22
SYN-2026-01,SITE-105,SITE-105-098,SCR,DM,1,BRTHDAT,1971-10-11
SYN-2026-01,SITE-105,SITE-105-098,SCR,DM,1,SEX,F
SYN-2026-01,SITE-105,SITE-105-098,SCR,DM,1,RFICDAT,2025-09-27
SYN-2026-01,SITE-105,SITE-105-098,SCR,DM,1,ARM,A
SYN-2026-01,SITE-105,SITE-105-098,SCR,IE,1,IEYN,Y
SYN-2026-01,SITE-105,SITE-105-098,SCR,IE,1,AGEELIG,Y
SYN-2026-01,SITE-105,SITE-105-098,SCR,VS,1,VSDAT,2025-09-23
SYN-2026-01,SITE-105,SITE-105-098,SCR,VS,1,SYSBP,119
SYN-2026-01,SITE-105,SITE-105-098,SCR,VS,1,DIABP,81
SYN-2026-01,SITE-105,SITE-105-098,SCR,VS,1,PULSE,74
SYN-2026-01,SITE-105,SITE-105-098,SCR,VS,1,TEMP,36.7
SYN-2026-01,SITE-105,SITE-105-098,SCR,VS,1,WEIGHT,75.0
SYN-2026-01,SITE-105,SITE-105-098,BASE,VS,1,VSDAT,2025-10-09
SYN-2026-01,SITE-105,SITE-105-098,BASE,VS,1,SYSBP,141
SYN-2026-01,SITE-105,SITE-105-098,BASE,VS,1,DIABP,89
SYN-2026-01,SITE-105,SITE-105-098,BASE,VS,1,PULSE,58
SYN-2026-01,SITE-105,SITE-105-098,BASE,VS,1,TEMP,37.1
SYN-2026-01,SITE-105,SITE-105-098,BASE,VS,1,WEIGHT,96.6
SYN-2026-01,SITE-105,SITE-105-098,BASE,EX,1,EXSTDAT,2025-10-09
SYN-2026-01,SITE-105,SITE-105-098,BASE,EX,1,EXDOSE,50
SYN-2026-01,SITE-105,SITE-105-098,BASE,EX,1,EXADJ,N
SYN-2026-01,SITE-105,SITE-105-098,BASE,AE,1,AETERM,Nausea
SYN-2026-01,SITE-105,SITE-105-098,BASE,AE,1,AESTDAT,2025-10-01
SYN-2026-01,SITE-105,SITE-105-098,BASE,AE,1,AEOUT,RECOVERING
SYN-2026-01,SITE-105,SITE-105-098,BASE,AE,1,AESEV,MILD
SYN-2026-01,SITE-105,SITE-105-098,BASE,AE,1,AESER,N
SYN-2026-01,SITE-105,SITE-105-098,BASE,AE,1,AEREL,PROBABLE
SYN-2026-01,SITE-105,SITE-105-098,BASE,AE,2,AETERM,Back pain
SYN-2026-01,SITE-105,SITE-105-098,BASE,AE,2,AESTDAT,2025-09-30
SYN-2026-01,SITE-105,SITE-105-098,BASE,AE,2,AEOUT,RECOVERED
SYN-2026-01,SITE-105,SITE-105-098,BASE,AE,2,AEENDAT,2025-10-04
SYN-2026-01,SITE-105,SITE-105-098,BASE,AE,2,AESEV,MILD
SYN-2026-01,SITE-105,SITE-105-098,BASE,AE,2,AESER,N
SYN-2026-01,SITE-105,SITE-105-098,BASE,AE,2,AEREL,UNLIKELY
SYN-2026-01,SITE-105,SITE-105-098,WK4,VS,1,VSDAT,2025-11-02
SYN-2026-01,SITE-105,SITE-105-098,WK4,VS,1,SYSBP,125
SYN-2026-01,SITE-105,SITE-105-098,WK4,VS,1,DIABP,99
SYN-2026-01,SITE-105,SITE-105-098,WK4,VS,1,PULSE,57
SYN-2026-01,SITE-105,SITE-105-098,WK4,VS,1,WEIGHT,66.5
SYN-2026-01,SITE-105,SITE-105-098,WK4,EX,1,EXSTDAT,2025-11-02
SYN-2026-01,SITE-105,SITE-105-098,WK4,EX,1,EXDOSE,50
SYN-2026-01,SITE-105,SITE-105-098,WK4,EX,1,EXADJ,N
SYN-2026-01,SITE-105,SITE-105-098,WK4,CM,1,CMTRT,Amoxicillin
SYN-2026-01,SITE-105,SITE-105-098,WK4,CM,1,CMINDC,Infection
SYN-2026-01,SITE-105,SITE-105-098,WK4,CM,1,CMSTDAT,2025-10-24
SYN-2026-01,SITE-105,SITE-105-098,WK12,VS,1,VSDAT,2026-01-02
SYN-2026-01,SITE-105,SITE-105-098,WK12,VS,1,SYSBP,310
SYN-2026-01,SITE-105,SITE-105-098,WK12,VS,1,DIABP,69
SYN-2026-01,SITE-105,SITE-105-098,WK12,VS,1,PULSE,74
SYN-2026-01,SITE-105,SITE-105-098,WK12,VS,1,WEIGHT,77.9
SYN-2026-01,SITE-105,SITE-105-098,WK12,EX,1,EXSTDAT,2026-01-02
SYN-2026-01,SITE-105,SITE-105-098,WK12,EX,1,EXDOSE,25
SYN-2026-01,SITE-105,SITE-105-098,WK12,EX,1,EXADJ,N
SYN-2026-01,SITE-105,SITE-105-098,WK12,AE,1,AETERM,head ache
SYN-2026-01,SITE-105,SITE-105-098,WK12,AE,1,AESTDAT,2025-12-23
SYN-2026-01,SITE-105,SITE-105-098,WK12,AE,1,AEOUT,RECOVERED
SYN-2026-01,SITE-105,SITE-105-098,WK12,AE,1,AEENDAT,2026-01-13
SYN-2026-01,SITE-105,SITE-105-098,WK12,AE,1,AESEV,MODERATE
SYN-2026-01,SITE-105,SITE-105-098,WK12,AE,1,AESER,N
SYN-2026-01,SITE-105,SITE-105-098,WK12,AE,1,AEREL,POSSIBLE
SYN-2026-01,SITE-105,SITE-105-098,EOS,VS,1,VSDAT,2026-03-30
SYN-2026-01,SITE-105,SITE-105-098,EOS,VS,1,SYSBP,129
SYN-2026-01,SITE-105,SITE-105-098,EOS,VS,1,DIABP,68
SYN-2026-01,SITE-105,SITE-105-098,EOS,VS,1,PULSE,70
SYN-2026-01,SITE-105,SITE-105-098,EOS,VS,1,TEMP,36.3
SYN-2026-01,SITE-105,SITE-105-098,EOS,VS,1,WEIGHT,83.0
SYN-2026-01,SITE-105,SITE-105-098,EOS,CM,1,CMTRT,Metformin
SYN-2026-01,SITE-105,SITE-105-098,EOS,CM,1,CMINDC,Pain
SYN-2026-01,SITE-105,SITE-105-098,EOS,CM,1,CMSTDAT,2026-03-12
SYN-2026-01,SITE-105,SITE-105-098,EOS,DS,1,DSCOMP,Y
SYN-2026-01,SITE-105,SITE-105-098,EOS,DS,1,DSSTDAT,2026-03-30
SYN-2026-01,SITE-103,SITE-103-099,SCR,DM,1,BRTHDAT,1951-10-28
SYN-2026-01,SITE-103,SITE-103-099,SCR,DM,1,SEX,M
SYN-2026-01,SITE-103,SITE-103-099,SCR,DM,1,RFICDAT,2025-10-09
SYN-2026-01,SITE-103,SITE-103-099,SCR,DM,1,ARM,B
SYN-2026-01,SITE-103,SITE-103-099,SCR,IE,1,IEYN,Y
SYN-2026-01,SITE-103,SITE-103-099,SCR,IE,1,AGEELIG,Y
SYN-2026-01,SITE-103,SITE-103-099,SCR,VS,1,VSDAT,2025-10-06
SYN-2026-01,SITE-103,SITE-103-099,SCR,VS,1,SYSBP,122
SYN-2026-01,SITE-103,SITE-103-099,SCR,VS,1,DIABP,77
SYN-2026-01,SITE-103,SITE-103-099,SCR,VS,1,PULSE,74
SYN-2026-01,SITE-103,SITE-103-099,SCR,VS,1,TEMP,36.6
SYN-2026-01,SITE-103,SITE-103-099,SCR,VS,1,WEIGHT,71.4
SYN-2026-01,SITE-103,SITE-103-099,SCR,MH,1,MHTERM,Hypertension
SYN-2026-01,SITE-103,SITE-103-099,SCR,MH,1,MHSTDAT,2024-05-24
SYN-2026-01,SITE-103,SITE-103-099,SCR,MH,1,MHONGO,Y
SYN-2026-01,SITE-103,SITE-103-099,SCR,MH,2,MHTERM,Type 2 diabetes mellitus
SYN-2026-01,SITE-103,SITE-103-099,SCR,MH,2,MHSTDAT,2023-10-17
SYN-2026-01,SITE-103,SITE-103-099,SCR,MH,2,MHONGO,N
SYN-2026-01,SITE-103,SITE-103-099,BASE,VS,1,VSDAT,2025-10-21
SYN-2026-01,SITE-103,SITE-103-099,BASE,VS,1,SYSBP,117
SYN-2026-01,SITE-103,SITE-103-099,BASE,VS,1,DIABP,92
SYN-2026-01,SITE-103,SITE-103-099,BASE,VS,1,PULSE,61
SYN-2026-01,SITE-103,SITE-103-099,BASE,VS,1,TEMP,37.2
SYN-2026-01,SITE-103,SITE-103-099,BASE,VS,1,WEIGHT,79.2
SYN-2026-01,SITE-103,SITE-103-099,BASE,EX,1,EXSTDAT,2025-10-21
SYN-2026-01,SITE-103,SITE-103-099,BASE,EX,1,EXDOSE,100
SYN-2026-01,SITE-103,SITE-103-099,BASE,EX,1,EXADJ,N
SYN-2026-01,SITE-103,SITE-103-099,BASE,AE,1,AETERM,Diarrhoea
SYN-2026-01,SITE-103,SITE-103-099,BASE,AE,1,AESTDAT,2025-10-09
SYN-2026-01,SITE-103,SITE-103-099,BASE,AE,1,AEOUT,RECOVERED
SYN-2026-01,SITE-103,SITE-103-099,BASE,AE,1,AEENDAT,2025-10-16
SYN-2026-01,SITE-103,SITE-103-099,BASE,AE,1,AESEV,MILD
SYN-2026-01,SITE-103,SITE-103-099,BASE,AE,1,AESER,N
SYN-2026-01,SITE-103,SITE-103-099,BASE,AE,1,AEREL,NOT RELATED
SYN-2026-01,SITE-103,SITE-103-099,BASE,AE,2,AETERM,tired all the time
SYN-2026-01,SITE-103,SITE-103-099,BASE,AE,2,AESTDAT,2025-10-09
SYN-2026-01,SITE-103,SITE-103-099,BASE,AE,2,AEOUT,RECOVERING
SYN-2026-01,SITE-103,SITE-103-099,BASE,AE,2,AESEV,MILD
SYN-2026-01,SITE-103,SITE-103-099,BASE,AE,2,AESER,N
SYN-2026-01,SITE-103,SITE-103-099,BASE,AE,2,AEREL,POSSIBLE
SYN-2026-01,SITE-103,SITE-103-099,BASE,AE,3,AETERM,not himself
SYN-2026-01,SITE-103,SITE-103-099,BASE,AE,3,AESTDAT,2025-10-18
SYN-2026-01,SITE-103,SITE-103-099,BASE,AE,3,AEOUT,UNKNOWN
SYN-2026-01,SITE-103,SITE-103-099,BASE,AE,3,AESEV,MODERATE
SYN-2026-01,SITE-103,SITE-103-099,BASE,AE,3,AESER,N
SYN-2026-01,SITE-103,SITE-103-099,BASE,AE,3,AEREL,NOT RELATED
SYN-2026-01,SITE-103,SITE-103-099,WK4,VS,1,VSDAT,2025-11-19
SYN-2026-01,SITE-103,SITE-103-099,WK4,VS,1,SYSBP,158
SYN-2026-01,SITE-103,SITE-103-099,WK4,VS,1,DIABP,85
SYN-2026-01,SITE-103,SITE-103-099,WK4,VS,1,PULSE,78
SYN-2026-01,SITE-103,SITE-103-099,WK4,VS,1,WEIGHT,83.5
SYN-2026-01,SITE-103,SITE-103-099,WK4,EX,1,EXSTDAT,2025-11-19
SYN-2026-01,SITE-103,SITE-103-099,WK4,EX,1,EXDOSE,100
SYN-2026-01,SITE-103,SITE-103-099,WK4,EX,1,EXADJ,N
SYN-2026-01,SITE-103,SITE-103-099,WK12,VS,1,VSDAT,2026-01-17
SYN-2026-01,SITE-103,SITE-103-099,WK12,VS,1,SYSBP,138
SYN-2026-01,SITE-103,SITE-103-099,WK12,VS,1,DIABP,88
SYN-2026-01,SITE-103,SITE-103-099,WK12,VS,1,PULSE,79
SYN-2026-01,SITE-103,SITE-103-099,WK12,VS,1,TEMP,36.4
SYN-2026-01,SITE-103,SITE-103-099,WK12,VS,1,WEIGHT,55.8
SYN-2026-01,SITE-103,SITE-103-099,WK12,EX,1,EXSTDAT,2026-01-17
SYN-2026-01,SITE-103,SITE-103-099,WK12,EX,1,EXDOSE,50
SYN-2026-01,SITE-103,SITE-103-099,WK12,EX,1,EXADJ,N
SYN-2026-01,SITE-103,SITE-103-099,WK12,CM,1,CMTRT,advil
SYN-2026-01,SITE-103,SITE-103-099,WK12,CM,1,CMINDC,Infection
SYN-2026-01,SITE-103,SITE-103-099,WK12,CM,1,CMSTDAT,2025-12-29
SYN-2026-01,SITE-103,SITE-103-099,WK12,CM,2,CMTRT,Atorvastatin
SYN-2026-01,SITE-103,SITE-103-099,WK12,CM,2,CMINDC,Infection
SYN-2026-01,SITE-103,SITE-103-099,WK12,CM,2,CMSTDAT,2025-12-14
SYN-2026-01,SITE-103,SITE-103-099,EOS,VS,1,VSDAT,2026-04-07
SYN-2026-01,SITE-103,SITE-103-099,EOS,VS,1,SYSBP,117
SYN-2026-01,SITE-103,SITE-103-099,EOS,VS,1,DIABP,72
SYN-2026-01,SITE-103,SITE-103-099,EOS,VS,1,PULSE,68
SYN-2026-01,SITE-103,SITE-103-099,EOS,VS,1,TEMP,37.3
SYN-2026-01,SITE-103,SITE-103-099,EOS,VS,1,WEIGHT,72.2
SYN-2026-01,SITE-103,SITE-103-099,EOS,AE,1,AETERM,Arthralgia
SYN-2026-01,SITE-103,SITE-103-099,EOS,AE,1,AESTDAT,2026-04-02
SYN-2026-01,SITE-103,SITE-103-099,EOS,AE,1,AEOUT,NOT RECOVERED
SYN-2026-01,SITE-103,SITE-103-099,EOS,AE,1,AESEV,MODERATE
SYN-2026-01,SITE-103,SITE-103-099,EOS,AE,1,AESER,N
SYN-2026-01,SITE-103,SITE-103-099,EOS,AE,1,AEREL,POSSIBLE
SYN-2026-01,SITE-103,SITE-103-099,EOS,DS,1,DSCOMP,Y
SYN-2026-01,SITE-103,SITE-103-099,EOS,DS,1,DSSTDAT,2026-04-07
SYN-2026-01,SITE-103,SITE-103-100,SCR,DM,1,BRTHDAT,1981-01-02
SYN-2026-01,SITE-103,SITE-103-100,SCR,DM,1,SEX,F
SYN-2026-01,SITE-103,SITE-103-100,SCR,DM,1,RFICDAT,2025-12-22
SYN-2026-01,SITE-103,SITE-103-100,SCR,DM,1,ARM,A
SYN-2026-01,SITE-103,SITE-103-100,SCR,IE,1,IEYN,Y
SYN-2026-01,SITE-103,SITE-103-100,SCR,IE,1,AGEELIG,Y
SYN-2026-01,SITE-103,SITE-103-100,SCR,VS,1,VSDAT,2025-12-27
SYN-2026-01,SITE-103,SITE-103-100,SCR,VS,1,SYSBP,143
SYN-2026-01,SITE-103,SITE-103-100,SCR,VS,1,DIABP,80
SYN-2026-01,SITE-103,SITE-103-100,SCR,VS,1,PULSE,71
SYN-2026-01,SITE-103,SITE-103-100,SCR,VS,1,TEMP,36.8
SYN-2026-01,SITE-103,SITE-103-100,SCR,VS,1,WEIGHT,80.6
SYN-2026-01,SITE-103,SITE-103-100,SCR,MH,1,MHTERM,Hypercholesterolaemia
SYN-2026-01,SITE-103,SITE-103-100,SCR,MH,1,MHSTDAT,2023-07-27
SYN-2026-01,SITE-103,SITE-103-100,SCR,MH,1,MHONGO,N
SYN-2026-01,SITE-103,SITE-103-100,BASE,VS,1,VSDAT,2026-01-07
SYN-2026-01,SITE-103,SITE-103-100,BASE,VS,1,SYSBP,129
SYN-2026-01,SITE-103,SITE-103-100,BASE,VS,1,DIABP,78
SYN-2026-01,SITE-103,SITE-103-100,BASE,VS,1,PULSE,75
SYN-2026-01,SITE-103,SITE-103-100,BASE,VS,1,TEMP,36.5
SYN-2026-01,SITE-103,SITE-103-100,BASE,VS,1,WEIGHT,81.6
SYN-2026-01,SITE-103,SITE-103-100,BASE,EX,1,EXSTDAT,2026-01-07
SYN-2026-01,SITE-103,SITE-103-100,BASE,EX,1,EXDOSE,25
SYN-2026-01,SITE-103,SITE-103-100,BASE,EX,1,EXADJ,Y
SYN-2026-01,SITE-103,SITE-103-100,WK4,VS,1,VSDAT,2026-01-31
SYN-2026-01,SITE-103,SITE-103-100,WK4,VS,1,SYSBP,134
SYN-2026-01,SITE-103,SITE-103-100,WK4,VS,1,DIABP,80
SYN-2026-01,SITE-103,SITE-103-100,WK4,VS,1,PULSE,79
SYN-2026-01,SITE-103,SITE-103-100,WK4,VS,1,TEMP,36.4
SYN-2026-01,SITE-103,SITE-103-100,WK4,VS,1,WEIGHT,111.3
SYN-2026-01,SITE-103,SITE-103-100,WK4,EX,1,EXSTDAT,2026-01-31
SYN-2026-01,SITE-103,SITE-103-100,WK4,EX,1,EXDOSE,50
SYN-2026-01,SITE-103,SITE-103-100,WK4,EX,1,EXADJ,N
SYN-2026-01,SITE-103,SITE-103-100,WK4,CM,1,CMTRT,Amoxicillin
SYN-2026-01,SITE-103,SITE-103-100,WK4,CM,1,CMINDC,Pain
SYN-2026-01,SITE-103,SITE-103-100,WK4,CM,1,CMSTDAT,2026-01-16
SYN-2026-01,SITE-103,SITE-103-100,WK4,CM,2,CMTRT,Omeprazole
SYN-2026-01,SITE-103,SITE-103-100,WK4,CM,2,CMINDC,Prophylaxis
SYN-2026-01,SITE-103,SITE-103-100,WK4,CM,2,CMSTDAT,2026-01-13
SYN-2026-01,SITE-103,SITE-103-100,WK4,CM,3,CMTRT,Ibuprofen
SYN-2026-01,SITE-103,SITE-103-100,WK4,CM,3,CMINDC,Prophylaxis
SYN-2026-01,SITE-103,SITE-103-100,WK4,CM,3,CMSTDAT,2026-01-31
SYN-2026-01,SITE-103,SITE-103-100,WK12,VS,1,VSDAT,2026-03-29
SYN-2026-01,SITE-103,SITE-103-100,WK12,VS,1,SYSBP,131
SYN-2026-01,SITE-103,SITE-103-100,WK12,VS,1,DIABP,88
SYN-2026-01,SITE-103,SITE-103-100,WK12,VS,1,PULSE,71
SYN-2026-01,SITE-103,SITE-103-100,WK12,VS,1,TEMP,36.3
SYN-2026-01,SITE-103,SITE-103-100,WK12,VS,1,WEIGHT,70.0
SYN-2026-01,SITE-103,SITE-103-100,WK12,EX,1,EXSTDAT,2026-03-29
SYN-2026-01,SITE-103,SITE-103-100,WK12,EX,1,EXDOSE,100
SYN-2026-01,SITE-103,SITE-103-100,WK12,EX,1,EXADJ,Y
SYN-2026-01,SITE-103,SITE-103-100,EOS,VS,1,VSDAT,2026-06-30
SYN-2026-01,SITE-103,SITE-103-100,EOS,VS,1,SYSBP,106
SYN-2026-01,SITE-103,SITE-103-100,EOS,VS,1,DIABP,88
SYN-2026-01,SITE-103,SITE-103-100,EOS,VS,1,PULSE,78
SYN-2026-01,SITE-103,SITE-103-100,EOS,VS,1,TEMP,36.6
SYN-2026-01,SITE-103,SITE-103-100,EOS,VS,1,WEIGHT,68.3
SYN-2026-01,SITE-103,SITE-103-100,EOS,AE,1,AETERM,tired all the time
SYN-2026-01,SITE-103,SITE-103-100,EOS,AE,1,AESTDAT,2026-06-16
SYN-2026-01,SITE-103,SITE-103-100,EOS,AE,1,AEOUT,NOT RECOVERED
SYN-2026-01,SITE-103,SITE-103-100,EOS,AE,1,AESEV,MILD
SYN-2026-01,SITE-103,SITE-103-100,EOS,AE,1,AESER,N
SYN-2026-01,SITE-103,SITE-103-100,EOS,AE,1,AEREL,UNLIKELY
SYN-2026-01,SITE-103,SITE-103-100,EOS,DS,1,DSCOMP,Y
SYN-2026-01,SITE-103,SITE-103-100,EOS,DS,1,DSSTDAT,2026-06-30
SYN-2026-01,SITE-104,SITE-104-101,SCR,DM,1,BRTHDAT,1968-01-19
SYN-2026-01,SITE-104,SITE-104-101,SCR,DM,1,SEX,F
SYN-2026-01,SITE-104,SITE-104-101,SCR,DM,1,RFICDAT,2026-01-04
SYN-2026-01,SITE-104,SITE-104-101,SCR,DM,1,ARM,B
SYN-2026-01,SITE-104,SITE-104-101,SCR,IE,1,IEYN,Y
SYN-2026-01,SITE-104,SITE-104-101,SCR,IE,1,AGEELIG,Y
SYN-2026-01,SITE-104,SITE-104-101,SCR,VS,1,VSDAT,2026-01-06
SYN-2026-01,SITE-104,SITE-104-101,SCR,VS,1,SYSBP,89
SYN-2026-01,SITE-104,SITE-104-101,SCR,VS,1,DIABP,75
SYN-2026-01,SITE-104,SITE-104-101,SCR,VS,1,PULSE,62
SYN-2026-01,SITE-104,SITE-104-101,SCR,VS,1,TEMP,36.7
SYN-2026-01,SITE-104,SITE-104-101,SCR,VS,1,WEIGHT,71.9
SYN-2026-01,SITE-104,SITE-104-101,BASE,VS,1,VSDAT,2026-01-19
SYN-2026-01,SITE-104,SITE-104-101,BASE,VS,1,SYSBP,114
SYN-2026-01,SITE-104,SITE-104-101,BASE,VS,1,DIABP,73
SYN-2026-01,SITE-104,SITE-104-101,BASE,VS,1,PULSE,64
SYN-2026-01,SITE-104,SITE-104-101,BASE,VS,1,TEMP,37.6
SYN-2026-01,SITE-104,SITE-104-101,BASE,VS,1,WEIGHT,106.1
SYN-2026-01,SITE-104,SITE-104-101,BASE,EX,1,EXSTDAT,2026-01-19
SYN-2026-01,SITE-104,SITE-104-101,BASE,EX,1,EXDOSE,25
SYN-2026-01,SITE-104,SITE-104-101,BASE,EX,1,EXADJ,N
SYN-2026-01,SITE-104,SITE-104-101,WK4,VS,1,VSDAT,2026-02-13
SYN-2026-01,SITE-104,SITE-104-101,WK4,VS,1,SYSBP,132
SYN-2026-01,SITE-104,SITE-104-101,WK4,VS,1,DIABP,84
SYN-2026-01,SITE-104,SITE-104-101,WK4,VS,1,PULSE,54
SYN-2026-01,SITE-104,SITE-104-101,WK4,VS,1,TEMP,36.6
SYN-2026-01,SITE-104,SITE-104-101,WK4,VS,1,WEIGHT,110.1
SYN-2026-01,SITE-104,SITE-104-101,WK4,EX,1,EXSTDAT,2026-02-13
SYN-2026-01,SITE-104,SITE-104-101,WK4,EX,1,EXDOSE,50
SYN-2026-01,SITE-104,SITE-104-101,WK4,EX,1,EXADJ,N
SYN-2026-01,SITE-104,SITE-104-101,WK4,AE,1,AETERM,Fatigue
SYN-2026-01,SITE-104,SITE-104-101,WK4,AE,1,AESTDAT,2026-02-10
SYN-2026-01,SITE-104,SITE-104-101,WK4,AE,1,AEOUT,NOT RECOVERED
SYN-2026-01,SITE-104,SITE-104-101,WK4,AE,1,AESEV,MODERATE
SYN-2026-01,SITE-104,SITE-104-101,WK4,AE,1,AESER,N
SYN-2026-01,SITE-104,SITE-104-101,WK4,AE,1,AEREL,RELATED
SYN-2026-01,SITE-104,SITE-104-101,WK4,CM,1,CMTRT,Paracetamol
SYN-2026-01,SITE-104,SITE-104-101,WK4,CM,1,CMINDC,Prophylaxis
SYN-2026-01,SITE-104,SITE-104-101,WK4,CM,1,CMSTDAT,2026-01-01
SYN-2026-01,SITE-104,SITE-104-101,WK12,VS,1,VSDAT,2026-04-15
SYN-2026-01,SITE-104,SITE-104-101,WK12,VS,1,SYSBP,143
SYN-2026-01,SITE-104,SITE-104-101,WK12,VS,1,DIABP,82
SYN-2026-01,SITE-104,SITE-104-101,WK12,VS,1,PULSE,84
SYN-2026-01,SITE-104,SITE-104-101,WK12,VS,1,TEMP,36.5
SYN-2026-01,SITE-104,SITE-104-101,WK12,VS,1,WEIGHT,94.1
SYN-2026-01,SITE-104,SITE-104-101,WK12,EX,1,EXSTDAT,2026-04-15
SYN-2026-01,SITE-104,SITE-104-101,WK12,EX,1,EXDOSE,50
SYN-2026-01,SITE-104,SITE-104-101,WK12,EX,1,EXADJ,N
SYN-2026-01,SITE-104,SITE-104-101,EOS,VS,1,VSDAT,2026-07-03
SYN-2026-01,SITE-104,SITE-104-101,EOS,VS,1,SYSBP,119
SYN-2026-01,SITE-104,SITE-104-101,EOS,VS,1,DIABP,90
SYN-2026-01,SITE-104,SITE-104-101,EOS,VS,1,PULSE,87
SYN-2026-01,SITE-104,SITE-104-101,EOS,VS,1,TEMP,37.1
SYN-2026-01,SITE-104,SITE-104-101,EOS,VS,1,WEIGHT,57.7
SYN-2026-01,SITE-104,SITE-104-101,EOS,DS,1,DSCOMP,Y
SYN-2026-01,SITE-104,SITE-104-101,EOS,DS,1,DSSTDAT,2026-07-03
SYN-2026-01,SITE-103,SITE-103-102,SCR,DM,1,BRTHDAT,1983-01-13
SYN-2026-01,SITE-103,SITE-103-102,SCR,DM,1,SEX,F
SYN-2026-01,SITE-103,SITE-103-102,SCR,DM,1,RFICDAT,2026-01-02
SYN-2026-01,SITE-103,SITE-103-102,SCR,DM,1,ARM,A
SYN-2026-01,SITE-103,SITE-103-102,SCR,IE,1,IEYN,Y
SYN-2026-01,SITE-103,SITE-103-102,SCR,IE,1,AGEELIG,Y
SYN-2026-01,SITE-103,SITE-103-102,SCR,VS,1,VSDAT,2025-12-23
SYN-2026-01,SITE-103,SITE-103-102,SCR,VS,1,SYSBP,119
SYN-2026-01,SITE-103,SITE-103-102,SCR,VS,1,DIABP,68
SYN-2026-01,SITE-103,SITE-103-102,SCR,VS,1,PULSE,70
SYN-2026-01,SITE-103,SITE-103-102,SCR,VS,1,TEMP,36.8
SYN-2026-01,SITE-103,SITE-103-102,SCR,VS,1,WEIGHT,75.1
SYN-2026-01,SITE-103,SITE-103-102,BASE,VS,1,VSDAT,2026-01-12
SYN-2026-01,SITE-103,SITE-103-102,BASE,VS,1,SYSBP,123
SYN-2026-01,SITE-103,SITE-103-102,BASE,VS,1,DIABP,75
SYN-2026-01,SITE-103,SITE-103-102,BASE,VS,1,PULSE,74
SYN-2026-01,SITE-103,SITE-103-102,BASE,VS,1,WEIGHT,72.5
SYN-2026-01,SITE-103,SITE-103-102,BASE,EX,1,EXSTDAT,2026-01-12
SYN-2026-01,SITE-103,SITE-103-102,BASE,EX,1,EXDOSE,100
SYN-2026-01,SITE-103,SITE-103-102,BASE,EX,1,EXADJ,N
SYN-2026-01,SITE-103,SITE-103-102,WK4,VS,1,VSDAT,2026-02-05
SYN-2026-01,SITE-103,SITE-103-102,WK4,VS,1,SYSBP,143
SYN-2026-01,SITE-103,SITE-103-102,WK4,VS,1,DIABP,93
SYN-2026-01,SITE-103,SITE-103-102,WK4,VS,1,PULSE,96
SYN-2026-01,SITE-103,SITE-103-102,WK4,VS,1,TEMP,37.6
SYN-2026-01,SITE-103,SITE-103-102,WK4,VS,1,WEIGHT,69.5
SYN-2026-01,SITE-103,SITE-103-102,WK4,EX,1,EXSTDAT,2026-02-05
SYN-2026-01,SITE-103,SITE-103-102,WK4,EX,1,EXDOSE,100
SYN-2026-01,SITE-103,SITE-103-102,WK4,EX,1,EXADJ,N
SYN-2026-01,SITE-103,SITE-103-102,WK12,VS,1,VSDAT,2026-04-08
SYN-2026-01,SITE-103,SITE-103-102,WK12,VS,1,SYSBP,142
SYN-2026-01,SITE-103,SITE-103-102,WK12,VS,1,DIABP,85
SYN-2026-01,SITE-103,SITE-103-102,WK12,VS,1,PULSE,61
SYN-2026-01,SITE-103,SITE-103-102,WK12,VS,1,TEMP,36.5
SYN-2026-01,SITE-103,SITE-103-102,WK12,VS,1,WEIGHT,80.0
SYN-2026-01,SITE-103,SITE-103-102,WK12,EX,1,EXSTDAT,2026-04-08
SYN-2026-01,SITE-103,SITE-103-102,WK12,EX,1,EXDOSE,50
SYN-2026-01,SITE-103,SITE-103-102,WK12,EX,1,EXADJ,N
SYN-2026-01,SITE-103,SITE-103-102,WK12,CM,1,CMTRT,tylenol
SYN-2026-01,SITE-103,SITE-103-102,WK12,CM,1,CMINDC,Pain
SYN-2026-01,SITE-103,SITE-103-102,WK12,CM,1,CMSTDAT,2026-04-01
SYN-2026-01,SITE-103,SITE-103-102,EOS,VS,1,VSDAT,2026-06-28
SYN-2026-01,SITE-103,SITE-103-102,EOS,VS,1,SYSBP,127
SYN-2026-01,SITE-103,SITE-103-102,EOS,VS,1,DIABP,93
SYN-2026-01,SITE-103,SITE-103-102,EOS,VS,1,PULSE,81
SYN-2026-01,SITE-103,SITE-103-102,EOS,VS,1,TEMP,37.0
SYN-2026-01,SITE-103,SITE-103-102,EOS,VS,1,WEIGHT,72.0
SYN-2026-01,SITE-103,SITE-103-102,EOS,DS,1,DSCOMP,Y
SYN-2026-01,SITE-103,SITE-103-102,EOS,DS,1,DSSTDAT,2026-06-28
SYN-2026-01,SITE-102,SITE-102-103,SCR,DM,1,BRTHDAT,2007-01-25
SYN-2026-01,SITE-102,SITE-102-103,SCR,DM,1,SEX,F
SYN-2026-01,SITE-102,SITE-102-103,SCR,DM,1,RFICDAT,2026-01-20
SYN-2026-01,SITE-102,SITE-102-103,SCR,DM,1,ARM,A
SYN-2026-01,SITE-102,SITE-102-103,SCR,IE,1,IEYN,Y
SYN-2026-01,SITE-102,SITE-102-103,SCR,IE,1,AGEELIG,Y
SYN-2026-01,SITE-102,SITE-102-103,SCR,VS,1,VSDAT,2026-01-20
SYN-2026-01,SITE-102,SITE-102-103,SCR,VS,1,SYSBP,122
SYN-2026-01,SITE-102,SITE-102-103,SCR,VS,1,DIABP,86
SYN-2026-01,SITE-102,SITE-102-103,SCR,VS,1,PULSE,57
SYN-2026-01,SITE-102,SITE-102-103,SCR,VS,1,TEMP,37.0
SYN-2026-01,SITE-102,SITE-102-103,SCR,VS,1,WEIGHT,71.3
SYN-2026-01,SITE-102,SITE-102-103,SCR,MH,1,MHTERM,Osteoarthritis
SYN-2026-01,SITE-102,SITE-102-103,SCR,MH,1,MHSTDAT,2020-12-18
SYN-2026-01,SITE-102,SITE-102-103,SCR,MH,1,MHONGO,N
SYN-2026-01,SITE-102,SITE-102-103,SCR,MH,2,MHTERM,Migraine
SYN-2026-01,SITE-102,SITE-102-103,SCR,MH,2,MHSTDAT,2023-08-04
SYN-2026-01,SITE-102,SITE-102-103,SCR,MH,2,MHONGO,N
SYN-2026-01,SITE-102,SITE-102-103,BASE,VS,1,VSDAT,2026-02-05
SYN-2026-01,SITE-102,SITE-102-103,BASE,VS,1,SYSBP,136
SYN-2026-01,SITE-102,SITE-102-103,BASE,VS,1,DIABP,87
SYN-2026-01,SITE-102,SITE-102-103,BASE,VS,1,PULSE,93
SYN-2026-01,SITE-102,SITE-102-103,BASE,VS,1,TEMP,36.8
SYN-2026-01,SITE-102,SITE-102-103,BASE,VS,1,WEIGHT,71.6
SYN-2026-01,SITE-102,SITE-102-103,BASE,EX,1,EXSTDAT,2026-02-05
SYN-2026-01,SITE-102,SITE-102-103,BASE,EX,1,EXDOSE,50
SYN-2026-01,SITE-102,SITE-102-103,BASE,EX,1,EXADJ,Y
SYN-2026-01,SITE-102,SITE-102-103,WK4,VS,1,VSDAT,2026-03-02
SYN-2026-01,SITE-102,SITE-102-103,WK4,VS,1,SYSBP,115
SYN-2026-01,SITE-102,SITE-102-103,WK4,VS,1,DIABP,77
SYN-2026-01,SITE-102,SITE-102-103,WK4,VS,1,PULSE,70
SYN-2026-01,SITE-102,SITE-102-103,WK4,VS,1,TEMP,36.7
SYN-2026-01,SITE-102,SITE-102-103,WK4,VS,1,WEIGHT,42.0
SYN-2026-01,SITE-102,SITE-102-103,WK4,EX,1,EXSTDAT,2026-03-02
SYN-2026-01,SITE-102,SITE-102-103,WK4,EX,1,EXDOSE,50
SYN-2026-01,SITE-102,SITE-102-103,WK4,EX,1,EXADJ,Y
SYN-2026-01,SITE-102,SITE-102-103,WK12,VS,1,VSDAT,2026-04-28
SYN-2026-01,SITE-102,SITE-102-103,WK12,VS,1,SYSBP,126
SYN-2026-01,SITE-102,SITE-102-103,WK12,VS,1,DIABP,77
SYN-2026-01,SITE-102,SITE-102-103,WK12,VS,1,PULSE,68
SYN-2026-01,SITE-102,SITE-102-103,WK12,VS,1,TEMP,37.4
SYN-2026-01,SITE-102,SITE-102-103,WK12,VS,1,WEIGHT,74.6
SYN-2026-01,SITE-102,SITE-102-103,WK12,EX,1,EXSTDAT,2026-04-28
SYN-2026-01,SITE-102,SITE-102-103,WK12,EX,1,EXDOSE,100
SYN-2026-01,SITE-102,SITE-102-103,WK12,EX,1,EXADJ,Y
SYN-2026-01,SITE-102,SITE-102-103,WK12,CM,1,CMTRT,Paracetamol
SYN-2026-01,SITE-102,SITE-102-103,WK12,CM,1,CMINDC,Infection
SYN-2026-01,SITE-102,SITE-102-103,WK12,CM,1,CMSTDAT,2026-04-22
SYN-2026-01,SITE-102,SITE-102-103,WK12,CM,2,CMTRT,Metformin
SYN-2026-01,SITE-102,SITE-102-103,WK12,CM,2,CMINDC,Infection
SYN-2026-01,SITE-102,SITE-102-103,WK12,CM,2,CMSTDAT,2026-04-13
SYN-2026-01,SITE-102,SITE-102-103,EOS,VS,1,VSDAT,2026-07-18
SYN-2026-01,SITE-102,SITE-102-103,EOS,VS,1,SYSBP,123
SYN-2026-01,SITE-102,SITE-102-103,EOS,VS,1,DIABP,74
SYN-2026-01,SITE-102,SITE-102-103,EOS,VS,1,PULSE,76
SYN-2026-01,SITE-102,SITE-102-103,EOS,VS,1,WEIGHT,97.3
SYN-2026-01,SITE-102,SITE-102-103,EOS,AE,1,AETERM,sore throat and runny nose
SYN-2026-01,SITE-102,SITE-102-103,EOS,AE,1,AESTDAT,2026-07-03
SYN-2026-01,SITE-102,SITE-102-103,EOS,AE,1,AEOUT,RECOVERED
SYN-2026-01,SITE-102,SITE-102-103,EOS,AE,1,AEENDAT,2026-07-09
SYN-2026-01,SITE-102,SITE-102-103,EOS,AE,1,AESEV,MODERATE
SYN-2026-01,SITE-102,SITE-102-103,EOS,AE,1,AESER,Y
SYN-2026-01,SITE-102,SITE-102-103,EOS,AE,1,AEREL,NOT RELATED
SYN-2026-01,SITE-102,SITE-102-103,EOS,AE,1,AEACN,DOSE NOT CHANGED
SYN-2026-01,SITE-102,SITE-102-103,EOS,CM,1,CMTRT,Paracetamol
SYN-2026-01,SITE-102,SITE-102-103,EOS,CM,1,CMINDC,Infection
SYN-2026-01,SITE-102,SITE-102-103,EOS,CM,1,CMSTDAT,2026-06-08
SYN-2026-01,SITE-102,SITE-102-103,EOS,DS,1,DSCOMP,Y
SYN-2026-01,SITE-102,SITE-102-103,EOS,DS,1,DSSTDAT,2026-07-18
SYN-2026-01,SITE-102,SITE-102-104,SCR,DM,1,BRTHDAT,1960-11-26
SYN-2026-01,SITE-102,SITE-102-104,SCR,DM,1,SEX,F
SYN-2026-01,SITE-102,SITE-102-104,SCR,DM,1,RFICDAT,2025-11-10
SYN-2026-01,SITE-102,SITE-102-104,SCR,DM,1,ARM,A
SYN-2026-01,SITE-102,SITE-102-104,SCR,IE,1,IEYN,Y
SYN-2026-01,SITE-102,SITE-102-104,SCR,IE,1,AGEELIG,Y
SYN-2026-01,SITE-102,SITE-102-104,SCR,VS,1,VSDAT,2025-11-09
SYN-2026-01,SITE-102,SITE-102-104,SCR,VS,1,SYSBP,115
SYN-2026-01,SITE-102,SITE-102-104,SCR,VS,1,DIABP,84
SYN-2026-01,SITE-102,SITE-102-104,SCR,VS,1,PULSE,74
SYN-2026-01,SITE-102,SITE-102-104,SCR,VS,1,TEMP,36.7
SYN-2026-01,SITE-102,SITE-102-104,SCR,VS,1,WEIGHT,85.0
SYN-2026-01,SITE-102,SITE-102-104,BASE,VS,1,VSDAT,2025-11-28
SYN-2026-01,SITE-102,SITE-102-104,BASE,VS,1,SYSBP,142
SYN-2026-01,SITE-102,SITE-102-104,BASE,VS,1,DIABP,83
SYN-2026-01,SITE-102,SITE-102-104,BASE,VS,1,PULSE,78
SYN-2026-01,SITE-102,SITE-102-104,BASE,VS,1,TEMP,36.6
SYN-2026-01,SITE-102,SITE-102-104,BASE,VS,1,WEIGHT,69.3
SYN-2026-01,SITE-102,SITE-102-104,BASE,EX,1,EXSTDAT,2025-11-28
SYN-2026-01,SITE-102,SITE-102-104,BASE,EX,1,EXDOSE,50
SYN-2026-01,SITE-102,SITE-102-104,BASE,EX,1,EXADJ,Y
SYN-2026-01,SITE-102,SITE-102-104,WK4,VS,1,VSDAT,2025-12-26
SYN-2026-01,SITE-102,SITE-102-104,WK4,VS,1,SYSBP,310
SYN-2026-01,SITE-102,SITE-102-104,WK4,VS,1,DIABP,73
SYN-2026-01,SITE-102,SITE-102-104,WK4,VS,1,PULSE,57
SYN-2026-01,SITE-102,SITE-102-104,WK4,VS,1,TEMP,36.7
SYN-2026-01,SITE-102,SITE-102-104,WK4,VS,1,WEIGHT,48.9
SYN-2026-01,SITE-102,SITE-102-104,WK4,EX,1,EXSTDAT,2025-12-26
SYN-2026-01,SITE-102,SITE-102-104,WK4,EX,1,EXDOSE,50
SYN-2026-01,SITE-102,SITE-102-104,WK4,EX,1,EXADJ,N
SYN-2026-01,SITE-102,SITE-102-104,WK4,CM,1,CMTRT,Paracetamol
SYN-2026-01,SITE-102,SITE-102-104,WK4,CM,1,CMINDC,Infection
SYN-2026-01,SITE-102,SITE-102-104,WK4,CM,1,CMSTDAT,2025-12-16
SYN-2026-01,SITE-102,SITE-102-104,WK12,VS,1,VSDAT,2026-02-21
SYN-2026-01,SITE-102,SITE-102-104,WK12,VS,1,SYSBP,124
SYN-2026-01,SITE-102,SITE-102-104,WK12,VS,1,DIABP,97
SYN-2026-01,SITE-102,SITE-102-104,WK12,VS,1,PULSE,78
SYN-2026-01,SITE-102,SITE-102-104,WK12,VS,1,TEMP,36.6
SYN-2026-01,SITE-102,SITE-102-104,WK12,VS,1,WEIGHT,54.7
SYN-2026-01,SITE-102,SITE-102-104,WK12,EX,1,EXSTDAT,2026-02-21
SYN-2026-01,SITE-102,SITE-102-104,WK12,EX,1,EXDOSE,50
SYN-2026-01,SITE-102,SITE-102-104,WK12,EX,1,EXADJ,N
SYN-2026-01,SITE-102,SITE-102-104,EOS,VS,1,VSDAT,2026-05-11
SYN-2026-01,SITE-102,SITE-102-104,EOS,VS,1,SYSBP,142
SYN-2026-01,SITE-102,SITE-102-104,EOS,VS,1,DIABP,71
SYN-2026-01,SITE-102,SITE-102-104,EOS,VS,1,PULSE,87
SYN-2026-01,SITE-102,SITE-102-104,EOS,VS,1,TEMP,36.5
SYN-2026-01,SITE-102,SITE-102-104,EOS,VS,1,WEIGHT,102.0
SYN-2026-01,SITE-102,SITE-102-104,EOS,CM,1,CMTRT,Salbutamol
SYN-2026-01,SITE-102,SITE-102-104,EOS,CM,1,CMINDC,Prophylaxis
SYN-2026-01,SITE-102,SITE-102-104,EOS,CM,1,CMSTDAT,2026-03-30
SYN-2026-01,SITE-102,SITE-102-104,EOS,DS,1,DSCOMP,Y
SYN-2026-01,SITE-102,SITE-102-104,EOS,DS,1,DSSTDAT,2026-05-11
SYN-2026-01,SITE-102,SITE-102-105,SCR,DM,1,BRTHDAT,2000-02-29
SYN-2026-01,SITE-102,SITE-102-105,SCR,DM,1,SEX,F
SYN-2026-01,SITE-102,SITE-102-105,SCR,DM,1,RFICDAT,2026-02-22
SYN-2026-01,SITE-102,SITE-102-105,SCR,DM,1,ARM,B
SYN-2026-01,SITE-102,SITE-102-105,SCR,IE,1,IEYN,Y
SYN-2026-01,SITE-102,SITE-102-105,SCR,IE,1,AGEELIG,Y
SYN-2026-01,SITE-102,SITE-102-105,SCR,VS,1,VSDAT,2026-02-20
SYN-2026-01,SITE-102,SITE-102-105,SCR,VS,1,SYSBP,132
SYN-2026-01,SITE-102,SITE-102-105,SCR,VS,1,DIABP,90
SYN-2026-01,SITE-102,SITE-102-105,SCR,VS,1,PULSE,66
SYN-2026-01,SITE-102,SITE-102-105,SCR,VS,1,WEIGHT,61.4
SYN-2026-01,SITE-102,SITE-102-105,BASE,VS,1,VSDAT,2026-03-08
SYN-2026-01,SITE-102,SITE-102-105,BASE,VS,1,SYSBP,131
SYN-2026-01,SITE-102,SITE-102-105,BASE,VS,1,DIABP,77
SYN-2026-01,SITE-102,SITE-102-105,BASE,VS,1,PULSE,73
SYN-2026-01,SITE-102,SITE-102-105,BASE,VS,1,TEMP,37.1
SYN-2026-01,SITE-102,SITE-102-105,BASE,VS,1,WEIGHT,95.2
SYN-2026-01,SITE-102,SITE-102-105,BASE,EX,1,EXSTDAT,2026-03-08
SYN-2026-01,SITE-102,SITE-102-105,BASE,EX,1,EXDOSE,50
SYN-2026-01,SITE-102,SITE-102-105,BASE,EX,1,EXADJ,N
SYN-2026-01,SITE-102,SITE-102-105,WK4,VS,1,VSDAT,2026-04-05
SYN-2026-01,SITE-102,SITE-102-105,WK4,VS,1,SYSBP,135
SYN-2026-01,SITE-102,SITE-102-105,WK4,VS,1,DIABP,81
SYN-2026-01,SITE-102,SITE-102-105,WK4,VS,1,PULSE,67
SYN-2026-01,SITE-102,SITE-102-105,WK4,VS,1,TEMP,36.7
SYN-2026-01,SITE-102,SITE-102-105,WK4,VS,1,WEIGHT,98.9
SYN-2026-01,SITE-102,SITE-102-105,WK4,EX,1,EXSTDAT,2026-04-05
SYN-2026-01,SITE-102,SITE-102-105,WK4,EX,1,EXDOSE,50
SYN-2026-01,SITE-102,SITE-102-105,WK4,EX,1,EXADJ,N
SYN-2026-01,SITE-102,SITE-102-105,WK4,AE,1,AETERM,tired all the time
SYN-2026-01,SITE-102,SITE-102-105,WK4,AE,1,AESTDAT,2026-04-04
SYN-2026-01,SITE-102,SITE-102-105,WK4,AE,1,AEOUT,RECOVERED
SYN-2026-01,SITE-102,SITE-102-105,WK4,AE,1,AEENDAT,2026-04-15
SYN-2026-01,SITE-102,SITE-102-105,WK4,AE,1,AESEV,MODERATE
SYN-2026-01,SITE-102,SITE-102-105,WK4,AE,1,AESER,N
SYN-2026-01,SITE-102,SITE-102-105,WK4,AE,1,AEREL,RELATED
SYN-2026-01,SITE-102,SITE-102-105,WK4,AE,2,AETERM,Dizziness
SYN-2026-01,SITE-102,SITE-102-105,WK4,AE,2,AESTDAT,2026-03-17
SYN-2026-01,SITE-102,SITE-102-105,WK4,AE,2,AEOUT,RECOVERED
SYN-2026-01,SITE-102,SITE-102-105,WK4,AE,2,AEENDAT,2026-03-18
SYN-2026-01,SITE-102,SITE-102-105,WK4,AE,2,AESEV,SEVERE
SYN-2026-01,SITE-102,SITE-102-105,WK4,AE,2,AESER,N
SYN-2026-01,SITE-102,SITE-102-105,WK4,AE,2,AEREL,POSSIBLE
SYN-2026-01,SITE-102,SITE-102-105,WK4,AE,3,AETERM,Abdominal pain
SYN-2026-01,SITE-102,SITE-102-105,WK4,AE,3,AESTDAT,2026-03-17
SYN-2026-01,SITE-102,SITE-102-105,WK4,AE,3,AEOUT,RECOVERED
SYN-2026-01,SITE-102,SITE-102-105,WK4,AE,3,AEENDAT,2026-03-21
SYN-2026-01,SITE-102,SITE-102-105,WK4,AE,3,AESEV,MILD
SYN-2026-01,SITE-102,SITE-102-105,WK4,AE,3,AESER,N
SYN-2026-01,SITE-102,SITE-102-105,WK4,AE,3,AEREL,NOT RELATED
SYN-2026-01,SITE-102,SITE-102-105,WK12,VS,1,VSDAT,2026-05-27
SYN-2026-01,SITE-102,SITE-102-105,WK12,VS,1,SYSBP,141
SYN-2026-01,SITE-102,SITE-102-105,WK12,VS,1,DIABP,85
SYN-2026-01,SITE-102,SITE-102-105,WK12,VS,1,PULSE,60
SYN-2026-01,SITE-102,SITE-102-105,WK12,VS,1,TEMP,36.7
SYN-2026-01,SITE-102,SITE-102-105,WK12,VS,1,WEIGHT,59.6
SYN-2026-01,SITE-102,SITE-102-105,WK12,EX,1,EXSTDAT,2026-05-27
SYN-2026-01,SITE-102,SITE-102-105,WK12,EX,1,EXDOSE,50
SYN-2026-01,SITE-102,SITE-102-105,WK12,EX,1,EXADJ,N
SYN-2026-01,SITE-102,SITE-102-105,EOS,VS,1,VSDAT,2026-08-28
SYN-2026-01,SITE-102,SITE-102-105,EOS,VS,1,SYSBP,138
SYN-2026-01,SITE-102,SITE-102-105,EOS,VS,1,DIABP,77
SYN-2026-01,SITE-102,SITE-102-105,EOS,VS,1,PULSE,95
SYN-2026-01,SITE-102,SITE-102-105,EOS,VS,1,WEIGHT,83.1
SYN-2026-01,SITE-102,SITE-102-105,EOS,CM,1,CMTRT,tylenol
SYN-2026-01,SITE-102,SITE-102-105,EOS,CM,1,CMINDC,Prophylaxis
SYN-2026-01,SITE-102,SITE-102-105,EOS,CM,1,CMSTDAT,2026-08-13
SYN-2026-01,SITE-102,SITE-102-105,EOS,DS,1,DSCOMP,Y
SYN-2026-01,SITE-102,SITE-102-105,EOS,DS,1,DSSTDAT,2026-08-28
SYN-2026-01,SITE-102,SITE-102-106,SCR,DM,1,BRTHDAT,1977-02-09
SYN-2026-01,SITE-102,SITE-102-106,SCR,DM,1,SEX,F
SYN-2026-01,SITE-102,SITE-102-106,SCR,DM,1,RFICDAT,2026-01-28
SYN-2026-01,SITE-102,SITE-102-106,SCR,DM,1,ARM,A
SYN-2026-01,SITE-102,SITE-102-106,SCR,IE,1,IEYN,Y
SYN-2026-01,SITE-102,SITE-102-106,SCR,IE,1,AGEELIG,Y
SYN-2026-01,SITE-102,SITE-102-106,SCR,VS,1,VSDAT,2026-01-26
SYN-2026-01,SITE-102,SITE-102-106,SCR,VS,1,SYSBP,122
SYN-2026-01,SITE-102,SITE-102-106,SCR,VS,1,DIABP,62
SYN-2026-01,SITE-102,SITE-102-106,SCR,VS,1,PULSE,64
SYN-2026-01,SITE-102,SITE-102-106,SCR,VS,1,TEMP,36.5
SYN-2026-01,SITE-102,SITE-102-106,SCR,VS,1,WEIGHT,94.1
SYN-2026-01,SITE-102,SITE-102-106,SCR,MH,1,MHTERM,Asthma
SYN-2026-01,SITE-102,SITE-102-106,SCR,MH,1,MHSTDAT,2023-08-16
SYN-2026-01,SITE-102,SITE-102-106,SCR,MH,1,MHONGO,N
SYN-2026-01,SITE-102,SITE-102-106,BASE,VS,1,VSDAT,2026-02-13
SYN-2026-01,SITE-102,SITE-102-106,BASE,VS,1,SYSBP,147
SYN-2026-01,SITE-102,SITE-102-106,BASE,VS,1,DIABP,76
SYN-2026-01,SITE-102,SITE-102-106,BASE,VS,1,PULSE,73
SYN-2026-01,SITE-102,SITE-102-106,BASE,VS,1,WEIGHT,84.6
SYN-2026-01,SITE-102,SITE-102-106,BASE,EX,1,EXSTDAT,2026-02-13
SYN-2026-01,SITE-102,SITE-102-106,BASE,EX,1,EXDOSE,50
SYN-2026-01,SITE-102,SITE-102-106,BASE,EX,1,EXADJ,Y
SYN-2026-01,SITE-102,SITE-102-106,WK4,VS,1,VSDAT,2026-03-09
SYN-2026-01,SITE-102,SITE-102-106,WK4,VS,1,SYSBP,107
SYN-2026-01,SITE-102,SITE-102-106,WK4,VS,1,DIABP,94
SYN-2026-01,SITE-102,SITE-102-106,WK4,VS,1,PULSE,71
SYN-2026-01,SITE-102,SITE-102-106,WK4,VS,1,TEMP,36.7
SYN-2026-01,SITE-102,SITE-102-106,WK4,VS,1,WEIGHT,87.9
SYN-2026-01,SITE-102,SITE-102-106,WK4,EX,1,EXSTDAT,2026-03-09
SYN-2026-01,SITE-102,SITE-102-106,WK4,EX,1,EXDOSE,50
SYN-2026-01,SITE-102,SITE-102-106,WK4,EX,1,EXADJ,N
SYN-2026-01,SITE-102,SITE-102-106,WK4,AE,1,AETERM,BP high
SYN-2026-01,SITE-102,SITE-102-106,WK4,AE,1,AESTDAT,2026-02-27
SYN-2026-01,SITE-102,SITE-102-106,WK4,AE,1,AEOUT,RECOVERING
SYN-2026-01,SITE-102,SITE-102-106,WK4,AE,1,AESEV,MILD
SYN-2026-01,SITE-102,SITE-102-106,WK4,AE,1,AESER,Y
SYN-2026-01,SITE-102,SITE-102-106,WK4,AE,1,AEREL,UNLIKELY
SYN-2026-01,SITE-102,SITE-102-106,WK4,AE,1,AEACN,DOSE NOT CHANGED
SYN-2026-01,SITE-102,SITE-102-106,WK4,CM,1,CMTRT,Metformin
SYN-2026-01,SITE-102,SITE-102-106,WK4,CM,1,CMINDC,Hypertension
SYN-2026-01,SITE-102,SITE-102-106,WK4,CM,1,CMSTDAT,2026-01-19
SYN-2026-01,SITE-102,SITE-102-106,WK4,DS,1,DSCOMP,N
SYN-2026-01,SITE-102,SITE-102-106,WK4,DS,1,DSTERM,Physician decision
SYN-2026-01,SITE-102,SITE-102-106,WK4,DS,1,DSSTDAT,2026-03-09
SYN-2026-01,SITE-101,SITE-101-107,SCR,DM,1,BRTHDAT,1974-12-31
SYN-2026-01,SITE-101,SITE-101-107,SCR,DM,1,SEX,F
SYN-2026-01,SITE-101,SITE-101-107,SCR,DM,1,RFICDAT,2025-12-18
SYN-2026-01,SITE-101,SITE-101-107,SCR,DM,1,ARM,A
SYN-2026-01,SITE-101,SITE-101-107,SCR,IE,1,IEYN,Y
SYN-2026-01,SITE-101,SITE-101-107,SCR,IE,1,AGEELIG,Y
SYN-2026-01,SITE-101,SITE-101-107,SCR,VS,1,VSDAT,2025-12-18
SYN-2026-01,SITE-101,SITE-101-107,SCR,VS,1,SYSBP,111
SYN-2026-01,SITE-101,SITE-101-107,SCR,VS,1,DIABP,66
SYN-2026-01,SITE-101,SITE-101-107,SCR,VS,1,PULSE,76
SYN-2026-01,SITE-101,SITE-101-107,SCR,VS,1,WEIGHT,78.0
SYN-2026-01,SITE-101,SITE-101-107,BASE,VS,1,VSDAT,2026-01-04
SYN-2026-01,SITE-101,SITE-101-107,BASE,VS,1,SYSBP,140
SYN-2026-01,SITE-101,SITE-101-107,BASE,VS,1,DIABP,56
SYN-2026-01,SITE-101,SITE-101-107,BASE,VS,1,PULSE,67
SYN-2026-01,SITE-101,SITE-101-107,BASE,VS,1,TEMP,36.3
SYN-2026-01,SITE-101,SITE-101-107,BASE,VS,1,WEIGHT,57.3
SYN-2026-01,SITE-101,SITE-101-107,BASE,EX,1,EXSTDAT,2026-01-04
SYN-2026-01,SITE-101,SITE-101-107,BASE,EX,1,EXDOSE,50
SYN-2026-01,SITE-101,SITE-101-107,BASE,EX,1,EXADJ,N
SYN-2026-01,SITE-101,SITE-101-107,WK4,VS,1,VSDAT,2026-02-03
SYN-2026-01,SITE-101,SITE-101-107,WK4,VS,1,SYSBP,134
SYN-2026-01,SITE-101,SITE-101-107,WK4,VS,1,DIABP,95
SYN-2026-01,SITE-101,SITE-101-107,WK4,VS,1,PULSE,77
SYN-2026-01,SITE-101,SITE-101-107,WK4,VS,1,WEIGHT,79.0
SYN-2026-01,SITE-101,SITE-101-107,WK4,EX,1,EXSTDAT,2026-02-03
SYN-2026-01,SITE-101,SITE-101-107,WK4,EX,1,EXDOSE,50
SYN-2026-01,SITE-101,SITE-101-107,WK4,EX,1,EXADJ,N
SYN-2026-01,SITE-101,SITE-101-107,WK4,AE,1,AETERM,Cough
SYN-2026-01,SITE-101,SITE-101-107,WK4,AE,1,AESTDAT,2026-01-15
SYN-2026-01,SITE-101,SITE-101-107,WK4,AE,1,AEOUT,RECOVERED
SYN-2026-01,SITE-101,SITE-101-107,WK4,AE,1,AEENDAT,2026-02-01
SYN-2026-01,SITE-101,SITE-101-107,WK4,AE,1,AESEV,MODERATE
SYN-2026-01,SITE-101,SITE-101-107,WK4,AE,1,AESER,N
SYN-2026-01,SITE-101,SITE-101-107,WK4,AE,1,AEREL,PROBABLE
SYN-2026-01,SITE-101,SITE-101-107,WK4,DS,1,DSCOMP,N
SYN-2026-01,SITE-101,SITE-101-107,WK4,DS,1,DSTERM,Adverse event
SYN-2026-01,SITE-101,SITE-101-107,WK4,DS,1,DSSTDAT,2026-02-03
SYN-2026-01,SITE-102,SITE-102-108,SCR,DM,1,BRTHDAT,1980-03-21
SYN-2026-01,SITE-102,SITE-102-108,SCR,DM,1,SEX,M
SYN-2026-01,SITE-102,SITE-102-108,SCR,DM,1,RFICDAT,2026-03-10
SYN-2026-01,SITE-102,SITE-102-108,SCR,DM,1,ARM,A
SYN-2026-01,SITE-102,SITE-102-108,SCR,IE,1,IEYN,Y
SYN-2026-01,SITE-102,SITE-102-108,SCR,IE,1,AGEELIG,Y
SYN-2026-01,SITE-102,SITE-102-108,SCR,VS,1,VSDAT,2026-03-12
SYN-2026-01,SITE-102,SITE-102-108,SCR,VS,1,SYSBP,103
SYN-2026-01,SITE-102,SITE-102-108,SCR,VS,1,DIABP,86
SYN-2026-01,SITE-102,SITE-102-108,SCR,VS,1,PULSE,96
SYN-2026-01,SITE-102,SITE-102-108,SCR,VS,1,TEMP,37.1
SYN-2026-01,SITE-102,SITE-102-108,SCR,VS,1,WEIGHT,61.0
SYN-2026-01,SITE-102,SITE-102-108,BASE,VS,1,VSDAT,2026-03-22
SYN-2026-01,SITE-102,SITE-102-108,BASE,VS,1,SYSBP,114
SYN-2026-01,SITE-102,SITE-102-108,BASE,VS,1,DIABP,74
SYN-2026-01,SITE-102,SITE-102-108,BASE,VS,1,PULSE,76
SYN-2026-01,SITE-102,SITE-102-108,BASE,VS,1,TEMP,36.4
SYN-2026-01,SITE-102,SITE-102-108,BASE,VS,1,WEIGHT,84.8
SYN-2026-01,SITE-102,SITE-102-108,BASE,EX,1,EXSTDAT,2026-03-22
SYN-2026-01,SITE-102,SITE-102-108,BASE,EX,1,EXDOSE,50
SYN-2026-01,SITE-102,SITE-102-108,BASE,EX,1,EXADJ,N
SYN-2026-01,SITE-102,SITE-102-108,BASE,AE,1,AETERM,Dizziness
SYN-2026-01,SITE-102,SITE-102-108,BASE,AE,1,AESTDAT,2026-03-12
SYN-2026-01,SITE-102,SITE-102-108,BASE,AE,1,AEOUT,RECOVERED
SYN-2026-01,SITE-102,SITE-102-108,BASE,AE,1,AEENDAT,2026-03-14
SYN-2026-01,SITE-102,SITE-102-108,BASE,AE,1,AESEV,MILD
SYN-2026-01,SITE-102,SITE-102-108,BASE,AE,1,AESER,Y
SYN-2026-01,SITE-102,SITE-102-108,BASE,AE,1,AEREL,RELATED
SYN-2026-01,SITE-102,SITE-102-108,BASE,AE,1,AEACN,DOSE REDUCED
SYN-2026-01,SITE-102,SITE-102-108,BASE,AE,2,AETERM,Headache
SYN-2026-01,SITE-102,SITE-102-108,BASE,AE,2,AESTDAT,2026-03-14
SYN-2026-01,SITE-102,SITE-102-108,BASE,AE,2,AEOUT,UNKNOWN
SYN-2026-01,SITE-102,SITE-102-108,BASE,AE,2,AESEV,MILD
SYN-2026-01,SITE-102,SITE-102-108,BASE,AE,2,AESER,N
SYN-2026-01,SITE-102,SITE-102-108,BASE,AE,2,AEREL,RELATED
SYN-2026-01,SITE-102,SITE-102-108,WK4,VS,1,VSDAT,2026-04-17
SYN-2026-01,SITE-102,SITE-102-108,WK4,VS,1,SYSBP,116
SYN-2026-01,SITE-102,SITE-102-108,WK4,VS,1,DIABP,86
SYN-2026-01,SITE-102,SITE-102-108,WK4,VS,1,PULSE,94
SYN-2026-01,SITE-102,SITE-102-108,WK4,VS,1,TEMP,37.0
SYN-2026-01,SITE-102,SITE-102-108,WK4,VS,1,WEIGHT,62.3
SYN-2026-01,SITE-102,SITE-102-108,WK4,EX,1,EXSTDAT,2026-04-17
SYN-2026-01,SITE-102,SITE-102-108,WK4,EX,1,EXDOSE,25
SYN-2026-01,SITE-102,SITE-102-108,WK4,EX,1,EXADJ,N
SYN-2026-01,SITE-102,SITE-102-108,WK4,CM,1,CMTRT,Omeprazole
SYN-2026-01,SITE-102,SITE-102-108,WK4,CM,1,CMINDC,Hypertension
SYN-2026-01,SITE-102,SITE-102-108,WK4,CM,1,CMSTDAT,2026-03-30
SYN-2026-01,SITE-102,SITE-102-108,WK4,CM,2,CMTRT,Ibuprofen
SYN-2026-01,SITE-102,SITE-102-108,WK4,CM,2,CMINDC,Hypertension
SYN-2026-01,SITE-102,SITE-102-108,WK4,CM,2,CMSTDAT,2026-04-02
SYN-2026-01,SITE-102,SITE-102-108,WK4,CM,3,CMTRT,Ibuprofen
SYN-2026-01,SITE-102,SITE-102-108,WK4,CM,3,CMINDC,Hypertension
SYN-2026-01,SITE-102,SITE-102-108,WK4,CM,3,CMSTDAT,2026-04-09
SYN-2026-01,SITE-102,SITE-102-108,WK12,VS,1,VSDAT,2026-06-15
SYN-2026-01,SITE-102,SITE-102-108,WK12,VS,1,SYSBP,135
SYN-2026-01,SITE-102,SITE-102-108,WK12,VS,1,DIABP,84
SYN-2026-01,SITE-102,SITE-102-108,WK12,VS,1,PULSE,64
SYN-2026-01,SITE-102,SITE-102-108,WK12,VS,1,TEMP,36.6
SYN-2026-01,SITE-102,SITE-102-108,WK12,VS,1,WEIGHT,60.9
SYN-2026-01,SITE-102,SITE-102-108,WK12,EX,1,EXSTDAT,2026-06-15
SYN-2026-01,SITE-102,SITE-102-108,WK12,EX,1,EXDOSE,50
SYN-2026-01,SITE-102,SITE-102-108,WK12,EX,1,EXADJ,N
SYN-2026-01,SITE-102,SITE-102-108,WK12,DS,1,DSCOMP,N
SYN-2026-01,SITE-102,SITE-102-108,WK12,DS,1,DSTERM,Protocol deviation
SYN-2026-01,SITE-102,SITE-102-108,WK12,DS,1,DSSTDAT,2026-06-15
SYN-2026-01,SITE-105,SITE-105-109,SCR,DM,1,BRTHDAT,1982-02-26
SYN-2026-01,SITE-105,SITE-105-109,SCR,DM,1,SEX,F
SYN-2026-01,SITE-105,SITE-105-109,SCR,DM,1,RFICDAT,2026-02-15
SYN-2026-01,SITE-105,SITE-105-109,SCR,DM,1,ARM,A
SYN-2026-01,SITE-105,SITE-105-109,SCR,IE,1,IEYN,Y
SYN-2026-01,SITE-105,SITE-105-109,SCR,IE,1,AGEELIG,Y
SYN-2026-01,SITE-105,SITE-105-109,SCR,VS,1,VSDAT,2026-02-18
SYN-2026-01,SITE-105,SITE-105-109,SCR,VS,1,SYSBP,121
SYN-2026-01,SITE-105,SITE-105-109,SCR,VS,1,DIABP,79
SYN-2026-01,SITE-105,SITE-105-109,SCR,VS,1,PULSE,85
SYN-2026-01,SITE-105,SITE-105-109,SCR,VS,1,TEMP,36.7
SYN-2026-01,SITE-105,SITE-105-109,SCR,VS,1,WEIGHT,91.3
SYN-2026-01,SITE-105,SITE-105-109,SCR,MH,1,MHTERM,Migraine
SYN-2026-01,SITE-105,SITE-105-109,SCR,MH,1,MHSTDAT,2018-12-28
SYN-2026-01,SITE-105,SITE-105-109,SCR,MH,1,MHONGO,N
SYN-2026-01,SITE-105,SITE-105-109,BASE,VS,1,VSDAT,2026-02-26
SYN-2026-01,SITE-105,SITE-105-109,BASE,VS,1,SYSBP,116
SYN-2026-01,SITE-105,SITE-105-109,BASE,VS,1,DIABP,85
SYN-2026-01,SITE-105,SITE-105-109,BASE,VS,1,PULSE,64
SYN-2026-01,SITE-105,SITE-105-109,BASE,VS,1,WEIGHT,72.1
SYN-2026-01,SITE-105,SITE-105-109,BASE,EX,1,EXSTDAT,2026-02-26
SYN-2026-01,SITE-105,SITE-105-109,BASE,EX,1,EXDOSE,50
SYN-2026-01,SITE-105,SITE-105-109,BASE,EX,1,EXADJ,N
SYN-2026-01,SITE-105,SITE-105-109,BASE,AE,1,AETERM,Headache
SYN-2026-01,SITE-105,SITE-105-109,BASE,AE,1,AESTDAT,2026-02-22
SYN-2026-01,SITE-105,SITE-105-109,BASE,AE,1,AEOUT,UNKNOWN
SYN-2026-01,SITE-105,SITE-105-109,BASE,AE,1,AESEV,MILD
SYN-2026-01,SITE-105,SITE-105-109,BASE,AE,1,AESER,N
SYN-2026-01,SITE-105,SITE-105-109,BASE,AE,1,AEREL,POSSIBLE
SYN-2026-01,SITE-105,SITE-105-109,BASE,AE,2,AETERM,Upper respiratory tract infection
SYN-2026-01,SITE-105,SITE-105-109,BASE,AE,2,AESTDAT,2026-02-15
SYN-2026-01,SITE-105,SITE-105-109,BASE,AE,2,AEOUT,RECOVERED
SYN-2026-01,SITE-105,SITE-105-109,BASE,AE,2,AEENDAT,2026-03-06
SYN-2026-01,SITE-105,SITE-105-109,BASE,AE,2,AESEV,MODERATE
SYN-2026-01,SITE-105,SITE-105-109,BASE,AE,2,AESER,N
SYN-2026-01,SITE-105,SITE-105-109,BASE,AE,2,AEREL,UNLIKELY
SYN-2026-01,SITE-105,SITE-105-109,BASE,AE,3,AETERM,Back pain
SYN-2026-01,SITE-105,SITE-105-109,BASE,AE,3,AESTDAT,2026-02-11
SYN-2026-01,SITE-105,SITE-105-109,BASE,AE,3,AEOUT,RECOVERED
SYN-2026-01,SITE-105,SITE-105-109,BASE,AE,3,AEENDAT,2026-02-17
SYN-2026-01,SITE-105,SITE-105-109,BASE,AE,3,AESEV,SEVERE
SYN-2026-01,SITE-105,SITE-105-109,BASE,AE,3,AESER,N
SYN-2026-01,SITE-105,SITE-105-109,BASE,AE,3,AEREL,NOT RELATED
SYN-2026-01,SITE-105,SITE-105-109,WK4,VS,1,VSDAT,2026-03-23
SYN-2026-01,SITE-105,SITE-105-109,WK4,VS,1,SYSBP,137
SYN-2026-01,SITE-105,SITE-105-109,WK4,VS,1,DIABP,86
SYN-2026-01,SITE-105,SITE-105-109,WK4,VS,1,PULSE,49
SYN-2026-01,SITE-105,SITE-105-109,WK4,VS,1,TEMP,37.1
SYN-2026-01,SITE-105,SITE-105-109,WK4,VS,1,WEIGHT,58.2
SYN-2026-01,SITE-105,SITE-105-109,WK4,EX,1,EXSTDAT,2026-03-23
SYN-2026-01,SITE-105,SITE-105-109,WK4,EX,1,EXDOSE,50
SYN-2026-01,SITE-105,SITE-105-109,WK4,EX,1,EXADJ,Y
SYN-2026-01,SITE-105,SITE-105-109,WK4,AE,1,AETERM,Back pain
SYN-2026-01,SITE-105,SITE-105-109,WK4,AE,1,AESTDAT,2026-03-23
SYN-2026-01,SITE-105,SITE-105-109,WK4,AE,1,AEOUT,RECOVERED
SYN-2026-01,SITE-105,SITE-105-109,WK4,AE,1,AESEV,MILD
SYN-2026-01,SITE-105,SITE-105-109,WK4,AE,1,AESER,N
SYN-2026-01,SITE-105,SITE-105-109,WK4,AE,1,AEREL,POSSIBLE
SYN-2026-01,SITE-105,SITE-105-109,WK4,CM,1,CMTRT,tylenol
SYN-2026-01,SITE-105,SITE-105-109,WK4,CM,1,CMSTDAT,2026-02-03
SYN-2026-01,SITE-105,SITE-105-109,WK12,VS,1,VSDAT,2026-05-24
SYN-2026-01,SITE-105,SITE-105-109,WK12,VS,1,SYSBP,126
SYN-2026-01,SITE-105,SITE-105-109,WK12,VS,1,DIABP,90
SYN-2026-01,SITE-105,SITE-105-109,WK12,VS,1,PULSE,36
SYN-2026-01,SITE-105,SITE-105-109,WK12,VS,1,TEMP,36.7
SYN-2026-01,SITE-105,SITE-105-109,WK12,VS,1,WEIGHT,66.4
SYN-2026-01,SITE-105,SITE-105-109,WK12,EX,1,EXSTDAT,2026-05-24
SYN-2026-01,SITE-105,SITE-105-109,WK12,EX,1,EXDOSE,25
SYN-2026-01,SITE-105,SITE-105-109,WK12,EX,1,EXADJ,N
SYN-2026-01,SITE-105,SITE-105-109,WK12,AE,1,AETERM,Fatigue
SYN-2026-01,SITE-105,SITE-105-109,WK12,AE,1,AESTDAT,2026-05-24
SYN-2026-01,SITE-105,SITE-105-109,WK12,AE,1,AEOUT,RECOVERED
SYN-2026-01,SITE-105,SITE-105-109,WK12,AE,1,AEENDAT,2026-06-03
SYN-2026-01,SITE-105,SITE-105-109,WK12,AE,1,AESEV,MILD
SYN-2026-01,SITE-105,SITE-105-109,WK12,AE,1,AESER,N
SYN-2026-01,SITE-105,SITE-105-109,WK12,AE,1,AEREL,NOT RELATED
SYN-2026-01,SITE-105,SITE-105-109,WK12,CM,1,CMTRT,Salbutamol
SYN-2026-01,SITE-105,SITE-105-109,WK12,CM,1,CMINDC,Infection
SYN-2026-01,SITE-105,SITE-105-109,WK12,CM,1,CMSTDAT,2026-05-12
SYN-2026-01,SITE-105,SITE-105-109,WK12,DS,1,DSCOMP,N
SYN-2026-01,SITE-105,SITE-105-109,WK12,DS,1,DSSTDAT,2026-05-24
SYN-2026-01,SITE-104,SITE-104-110,SCR,DM,1,BRTHDAT,2000-10-15
SYN-2026-01,SITE-104,SITE-104-110,SCR,DM,1,SEX,F
SYN-2026-01,SITE-104,SITE-104-110,SCR,DM,1,RFICDAT,2025-10-09
SYN-2026-01,SITE-104,SITE-104-110,SCR,DM,1,ARM,B
SYN-2026-01,SITE-104,SITE-104-110,SCR,IE,1,IEYN,Y
SYN-2026-01,SITE-104,SITE-104-110,SCR,IE,1,AGEELIG,Y
SYN-2026-01,SITE-104,SITE-104-110,SCR,VS,1,VSDAT,2025-10-21
SYN-2026-01,SITE-104,SITE-104-110,SCR,VS,1,SYSBP,120
SYN-2026-01,SITE-104,SITE-104-110,SCR,VS,1,DIABP,61
SYN-2026-01,SITE-104,SITE-104-110,SCR,VS,1,PULSE,87
SYN-2026-01,SITE-104,SITE-104-110,SCR,VS,1,TEMP,37.0
SYN-2026-01,SITE-104,SITE-104-110,SCR,VS,1,WEIGHT,65.0
SYN-2026-01,SITE-104,SITE-104-110,BASE,VS,1,VSDAT,2025-10-26
SYN-2026-01,SITE-104,SITE-104-110,BASE,VS,1,SYSBP,134
SYN-2026-01,SITE-104,SITE-104-110,BASE,VS,1,DIABP,76
SYN-2026-01,SITE-104,SITE-104-110,BASE,VS,1,PULSE,79
SYN-2026-01,SITE-104,SITE-104-110,BASE,VS,1,TEMP,36.5
SYN-2026-01,SITE-104,SITE-104-110,BASE,VS,1,WEIGHT,61.1
SYN-2026-01,SITE-104,SITE-104-110,BASE,EX,1,EXSTDAT,2025-10-26
SYN-2026-01,SITE-104,SITE-104-110,BASE,EX,1,EXDOSE,100
SYN-2026-01,SITE-104,SITE-104-110,BASE,EX,1,EXADJ,N
SYN-2026-01,SITE-104,SITE-104-110,BASE,AE,1,AETERM,Abdominal pain
SYN-2026-01,SITE-104,SITE-104-110,BASE,AE,1,AESTDAT,2025-10-09
SYN-2026-01,SITE-104,SITE-104-110,BASE,AE,1,AEOUT,RECOVERED
SYN-2026-01,SITE-104,SITE-104-110,BASE,AE,1,AEENDAT,2025-10-21
SYN-2026-01,SITE-104,SITE-104-110,BASE,AE,1,AESEV,MILD
SYN-2026-01,SITE-104,SITE-104-110,BASE,AE,1,AESER,N
SYN-2026-01,SITE-104,SITE-104-110,BASE,AE,1,AEREL,POSSIBLE
SYN-2026-01,SITE-104,SITE-104-110,BASE,AE,2,AETERM,Pyrexia
SYN-2026-01,SITE-104,SITE-104-110,BASE,AE,2,AESTDAT,2025-10-25
SYN-2026-01,SITE-104,SITE-104-110,BASE,AE,2,AEOUT,RECOVERED
SYN-2026-01,SITE-104,SITE-104-110,BASE,AE,2,AEENDAT,2025-10-31
SYN-2026-01,SITE-104,SITE-104-110,BASE,AE,2,AESEV,SEVERE
SYN-2026-01,SITE-104,SITE-104-110,BASE,AE,2,AESER,N
SYN-2026-01,SITE-104,SITE-104-110,BASE,AE,2,AEREL,RELATED
SYN-2026-01,SITE-104,SITE-104-110,WK4,VS,1,VSDAT,2025-11-22
SYN-2026-01,SITE-104,SITE-104-110,WK4,VS,1,SYSBP,139
SYN-2026-01,SITE-104,SITE-104-110,WK4,VS,1,DIABP,83
SYN-2026-01,SITE-104,SITE-104-110,WK4,VS,1,PULSE,85
SYN-2026-01,SITE-104,SITE-104-110,WK4,VS,1,TEMP,36.0
SYN-2026-01,SITE-104,SITE-104-110,WK4,VS,1,WEIGHT,119.8
SYN-2026-01,SITE-104,SITE-104-110,WK4,EX,1,EXSTDAT,2025-11-22
SYN-2026-01,SITE-104,SITE-104-110,WK4,EX,1,EXDOSE,100
SYN-2026-01,SITE-104,SITE-104-110,WK4,EX,1,EXADJ,N
SYN-2026-01,SITE-104,SITE-104-110,WK12,VS,1,VSDAT,2026-01-15
SYN-2026-01,SITE-104,SITE-104-110,WK12,VS,1,SYSBP,114
SYN-2026-01,SITE-104,SITE-104-110,WK12,VS,1,DIABP,93
SYN-2026-01,SITE-104,SITE-104-110,WK12,VS,1,PULSE,68
SYN-2026-01,SITE-104,SITE-104-110,WK12,VS,1,TEMP,37.1
SYN-2026-01,SITE-104,SITE-104-110,WK12,VS,1,WEIGHT,75.3
SYN-2026-01,SITE-104,SITE-104-110,WK12,EX,1,EXSTDAT,2026-01-15
SYN-2026-01,SITE-104,SITE-104-110,WK12,EX,1,EXDOSE,25
SYN-2026-01,SITE-104,SITE-104-110,WK12,EX,1,EXADJ,N
SYN-2026-01,SITE-104,SITE-104-110,WK12,AE,1,AETERM,Pyrexia
SYN-2026-01,SITE-104,SITE-104-110,WK12,AE,1,AESTDAT,2025-12-30
SYN-2026-01,SITE-104,SITE-104-110,WK12,AE,1,AEOUT,RECOVERED
SYN-2026-01,SITE-104,SITE-104-110,WK12,AE,1,AEENDAT,2026-01-04
SYN-2026-01,SITE-104,SITE-104-110,WK12,AE,1,AESEV,MILD
SYN-2026-01,SITE-104,SITE-104-110,WK12,AE,1,AESER,N
SYN-2026-01,SITE-104,SITE-104-110,WK12,AE,1,AEREL,NOT RELATED
SYN-2026-01,SITE-104,SITE-104-110,WK12,AE,2,AETERM,Upper respiratory tract infection
SYN-2026-01,SITE-104,SITE-104-110,WK12,AE,2,AESTDAT,2026-01-15
SYN-2026-01,SITE-104,SITE-104-110,WK12,AE,2,AEOUT,RECOVERING
SYN-2026-01,SITE-104,SITE-104-110,WK12,AE,2,AESEV,MODERATE
SYN-2026-01,SITE-104,SITE-104-110,WK12,AE,2,AESER,Y
SYN-2026-01,SITE-104,SITE-104-110,WK12,AE,2,AEREL,NOT RELATED
SYN-2026-01,SITE-104,SITE-104-110,WK12,AE,2,AEACN,DOSE REDUCED
SYN-2026-01,SITE-104,SITE-104-110,WK12,AE,3,AETERM,Vomiting
SYN-2026-01,SITE-104,SITE-104-110,WK12,AE,3,AESTDAT,2025-12-29
SYN-2026-01,SITE-104,SITE-104-110,WK12,AE,3,AEOUT,NOT RECOVERED
SYN-2026-01,SITE-104,SITE-104-110,WK12,AE,3,AESEV,MILD
SYN-2026-01,SITE-104,SITE-104-110,WK12,AE,3,AESER,N
SYN-2026-01,SITE-104,SITE-104-110,WK12,AE,3,AEREL,UNLIKELY
SYN-2026-01,SITE-104,SITE-104-110,WK12,CM,1,CMTRT,Metformin
SYN-2026-01,SITE-104,SITE-104-110,WK12,CM,1,CMINDC,Pain
SYN-2026-01,SITE-104,SITE-104-110,WK12,CM,1,CMSTDAT,2025-11-20
SYN-2026-01,SITE-104,SITE-104-110,WK12,DS,1,DSCOMP,N
SYN-2026-01,SITE-104,SITE-104-110,WK12,DS,1,DSTERM,Protocol deviation
SYN-2026-01,SITE-104,SITE-104-110,WK12,DS,1,DSSTDAT,2026-01-15
SYN-2026-01,SITE-105,SITE-105-111,SCR,DM,1,BRTHDAT,1983-03-08
SYN-2026-01,SITE-105,SITE-105-111,SCR,DM,1,SEX,F
SYN-2026-01,SITE-105,SITE-105-111,SCR,DM,1,RFICDAT,2026-02-25
SYN-2026-01,SITE-105,SITE-105-111,SCR,DM,1,ARM,A
SYN-2026-01,SITE-105,SITE-105-111,SCR,IE,1,IEYN,Y
SYN-2026-01,SITE-105,SITE-105-111,SCR,IE,1,AGEELIG,Y
SYN-2026-01,SITE-105,SITE-105-111,SCR,VS,1,VSDAT,2026-02-26
SYN-2026-01,SITE-105,SITE-105-111,SCR,VS,1,SYSBP,112
SYN-2026-01,SITE-105,SITE-105-111,SCR,VS,1,DIABP,69
SYN-2026-01,SITE-105,SITE-105-111,SCR,VS,1,PULSE,68
SYN-2026-01,SITE-105,SITE-105-111,SCR,VS,1,TEMP,36.2
SYN-2026-01,SITE-105,SITE-105-111,SCR,VS,1,WEIGHT,45.9
SYN-2026-01,SITE-105,SITE-105-111,BASE,VS,1,VSDAT,2026-03-10
SYN-2026-01,SITE-105,SITE-105-111,BASE,VS,1,SYSBP,127
SYN-2026-01,SITE-105,SITE-105-111,BASE,VS,1,DIABP,72
SYN-2026-01,SITE-105,SITE-105-111,BASE,VS,1,PULSE,59
SYN-2026-01,SITE-105,SITE-105-111,BASE,VS,1,TEMP,36.1
SYN-2026-01,SITE-105,SITE-105-111,BASE,VS,1,WEIGHT,66.1
SYN-2026-01,SITE-105,SITE-105-111,BASE,EX,1,EXSTDAT,2026-03-10
SYN-2026-01,SITE-105,SITE-105-111,BASE,EX,1,EXDOSE,50
SYN-2026-01,SITE-105,SITE-105-111,BASE,EX,1,EXADJ,N
SYN-2026-01,SITE-105,SITE-105-111,WK4,VS,1,VSDAT,2026-04-07
SYN-2026-01,SITE-105,SITE-105-111,WK4,VS,1,SYSBP,140
SYN-2026-01,SITE-105,SITE-105-111,WK4,VS,1,DIABP,94
SYN-2026-01,SITE-105,SITE-105-111,WK4,VS,1,PULSE,67
SYN-2026-01,SITE-105,SITE-105-111,WK4,VS,1,TEMP,36.5
SYN-2026-01,SITE-105,SITE-105-111,WK4,VS,1,WEIGHT,62.2
SYN-2026-01,SITE-105,SITE-105-111,WK4,EX,1,EXSTDAT,2026-04-07
SYN-2026-01,SITE-105,SITE-105-111,WK4,EX,1,EXDOSE,100
SYN-2026-01,SITE-105,SITE-105-111,WK4,EX,1,EXADJ,N
SYN-2026-01,SITE-105,SITE-105-111,WK12,VS,1,VSDAT,2026-06-02
SYN-2026-01,SITE-105,SITE-105-111,WK12,VS,1,SYSBP,144
SYN-2026-01,SITE-105,SITE-105-111,WK12,VS,1,DIABP,88
SYN-2026-01,SITE-105,SITE-105-111,WK12,VS,1,PULSE,61
SYN-2026-01,SITE-105,SITE-105-111,WK12,VS,1,TEMP,37.0
SYN-2026-01,SITE-105,SITE-105-111,WK12,VS,1,WEIGHT,102.4
SYN-2026-01,SITE-105,SITE-105-111,WK12,EX,1,EXSTDAT,2026-06-02
SYN-2026-01,SITE-105,SITE-105-111,WK12,EX,1,EXDOSE,50
SYN-2026-01,SITE-105,SITE-105-111,WK12,EX,1,EXADJ,N
SYN-2026-01,SITE-105,SITE-105-111,WK12,AE,1,AETERM,Nausea
SYN-2026-01,SITE-105,SITE-105-111,WK12,AE,1,AESTDAT,2026-05-23
SYN-2026-01,SITE-105,SITE-105-111,WK12,AE,1,AEOUT,RECOVERED
SYN-2026-01,SITE-105,SITE-105-111,WK12,AE,1,AEENDAT,2026-06-06
SYN-2026-01,SITE-105,SITE-105-111,WK12,AE,1,AESEV,MILD
SYN-2026-01,SITE-105,SITE-105-111,WK12,AE,1,AESER,N
SYN-2026-01,SITE-105,SITE-105-111,WK12,AE,1,AEREL,NOT RELATED
SYN-2026-01,SITE-105,SITE-105-111,WK12,AE,2,AETERM,sore throat and runny nose
SYN-2026-01,SITE-105,SITE-105-111,WK12,AE,2,AESTDAT,2026-05-25
SYN-2026-01,SITE-105,SITE-105-111,WK12,AE,2,AEOUT,NOT RECOVERED
SYN-2026-01,SITE-105,SITE-105-111,WK12,AE,2,AESEV,MODERATE
SYN-2026-01,SITE-105,SITE-105-111,WK12,AE,2,AESER,N
SYN-2026-01,SITE-105,SITE-105-111,WK12,AE,2,AEREL,RELATED
SYN-2026-01,SITE-105,SITE-105-111,EOS,VS,1,VSDAT,2026-08-24
SYN-2026-01,SITE-105,SITE-105-111,EOS,VS,1,SYSBP,130
SYN-2026-01,SITE-105,SITE-105-111,EOS,VS,1,DIABP,68
SYN-2026-01,SITE-105,SITE-105-111,EOS,VS,1,PULSE,86
SYN-2026-01,SITE-105,SITE-105-111,EOS,VS,1,TEMP,36.2
SYN-2026-01,SITE-105,SITE-105-111,EOS,VS,1,WEIGHT,91.7
SYN-2026-01,SITE-105,SITE-105-111,EOS,CM,1,CMTRT,Salbutamol
SYN-2026-01,SITE-105,SITE-105-111,EOS,CM,1,CMINDC,Pain
SYN-2026-01,SITE-105,SITE-105-111,EOS,CM,1,CMSTDAT,2026-08-10
SYN-2026-01,SITE-105,SITE-105-111,EOS,DS,1,DSCOMP,Y
SYN-2026-01,SITE-105,SITE-105-111,EOS,DS,1,DSSTDAT,2026-08-24
SYN-2026-01,SITE-104,SITE-104-112,SCR,DM,1,BRTHDAT,1989-12-09
SYN-2026-01,SITE-104,SITE-104-112,SCR,DM,1,SEX,M
SYN-2026-01,SITE-104,SITE-104-112,SCR,DM,1,RFICDAT,2025-11-30
SYN-2026-01,SITE-104,SITE-104-112,SCR,DM,1,ARM,B
SYN-2026-01,SITE-104,SITE-104-112,SCR,IE,1,IEYN,Y
SYN-2026-01,SITE-104,SITE-104-112,SCR,IE,1,AGEELIG,Y
SYN-2026-01,SITE-104,SITE-104-112,SCR,VS,1,VSDAT,2025-12-01
SYN-2026-01,SITE-104,SITE-104-112,SCR,VS,1,SYSBP,136
SYN-2026-01,SITE-104,SITE-104-112,SCR,VS,1,DIABP,88
SYN-2026-01,SITE-104,SITE-104-112,SCR,VS,1,PULSE,73
SYN-2026-01,SITE-104,SITE-104-112,SCR,VS,1,TEMP,36.9
SYN-2026-01,SITE-104,SITE-104-112,SCR,VS,1,WEIGHT,78.0
SYN-2026-01,SITE-104,SITE-104-112,SCR,MH,1,MHTERM,Asthma
SYN-2026-01,SITE-104,SITE-104-112,SCR,MH,1,MHSTDAT,2022-09-05
SYN-2026-01,SITE-104,SITE-104-112,SCR,MH,1,MHONGO,Y
SYN-2026-01,SITE-104,SITE-104-112,BASE,VS,1,VSDAT,2025-12-11
SYN-2026-01,SITE-104,SITE-104-112,BASE,VS,1,SYSBP,123
SYN-2026-01,SITE-104,SITE-104-112,BASE,VS,1,DIABP,89
SYN-2026-01,SITE-104,SITE-104-112,BASE,VS,1,PULSE,63
SYN-2026-01,SITE-104,SITE-104-112,BASE,VS,1,TEMP,36.1
SYN-2026-01,SITE-104,SITE-104-112,BASE,VS,1,WEIGHT,69.6
SYN-2026-01,SITE-104,SITE-104-112,BASE,EX,1,EXSTDAT,2025-12-11
SYN-2026-01,SITE-104,SITE-104-112,BASE,EX,1,EXDOSE,25
SYN-2026-01,SITE-104,SITE-104-112,BASE,EX,1,EXADJ,N
SYN-2026-01,SITE-104,SITE-104-112,BASE,AE,1,AETERM,Nausea
SYN-2026-01,SITE-104,SITE-104-112,BASE,AE,1,AESTDAT,2025-12-03
SYN-2026-01,SITE-104,SITE-104-112,BASE,AE,1,AEOUT,RECOVERING
SYN-2026-01,SITE-104,SITE-104-112,BASE,AE,1,AESEV,SEVERE
SYN-2026-01,SITE-104,SITE-104-112,BASE,AE,1,AESER,N
SYN-2026-01,SITE-104,SITE-104-112,BASE,AE,1,AEREL,POSSIBLE
SYN-2026-01,SITE-104,SITE-104-112,WK4,VS,1,VSDAT,2026-01-05
SYN-2026-01,SITE-104,SITE-104-112,WK4,VS,1,SYSBP,119
SYN-2026-01,SITE-104,SITE-104-112,WK4,VS,1,DIABP,91
SYN-2026-01,SITE-104,SITE-104-112,WK4,VS,1,PULSE,71
SYN-2026-01,SITE-104,SITE-104-112,WK4,VS,1,TEMP,36.5
SYN-2026-01,SITE-104,SITE-104-112,WK4,VS,1,WEIGHT,98.9
SYN-2026-01,SITE-104,SITE-104-112,WK4,EX,1,EXSTDAT,2026-01-05
SYN-2026-01,SITE-104,SITE-104-112,WK4,EX,1,EXDOSE,50
SYN-2026-01,SITE-104,SITE-104-112,WK4,EX,1,EXADJ,N
SYN-2026-01,SITE-104,SITE-104-112,WK4,CM,1,CMTRT,tylenol
SYN-2026-01,SITE-104,SITE-104-112,WK4,CM,1,CMINDC,Hypertension
SYN-2026-01,SITE-104,SITE-104-112,WK4,CM,1,CMSTDAT,2025-11-17
SYN-2026-01,SITE-104,SITE-104-112,WK12,VS,1,VSDAT,2026-02-27
SYN-2026-01,SITE-104,SITE-104-112,WK12,VS,1,SYSBP,108
SYN-2026-01,SITE-104,SITE-104-112,WK12,VS,1,DIABP,75
SYN-2026-01,SITE-104,SITE-104-112,WK12,VS,1,PULSE,82
SYN-2026-01,SITE-104,SITE-104-112,WK12,VS,1,TEMP,37.2
SYN-2026-01,SITE-104,SITE-104-112,WK12,VS,1,WEIGHT,71.4
SYN-2026-01,SITE-104,SITE-104-112,WK12,EX,1,EXSTDAT,2026-02-27
SYN-2026-01,SITE-104,SITE-104-112,WK12,EX,1,EXDOSE,100
SYN-2026-01,SITE-104,SITE-104-112,WK12,EX,1,EXADJ,Y
SYN-2026-01,SITE-104,SITE-104-112,WK12,AE,1,AETERM,Vomiting
SYN-2026-01,SITE-104,SITE-104-112,WK12,AE,1,AESTDAT,2026-02-07
SYN-2026-01,SITE-104,SITE-104-112,WK12,AE,1,AEOUT,RECOVERED
SYN-2026-01,SITE-104,SITE-104-112,WK12,AE,1,AEENDAT,2026-02-25
SYN-2026-01,SITE-104,SITE-104-112,WK12,AE,1,AESEV,MODERATE
SYN-2026-01,SITE-104,SITE-104-112,WK12,AE,1,AESER,N
SYN-2026-01,SITE-104,SITE-104-112,WK12,AE,1,AEREL,PROBABLE
SYN-2026-01,SITE-104,SITE-104-112,WK12,AE,2,AETERM,Upper respiratory tract infection
SYN-2026-01,SITE-104,SITE-104-112,WK12,AE,2,AESTDAT,2026-02-09
SYN-2026-01,SITE-104,SITE-104-112,WK12,AE,2,AEOUT,NOT RECOVERED
SYN-2026-01,SITE-104,SITE-104-112,WK12,AE,2,AESEV,MILD
SYN-2026-01,SITE-104,SITE-104-112,WK12,AE,2,AESER,N
SYN-2026-01,SITE-104,SITE-104-112,WK12,AE,2,AEREL,RELATED
SYN-2026-01,SITE-104,SITE-104-112,WK12,AE,3,AETERM,Back pain
SYN-2026-01,SITE-104,SITE-104-112,WK12,AE,3,AESTDAT,2026-02-23
SYN-2026-01,SITE-104,SITE-104-112,WK12,AE,3,AEOUT,RECOVERED
SYN-2026-01,SITE-104,SITE-104-112,WK12,AE,3,AEENDAT,2026-02-24
SYN-2026-01,SITE-104,SITE-104-112,WK12,AE,3,AESEV,MILD
SYN-2026-01,SITE-104,SITE-104-112,WK12,AE,3,AESER,N
SYN-2026-01,SITE-104,SITE-104-112,WK12,AE,3,AEREL,PROBABLE
SYN-2026-01,SITE-104,SITE-104-112,WK12,CM,1,CMTRT,advil
SYN-2026-01,SITE-104,SITE-104-112,WK12,CM,1,CMSTDAT,2026-01-31
SYN-2026-01,SITE-104,SITE-104-112,WK12,CM,2,CMTRT,Metformin
SYN-2026-01,SITE-104,SITE-104-112,WK12,CM,2,CMSTDAT,2025-12-31
SYN-2026-01,SITE-104,SITE-104-112,EOS,VS,1,VSDAT,2026-05-28
SYN-2026-01,SITE-104,SITE-104-112,EOS,VS,1,SYSBP,148
SYN-2026-01,SITE-104,SITE-104-112,EOS,VS,1,DIABP,81
SYN-2026-01,SITE-104,SITE-104-112,EOS,VS,1,PULSE,59
SYN-2026-01,SITE-104,SITE-104-112,EOS,VS,1,TEMP,36.3
SYN-2026-01,SITE-104,SITE-104-112,EOS,VS,1,WEIGHT,113.1
SYN-2026-01,SITE-104,SITE-104-112,EOS,AE,1,AETERM,Arthralgia
SYN-2026-01,SITE-104,SITE-104-112,EOS,AE,1,AESTDAT,2026-05-10
SYN-2026-01,SITE-104,SITE-104-112,EOS,AE,1,AEOUT,RECOVERED
SYN-2026-01,SITE-104,SITE-104-112,EOS,AE,1,AEENDAT,2026-05-22
SYN-2026-01,SITE-104,SITE-104-112,EOS,AE,1,AESEV,MILD
SYN-2026-01,SITE-104,SITE-104-112,EOS,AE,1,AESER,N
SYN-2026-01,SITE-104,SITE-104-112,EOS,AE,1,AEREL,RELATED
SYN-2026-01,SITE-104,SITE-104-112,EOS,AE,2,AETERM,Insomnia
SYN-2026-01,SITE-104,SITE-104-112,EOS,AE,2,AESTDAT,2026-05-23
SYN-2026-01,SITE-104,SITE-104-112,EOS,AE,2,AEOUT,NOT RECOVERED
SYN-2026-01,SITE-104,SITE-104-112,EOS,AE,2,AESEV,MODERATE
SYN-2026-01,SITE-104,SITE-104-112,EOS,AE,2,AESER,N
SYN-2026-01,SITE-104,SITE-104-112,EOS,AE,2,AEREL,POSSIBLE
SYN-2026-01,SITE-104,SITE-104-112,EOS,AE,3,AETERM,tired all the time
SYN-2026-01,SITE-104,SITE-104-112,EOS,AE,3,AESTDAT,2026-05-16
SYN-2026-01,SITE-104,SITE-104-112,EOS,AE,3,AEOUT,UNKNOWN
SYN-2026-01,SITE-104,SITE-104-112,EOS,AE,3,AESEV,MODERATE
SYN-2026-01,SITE-104,SITE-104-112,EOS,AE,3,AESER,N
SYN-2026-01,SITE-104,SITE-104-112,EOS,AE,3,AEREL,PROBABLE
SYN-2026-01,SITE-104,SITE-104-112,EOS,DS,1,DSCOMP,Y
SYN-2026-01,SITE-104,SITE-104-112,EOS,DS,1,DSSTDAT,2026-05-28
SYN-2026-01,SITE-102,SITE-102-113,SCR,DM,1,BRTHDAT,1997-03-11
SYN-2026-01,SITE-102,SITE-102-113,SCR,DM,1,SEX,M
SYN-2026-01,SITE-102,SITE-102-113,SCR,DM,1,RFICDAT,2026-03-04
SYN-2026-01,SITE-102,SITE-102-113,SCR,DM,1,ARM,B
SYN-2026-01,SITE-102,SITE-102-113,SCR,IE,1,IEYN,Y
SYN-2026-01,SITE-102,SITE-102-113,SCR,IE,1,AGEELIG,Y
SYN-2026-01,SITE-102,SITE-102-113,SCR,VS,1,VSDAT,2026-03-05
SYN-2026-01,SITE-102,SITE-102-113,SCR,VS,1,SYSBP,124
SYN-2026-01,SITE-102,SITE-102-113,SCR,VS,1,DIABP,86
SYN-2026-01,SITE-102,SITE-102-113,SCR,VS,1,PULSE,72
SYN-2026-01,SITE-102,SITE-102-113,SCR,VS,1,TEMP,37.0
SYN-2026-01,SITE-102,SITE-102-113,SCR,VS,1,WEIGHT,96.8
SYN-2026-01,SITE-102,SITE-102-113,BASE,VS,1,VSDAT,2026-03-17
SYN-2026-01,SITE-102,SITE-102-113,BASE,VS,1,SYSBP,137
SYN-2026-01,SITE-102,SITE-102-113,BASE,VS,1,DIABP,71
SYN-2026-01,SITE-102,SITE-102-113,BASE,VS,1,PULSE,83
SYN-2026-01,SITE-102,SITE-102-113,BASE,VS,1,TEMP,36.0
SYN-2026-01,SITE-102,SITE-102-113,BASE,VS,1,WEIGHT,65.9
SYN-2026-01,SITE-102,SITE-102-113,BASE,EX,1,EXSTDAT,2026-03-17
SYN-2026-01,SITE-102,SITE-102-113,BASE,EX,1,EXDOSE,100
SYN-2026-01,SITE-102,SITE-102-113,BASE,EX,1,EXADJ,N
SYN-2026-01,SITE-102,SITE-102-113,WK4,VS,1,VSDAT,2026-04-14
SYN-2026-01,SITE-102,SITE-102-113,WK4,VS,1,SYSBP,137
SYN-2026-01,SITE-102,SITE-102-113,WK4,VS,1,DIABP,78
SYN-2026-01,SITE-102,SITE-102-113,WK4,VS,1,PULSE,79
SYN-2026-01,SITE-102,SITE-102-113,WK4,VS,1,WEIGHT,80.5
SYN-2026-01,SITE-102,SITE-102-113,WK4,EX,1,EXSTDAT,2026-04-14
SYN-2026-01,SITE-102,SITE-102-113,WK4,EX,1,EXDOSE,100
SYN-2026-01,SITE-102,SITE-102-113,WK4,EX,1,EXADJ,N
SYN-2026-01,SITE-102,SITE-102-113,WK12,VS,1,VSDAT,2026-06-05
SYN-2026-01,SITE-102,SITE-102-113,WK12,VS,1,SYSBP,129
SYN-2026-01,SITE-102,SITE-102-113,WK12,VS,1,DIABP,79
SYN-2026-01,SITE-102,SITE-102-113,WK12,VS,1,PULSE,83
SYN-2026-01,SITE-102,SITE-102-113,WK12,VS,1,TEMP,37.1
SYN-2026-01,SITE-102,SITE-102-113,WK12,VS,1,WEIGHT,42.3
SYN-2026-01,SITE-102,SITE-102-113,WK12,EX,1,EXSTDAT,2026-06-05
SYN-2026-01,SITE-102,SITE-102-113,WK12,EX,1,EXDOSE,100
SYN-2026-01,SITE-102,SITE-102-113,WK12,EX,1,EXADJ,N
SYN-2026-01,SITE-102,SITE-102-113,WK12,AE,1,AETERM,Pruritus
SYN-2026-01,SITE-102,SITE-102-113,WK12,AE,1,AESTDAT,2026-06-05
SYN-2026-01,SITE-102,SITE-102-113,WK12,AE,1,AEOUT,RECOVERED
SYN-2026-01,SITE-102,SITE-102-113,WK12,AE,1,AEENDAT,2026-06-14
SYN-2026-01,SITE-102,SITE-102-113,WK12,AE,1,AESEV,MILD
SYN-2026-01,SITE-102,SITE-102-113,WK12,AE,1,AESER,N
SYN-2026-01,SITE-102,SITE-102-113,WK12,AE,1,AEREL,NOT RELATED
SYN-2026-01,SITE-102,SITE-102-113,WK12,AE,2,AETERM,Arthralgia
SYN-2026-01,SITE-102,SITE-102-113,WK12,AE,2,AESTDAT,2026-05-22
SYN-2026-01,SITE-102,SITE-102-113,WK12,AE,2,AEOUT,RECOVERED
SYN-2026-01,SITE-102,SITE-102-113,WK12,AE,2,AEENDAT,2026-05-30
SYN-2026-01,SITE-102,SITE-102-113,WK12,AE,2,AESEV,MILD
SYN-2026-01,SITE-102,SITE-102-113,WK12,AE,2,AESER,N
SYN-2026-01,SITE-102,SITE-102-113,WK12,AE,2,AEREL,UNLIKELY
SYN-2026-01,SITE-102,SITE-102-113,WK12,CM,1,CMTRT,Paracetamol
SYN-2026-01,SITE-102,SITE-102-113,WK12,CM,1,CMINDC,Pain
SYN-2026-01,SITE-102,SITE-102-113,WK12,CM,1,CMSTDAT,2026-04-18
SYN-2026-01,SITE-102,SITE-102-113,EOS,VS,1,VSDAT,2026-09-05
SYN-2026-01,SITE-102,SITE-102-113,EOS,VS,1,SYSBP,120
SYN-2026-01,SITE-102,SITE-102-113,EOS,VS,1,DIABP,65
SYN-2026-01,SITE-102,SITE-102-113,EOS,VS,1,PULSE,49
SYN-2026-01,SITE-102,SITE-102-113,EOS,VS,1,TEMP,36.3
SYN-2026-01,SITE-102,SITE-102-113,EOS,VS,1,WEIGHT,94.0
SYN-2026-01,SITE-102,SITE-102-113,EOS,AE,1,AETERM,Fatigue
SYN-2026-01,SITE-102,SITE-102-113,EOS,AE,1,AESTDAT,2026-08-16
SYN-2026-01,SITE-102,SITE-102-113,EOS,AE,1,AEOUT,RECOVERED
SYN-2026-01,SITE-102,SITE-102-113,EOS,AE,1,AEENDAT,2026-08-19
SYN-2026-01,SITE-102,SITE-102-113,EOS,AE,1,AESEV,MILD
SYN-2026-01,SITE-102,SITE-102-113,EOS,AE,1,AESER,N
SYN-2026-01,SITE-102,SITE-102-113,EOS,AE,1,AEREL,UNLIKELY
SYN-2026-01,SITE-102,SITE-102-113,EOS,AE,2,AETERM,felt off
SYN-2026-01,SITE-102,SITE-102-113,EOS,AE,2,AESTDAT,2026-08-20
SYN-2026-01,SITE-102,SITE-102-113,EOS,AE,2,AEOUT,NOT RECOVERED
SYN-2026-01,SITE-102,SITE-102-113,EOS,AE,2,AESEV,MODERATE
SYN-2026-01,SITE-102,SITE-102-113,EOS,AE,2,AESER,N
SYN-2026-01,SITE-102,SITE-102-113,EOS,AE,2,AEREL,RELATED
SYN-2026-01,SITE-102,SITE-102-113,EOS,CM,1,CMTRT,Paracetamol
SYN-2026-01,SITE-102,SITE-102-113,EOS,CM,1,CMSTDAT,2026-07-12
SYN-2026-01,SITE-102,SITE-102-113,EOS,CM,2,CMTRT,Metformin
SYN-2026-01,SITE-102,SITE-102-113,EOS,CM,2,CMINDC,Pain
SYN-2026-01,SITE-102,SITE-102-113,EOS,CM,2,CMSTDAT,2026-07-14
SYN-2026-01,SITE-102,SITE-102-113,EOS,DS,1,DSCOMP,Y
SYN-2026-01,SITE-102,SITE-102-113,EOS,DS,1,DSSTDAT,2026-09-05
SYN-2026-01,SITE-102,SITE-102-114,SCR,DM,1,BRTHDAT,1965-01-13
SYN-2026-01,SITE-102,SITE-102-114,SCR,DM,1,SEX,F
SYN-2026-01,SITE-102,SITE-102-114,SCR,DM,1,RFICDAT,2025-12-29
SYN-2026-01,SITE-102,SITE-102-114,SCR,DM,1,ARM,B
SYN-2026-01,SITE-102,SITE-102-114,SCR,IE,1,IEYN,Y
SYN-2026-01,SITE-102,SITE-102-114,SCR,IE,1,AGEELIG,Y
SYN-2026-01,SITE-102,SITE-102-114,SCR,VS,1,VSDAT,2025-12-26
SYN-2026-01,SITE-102,SITE-102-114,SCR,VS,1,SYSBP,135
SYN-2026-01,SITE-102,SITE-102-114,SCR,VS,1,DIABP,78
SYN-2026-01,SITE-102,SITE-102-114,SCR,VS,1,PULSE,81
SYN-2026-01,SITE-102,SITE-102-114,SCR,VS,1,TEMP,36.3
SYN-2026-01,SITE-102,SITE-102-114,SCR,VS,1,WEIGHT,42.0
SYN-2026-01,SITE-102,SITE-102-114,BASE,VS,1,VSDAT,2026-01-12
SYN-2026-01,SITE-102,SITE-102-114,BASE,VS,1,SYSBP,109
SYN-2026-01,SITE-102,SITE-102-114,BASE,VS,1,DIABP,80
SYN-2026-01,SITE-102,SITE-102-114,BASE,VS,1,PULSE,79
SYN-2026-01,SITE-102,SITE-102-114,BASE,VS,1,WEIGHT,62.6
SYN-2026-01,SITE-102,SITE-102-114,BASE,EX,1,EXSTDAT,2026-01-12
SYN-2026-01,SITE-102,SITE-102-114,BASE,EX,1,EXDOSE,50
SYN-2026-01,SITE-102,SITE-102-114,BASE,EX,1,EXADJ,N
SYN-2026-01,SITE-102,SITE-102-114,BASE,AE,1,AETERM,Dizziness
SYN-2026-01,SITE-102,SITE-102-114,BASE,AE,1,AESTDAT,2025-12-29
SYN-2026-01,SITE-102,SITE-102-114,BASE,AE,1,AEOUT,RECOVERED
SYN-2026-01,SITE-102,SITE-102-114,BASE,AE,1,AEENDAT,2026-01-11
SYN-2026-01,SITE-102,SITE-102-114,BASE,AE,1,AESEV,MODERATE
SYN-2026-01,SITE-102,SITE-102-114,BASE,AE,1,AESER,N
SYN-2026-01,SITE-102,SITE-102-114,BASE,AE,1,AEREL,NOT RELATED
SYN-2026-01,SITE-102,SITE-102-114,WK4,VS,1,VSDAT,2026-02-06
SYN-2026-01,SITE-102,SITE-102-114,WK4,VS,1,SYSBP,139
SYN-2026-01,SITE-102,SITE-102-114,WK4,VS,1,DIABP,71
SYN-2026-01,SITE-102,SITE-102-114,WK4,VS,1,PULSE,64
SYN-2026-01,SITE-102,SITE-102-114,WK4,VS,1,TEMP,36.4
SYN-2026-01,SITE-102,SITE-102-114,WK4,VS,1,WEIGHT,71.9
SYN-2026-01,SITE-102,SITE-102-114,WK4,EX,1,EXSTDAT,2026-02-06
SYN-2026-01,SITE-102,SITE-102-114,WK4,EX,1,EXDOSE,50
SYN-2026-01,SITE-102,SITE-102-114,WK4,EX,1,EXADJ,N
SYN-2026-01,SITE-102,SITE-102-114,WK4,AE,1,AETERM,Headache
SYN-2026-01,SITE-102,SITE-102-114,WK4,AE,1,AESTDAT,2026-01-20
SYN-2026-01,SITE-102,SITE-102-114,WK4,AE,1,AEOUT,RECOVERING
SYN-2026-01,SITE-102,SITE-102-114,WK4,AE,1,AESEV,MILD
SYN-2026-01,SITE-102,SITE-102-114,WK4,AE,1,AESER,N
SYN-2026-01,SITE-102,SITE-102-114,WK4,AE,1,AEREL,PROBABLE
SYN-2026-01,SITE-102,SITE-102-114,WK4,AE,2,AETERM,tired all the time
SYN-2026-01,SITE-102,SITE-102-114,WK4,AE,2,AESTDAT,2026-01-30
SYN-2026-01,SITE-102,SITE-102-114,WK4,AE,2,AEOUT,RECOVERED
SYN-2026-01,SITE-102,SITE-102-114,WK4,AE,2,AEENDAT,2026-02-12
SYN-2026-01,SITE-102,SITE-102-114,WK4,AE,2,AESEV,MILD
SYN-2026-01,SITE-102,SITE-102-114,WK4,AE,2,AESER,N
SYN-2026-01,SITE-102,SITE-102-114,WK4,AE,2,AEREL,UNLIKELY
SYN-2026-01,SITE-102,SITE-102-114,WK4,AE,3,AETERM,Arthralgia
SYN-2026-01,SITE-102,SITE-102-114,WK4,AE,3,AESTDAT,2026-02-05
SYN-2026-01,SITE-102,SITE-102-114,WK4,AE,3,AEOUT,UNKNOWN
SYN-2026-01,SITE-102,SITE-102-114,WK4,AE,3,AESEV,MILD
SYN-2026-01,SITE-102,SITE-102-114,WK4,AE,3,AESER,N
SYN-2026-01,SITE-102,SITE-102-114,WK4,AE,3,AEREL,PROBABLE
SYN-2026-01,SITE-102,SITE-102-114,WK12,VS,1,VSDAT,2026-04-05
SYN-2026-01,SITE-102,SITE-102-114,WK12,VS,1,SYSBP,111
SYN-2026-01,SITE-102,SITE-102-114,WK12,VS,1,DIABP,71
SYN-2026-01,SITE-102,SITE-102-114,WK12,VS,1,PULSE,74
SYN-2026-01,SITE-102,SITE-102-114,WK12,VS,1,TEMP,36.7
SYN-2026-01,SITE-102,SITE-102-114,WK12,VS,1,WEIGHT,60.9
SYN-2026-01,SITE-102,SITE-102-114,WK12,EX,1,EXSTDAT,2026-04-05
SYN-2026-01,SITE-102,SITE-102-114,WK12,EX,1,EXDOSE,100
SYN-2026-01,SITE-102,SITE-102-114,WK12,EX,1,EXADJ,Y
SYN-2026-01,SITE-102,SITE-102-114,WK12,AE,1,AETERM,Upper respiratory tract infection
SYN-2026-01,SITE-102,SITE-102-114,WK12,AE,1,AESTDAT,2026-03-19
SYN-2026-01,SITE-102,SITE-102-114,WK12,AE,1,AEOUT,RECOVERED
SYN-2026-01,SITE-102,SITE-102-114,WK12,AE,1,AEENDAT,2026-03-22
SYN-2026-01,SITE-102,SITE-102-114,WK12,AE,1,AESEV,MILD
SYN-2026-01,SITE-102,SITE-102-114,WK12,AE,1,AESER,N
SYN-2026-01,SITE-102,SITE-102-114,WK12,AE,1,AEREL,POSSIBLE
SYN-2026-01,SITE-102,SITE-102-114,WK12,CM,1,CMTRT,Salbutamol
SYN-2026-01,SITE-102,SITE-102-114,WK12,CM,1,CMSTDAT,2026-03-30
SYN-2026-01,SITE-102,SITE-102-114,EOS,VS,1,VSDAT,2026-06-25
SYN-2026-01,SITE-102,SITE-102-114,EOS,VS,1,SYSBP,119
SYN-2026-01,SITE-102,SITE-102-114,EOS,VS,1,DIABP,90
SYN-2026-01,SITE-102,SITE-102-114,EOS,VS,1,PULSE,69
SYN-2026-01,SITE-102,SITE-102-114,EOS,VS,1,TEMP,36.6
SYN-2026-01,SITE-102,SITE-102-114,EOS,VS,1,WEIGHT,86.8
SYN-2026-01,SITE-102,SITE-102-114,EOS,AE,1,AETERM,Insomnia
SYN-2026-01,SITE-102,SITE-102-114,EOS,AE,1,AESTDAT,2026-06-21
SYN-2026-01,SITE-102,SITE-102-114,EOS,AE,1,AEOUT,RECOVERING
SYN-2026-01,SITE-102,SITE-102-114,EOS,AE,1,AESEV,MILD
SYN-2026-01,SITE-102,SITE-102-114,EOS,AE,1,AESER,N
SYN-2026-01,SITE-102,SITE-102-114,EOS,AE,1,AEREL,NOT RELATED
SYN-2026-01,SITE-102,SITE-102-114,EOS,DS,1,DSCOMP,Y
SYN-2026-01,SITE-102,SITE-102-114,EOS,DS,1,DSSTDAT,2026-06-25
SYN-2026-01,SITE-105,SITE-105-115,SCR,DM,1,BRTHDAT,1996-09-09
SYN-2026-01,SITE-105,SITE-105-115,SCR,DM,1,SEX,M
SYN-2026-01,SITE-105,SITE-105-115,SCR,DM,1,RFICDAT,2025-09-02
SYN-2026-01,SITE-105,SITE-105-115,SCR,DM,1,ARM,B
SYN-2026-01,SITE-105,SITE-105-115,SCR,IE,1,IEYN,Y
SYN-2026-01,SITE-105,SITE-105-115,SCR,IE,1,AGEELIG,Y
SYN-2026-01,SITE-105,SITE-105-115,SCR,VS,1,VSDAT,2025-08-26
SYN-2026-01,SITE-105,SITE-105-115,SCR,VS,1,SYSBP,115
SYN-2026-01,SITE-105,SITE-105-115,SCR,VS,1,DIABP,73
SYN-2026-01,SITE-105,SITE-105-115,SCR,VS,1,PULSE,89
SYN-2026-01,SITE-105,SITE-105-115,SCR,VS,1,TEMP,36.9
SYN-2026-01,SITE-105,SITE-105-115,SCR,VS,1,WEIGHT,62.6
SYN-2026-01,SITE-105,SITE-105-115,BASE,VS,1,VSDAT,2025-09-17
SYN-2026-01,SITE-105,SITE-105-115,BASE,VS,1,SYSBP,130
SYN-2026-01,SITE-105,SITE-105-115,BASE,VS,1,DIABP,70
SYN-2026-01,SITE-105,SITE-105-115,BASE,VS,1,PULSE,56
SYN-2026-01,SITE-105,SITE-105-115,BASE,VS,1,TEMP,36.6
SYN-2026-01,SITE-105,SITE-105-115,BASE,VS,1,WEIGHT,79.8
SYN-2026-01,SITE-105,SITE-105-115,BASE,EX,1,EXSTDAT,2025-09-17
SYN-2026-01,SITE-105,SITE-105-115,BASE,EX,1,EXDOSE,50
SYN-2026-01,SITE-105,SITE-105-115,BASE,EX,1,EXADJ,N
SYN-2026-01,SITE-105,SITE-105-115,WK4,VS,1,VSDAT,2025-10-15
SYN-2026-01,SITE-105,SITE-105-115,WK4,VS,1,SYSBP,113
SYN-2026-01,SITE-105,SITE-105-115,WK4,VS,1,DIABP,70
SYN-2026-01,SITE-105,SITE-105-115,WK4,VS,1,PULSE,83
SYN-2026-01,SITE-105,SITE-105-115,WK4,VS,1,TEMP,37.1
SYN-2026-01,SITE-105,SITE-105-115,WK4,VS,1,WEIGHT,76.5
SYN-2026-01,SITE-105,SITE-105-115,WK4,EX,1,EXSTDAT,2025-10-15
SYN-2026-01,SITE-105,SITE-105-115,WK4,EX,1,EXDOSE,50
SYN-2026-01,SITE-105,SITE-105-115,WK4,EX,1,EXADJ,N
SYN-2026-01,SITE-105,SITE-105-115,WK4,CM,1,CMTRT,advil
SYN-2026-01,SITE-105,SITE-105-115,WK4,CM,1,CMINDC,Infection
SYN-2026-01,SITE-105,SITE-105-115,WK4,CM,1,CMSTDAT,2025-10-12
SYN-2026-01,SITE-105,SITE-105-115,WK12,VS,1,VSDAT,2025-12-09
SYN-2026-01,SITE-105,SITE-105-115,WK12,VS,1,SYSBP,128
SYN-2026-01,SITE-105,SITE-105-115,WK12,VS,1,DIABP,73
SYN-2026-01,SITE-105,SITE-105-115,WK12,VS,1,PULSE,59
SYN-2026-01,SITE-105,SITE-105-115,WK12,VS,1,TEMP,36.0
SYN-2026-01,SITE-105,SITE-105-115,WK12,VS,1,WEIGHT,42.0
SYN-2026-01,SITE-105,SITE-105-115,WK12,EX,1,EXSTDAT,2025-12-09
SYN-2026-01,SITE-105,SITE-105-115,WK12,EX,1,EXDOSE,25
SYN-2026-01,SITE-105,SITE-105-115,WK12,EX,1,EXADJ,N
SYN-2026-01,SITE-105,SITE-105-115,EOS,VS,1,VSDAT,2026-02-27
SYN-2026-01,SITE-105,SITE-105-115,EOS,VS,1,SYSBP,146
SYN-2026-01,SITE-105,SITE-105-115,EOS,VS,1,DIABP,87
SYN-2026-01,SITE-105,SITE-105-115,EOS,VS,1,PULSE,72
SYN-2026-01,SITE-105,SITE-105-115,EOS,VS,1,WEIGHT,74.2
SYN-2026-01,SITE-105,SITE-105-115,EOS,DS,1,DSCOMP,Y
SYN-2026-01,SITE-105,SITE-105-115,EOS,DS,1,DSSTDAT,2026-02-27
SYN-2026-01,SITE-102,SITE-102-116,SCR,DM,1,BRTHDAT,1980-10-23
SYN-2026-01,SITE-102,SITE-102-116,SCR,DM,1,SEX,M
SYN-2026-01,SITE-102,SITE-102-116,SCR,DM,1,RFICDAT,2025-10-12
SYN-2026-01,SITE-102,SITE-102-116,SCR,DM,1,ARM,B
SYN-2026-01,SITE-102,SITE-102-116,SCR,IE,1,IEYN,Y
SYN-2026-01,SITE-102,SITE-102-116,SCR,IE,1,AGEELIG,Y
SYN-2026-01,SITE-102,SITE-102-116,SCR,VS,1,VSDAT,2025-10-09
SYN-2026-01,SITE-102,SITE-102-116,SCR,VS,1,SYSBP,138
SYN-2026-01,SITE-102,SITE-102-116,SCR,VS,1,DIABP,87
SYN-2026-01,SITE-102,SITE-102-116,SCR,VS,1,PULSE,70
SYN-2026-01,SITE-102,SITE-102-116,SCR,VS,1,TEMP,36.6
SYN-2026-01,SITE-102,SITE-102-116,SCR,VS,1,WEIGHT,78.3
SYN-2026-01,SITE-102,SITE-102-116,BASE,VS,1,VSDAT,2025-10-27
SYN-2026-01,SITE-102,SITE-102-116,BASE,VS,1,SYSBP,123
SYN-2026-01,SITE-102,SITE-102-116,BASE,VS,1,DIABP,88
SYN-2026-01,SITE-102,SITE-102-116,BASE,VS,1,PULSE,74
SYN-2026-01,SITE-102,SITE-102-116,BASE,VS,1,TEMP,36.3
SYN-2026-01,SITE-102,SITE-102-116,BASE,VS,1,WEIGHT,64.1
SYN-2026-01,SITE-102,SITE-102-116,BASE,EX,1,EXSTDAT,2025-10-27
SYN-2026-01,SITE-102,SITE-102-116,BASE,EX,1,EXDOSE,50
SYN-2026-01,SITE-102,SITE-102-116,BASE,EX,1,EXADJ,Y
SYN-2026-01,SITE-102,SITE-102-116,WK4,VS,1,VSDAT,2025-11-21
SYN-2026-01,SITE-102,SITE-102-116,WK4,VS,1,SYSBP,114
SYN-2026-01,SITE-102,SITE-102-116,WK4,VS,1,DIABP,77
SYN-2026-01,SITE-102,SITE-102-116,WK4,VS,1,PULSE,104
SYN-2026-01,SITE-102,SITE-102-116,WK4,VS,1,TEMP,37.1
SYN-2026-01,SITE-102,SITE-102-116,WK4,VS,1,WEIGHT,75.0
SYN-2026-01,SITE-102,SITE-102-116,WK4,EX,1,EXSTDAT,2025-11-21
SYN-2026-01,SITE-102,SITE-102-116,WK4,EX,1,EXDOSE,50
SYN-2026-01,SITE-102,SITE-102-116,WK4,EX,1,EXADJ,N
SYN-2026-01,SITE-102,SITE-102-116,WK4,CM,1,CMTRT,Amoxicillin
SYN-2026-01,SITE-102,SITE-102-116,WK4,CM,1,CMINDC,Hypertension
SYN-2026-01,SITE-102,SITE-102-116,WK4,CM,1,CMSTDAT,2025-11-12
SYN-2026-01,SITE-102,SITE-102-116,WK12,VS,1,VSDAT,2026-01-20
SYN-2026-01,SITE-102,SITE-102-116,WK12,VS,1,SYSBP,130
SYN-2026-01,SITE-102,SITE-102-116,WK12,VS,1,DIABP,65
SYN-2026-01,SITE-102,SITE-102-116,WK12,VS,1,PULSE,66
SYN-2026-01,SITE-102,SITE-102-116,WK12,VS,1,TEMP,36.4
SYN-2026-01,SITE-102,SITE-102-116,WK12,VS,1,WEIGHT,67.5
SYN-2026-01,SITE-102,SITE-102-116,WK12,EX,1,EXSTDAT,2026-01-20
SYN-2026-01,SITE-102,SITE-102-116,WK12,EX,1,EXDOSE,100
SYN-2026-01,SITE-102,SITE-102-116,WK12,EX,1,EXADJ,N
SYN-2026-01,SITE-102,SITE-102-116,EOS,VS,1,VSDAT,2026-04-06
SYN-2026-01,SITE-102,SITE-102-116,EOS,VS,1,SYSBP,129
SYN-2026-01,SITE-102,SITE-102-116,EOS,VS,1,DIABP,84
SYN-2026-01,SITE-102,SITE-102-116,EOS,VS,1,PULSE,75
SYN-2026-01,SITE-102,SITE-102-116,EOS,VS,1,TEMP,36.8
SYN-2026-01,SITE-102,SITE-102-116,EOS,VS,1,WEIGHT,79.5
SYN-2026-01,SITE-102,SITE-102-116,EOS,CM,1,CMTRT,Paracetamol
SYN-2026-01,SITE-102,SITE-102-116,EOS,CM,1,CMSTDAT,2026-02-15
SYN-2026-01,SITE-102,SITE-102-116,EOS,DS,1,DSCOMP,Y
SYN-2026-01,SITE-102,SITE-102-116,EOS,DS,1,DSSTDAT,2026-04-06
SYN-2026-01,SITE-104,SITE-104-117,SCR,DM,1,BRTHDAT,2003-12-11
SYN-2026-01,SITE-104,SITE-104-117,SCR,DM,1,SEX,F
SYN-2026-01,SITE-104,SITE-104-117,SCR,DM,1,RFICDAT,2025-12-05
SYN-2026-01,SITE-104,SITE-104-117,SCR,DM,1,ARM,A
SYN-2026-01,SITE-104,SITE-104-117,SCR,IE,1,IEYN,Y
SYN-2026-01,SITE-104,SITE-104-117,SCR,IE,1,AGEELIG,Y
SYN-2026-01,SITE-104,SITE-104-117,SCR,VS,1,VSDAT,2025-12-07
SYN-2026-01,SITE-104,SITE-104-117,SCR,VS,1,SYSBP,119
SYN-2026-01,SITE-104,SITE-104-117,SCR,VS,1,DIABP,85
SYN-2026-01,SITE-104,SITE-104-117,SCR,VS,1,PULSE,87
SYN-2026-01,SITE-104,SITE-104-117,SCR,VS,1,TEMP,37.7
SYN-2026-01,SITE-104,SITE-104-117,SCR,VS,1,WEIGHT,86.9
SYN-2026-01,SITE-104,SITE-104-117,SCR,MH,1,MHTERM,Hypercholesterolaemia
SYN-2026-01,SITE-104,SITE-104-117,SCR,MH,1,MHSTDAT,2021-06-20
SYN-2026-01,SITE-104,SITE-104-117,SCR,MH,1,MHONGO,Y
SYN-2026-01,SITE-104,SITE-104-117,SCR,MH,2,MHTERM,Hypertension
SYN-2026-01,SITE-104,SITE-104-117,SCR,MH,2,MHSTDAT,2020-07-03
SYN-2026-01,SITE-104,SITE-104-117,SCR,MH,2,MHONGO,N
SYN-2026-01,SITE-104,SITE-104-117,SCR,MH,3,MHTERM,Hypertension
SYN-2026-01,SITE-104,SITE-104-117,SCR,MH,3,MHSTDAT,2024-06-16
SYN-2026-01,SITE-104,SITE-104-117,SCR,MH,3,MHONGO,N
SYN-2026-01,SITE-104,SITE-104-117,BASE,VS,1,VSDAT,2025-12-21
SYN-2026-01,SITE-104,SITE-104-117,BASE,VS,1,SYSBP,100
SYN-2026-01,SITE-104,SITE-104-117,BASE,VS,1,DIABP,89
SYN-2026-01,SITE-104,SITE-104-117,BASE,VS,1,PULSE,110
SYN-2026-01,SITE-104,SITE-104-117,BASE,VS,1,TEMP,36.4
SYN-2026-01,SITE-104,SITE-104-117,BASE,VS,1,WEIGHT,54.1
SYN-2026-01,SITE-104,SITE-104-117,BASE,EX,1,EXSTDAT,2025-12-21
SYN-2026-01,SITE-104,SITE-104-117,BASE,EX,1,EXDOSE,50
SYN-2026-01,SITE-104,SITE-104-117,BASE,EX,1,EXADJ,Y
SYN-2026-01,SITE-104,SITE-104-117,BASE,AE,1,AETERM,Back pain
SYN-2026-01,SITE-104,SITE-104-117,BASE,AE,1,AESTDAT,2025-12-05
SYN-2026-01,SITE-104,SITE-104-117,BASE,AE,1,AEOUT,NOT RECOVERED
SYN-2026-01,SITE-104,SITE-104-117,BASE,AE,1,AESEV,MILD
SYN-2026-01,SITE-104,SITE-104-117,BASE,AE,1,AESER,N
SYN-2026-01,SITE-104,SITE-104-117,BASE,AE,1,AEREL,NOT RELATED
SYN-2026-01,SITE-104,SITE-104-117,WK4,VS,1,VSDAT,2026-01-17
SYN-2026-01,SITE-104,SITE-104-117,WK4,VS,1,SYSBP,128
SYN-2026-01,SITE-104,SITE-104-117,WK4,VS,1,DIABP,64
SYN-2026-01,SITE-104,SITE-104-117,WK4,VS,1,PULSE,64
SYN-2026-01,SITE-104,SITE-104-117,WK4,VS,1,TEMP,36.2
SYN-2026-01,SITE-104,SITE-104-117,WK4,VS,1,WEIGHT,76.6
SYN-2026-01,SITE-104,SITE-104-117,WK4,EX,1,EXSTDAT,2026-01-17
SYN-2026-01,SITE-104,SITE-104-117,WK4,EX,1,EXDOSE,50
SYN-2026-01,SITE-104,SITE-104-117,WK4,EX,1,EXADJ,N
SYN-2026-01,SITE-104,SITE-104-117,WK4,CM,1,CMTRT,tylenol
SYN-2026-01,SITE-104,SITE-104-117,WK4,CM,1,CMINDC,Pain
SYN-2026-01,SITE-104,SITE-104-117,WK4,CM,1,CMSTDAT,2025-12-01
SYN-2026-01,SITE-104,SITE-104-117,WK12,VS,1,VSDAT,2026-03-09
SYN-2026-01,SITE-104,SITE-104-117,WK12,VS,1,SYSBP,102
SYN-2026-01,SITE-104,SITE-104-117,WK12,VS,1,DIABP,68
SYN-2026-01,SITE-104,SITE-104-117,WK12,VS,1,PULSE,89
SYN-2026-01,SITE-104,SITE-104-117,WK12,VS,1,TEMP,37.3
SYN-2026-01,SITE-104,SITE-104-117,WK12,VS,1,WEIGHT,66.4
SYN-2026-01,SITE-104,SITE-104-117,WK12,EX,1,EXSTDAT,2026-03-09
SYN-2026-01,SITE-104,SITE-104-117,WK12,EX,1,EXDOSE,25
SYN-2026-01,SITE-104,SITE-104-117,WK12,EX,1,EXADJ,N
SYN-2026-01,SITE-104,SITE-104-117,WK12,AE,1,AETERM,tired all the time
SYN-2026-01,SITE-104,SITE-104-117,WK12,AE,1,AESTDAT,2026-02-19
SYN-2026-01,SITE-104,SITE-104-117,WK12,AE,1,AEOUT,NOT RECOVERED
SYN-2026-01,SITE-104,SITE-104-117,WK12,AE,1,AESEV,SEVERE
SYN-2026-01,SITE-104,SITE-104-117,WK12,AE,1,AESER,N
SYN-2026-01,SITE-104,SITE-104-117,WK12,AE,1,AEREL,PROBABLE
SYN-2026-01,SITE-104,SITE-104-117,EOS,VS,1,VSDAT,2026-06-04
SYN-2026-01,SITE-104,SITE-104-117,EOS,VS,1,SYSBP,138
SYN-2026-01,SITE-104,SITE-104-117,EOS,VS,1,DIABP,82
SYN-2026-01,SITE-104,SITE-104-117,EOS,VS,1,PULSE,93
SYN-2026-01,SITE-104,SITE-104-117,EOS,VS,1,WEIGHT,54.5
SYN-2026-01,SITE-104,SITE-104-117,EOS,AE,1,AETERM,Rash
SYN-2026-01,SITE-104,SITE-104-117,EOS,AE,1,AESTDAT,2026-06-03
SYN-2026-01,SITE-104,SITE-104-117,EOS,AE,1,AEOUT,RECOVERED
SYN-2026-01,SITE-104,SITE-104-117,EOS,AE,1,AEENDAT,2026-06-20
SYN-2026-01,SITE-104,SITE-104-117,EOS,AE,1,AESEV,SEVERE
SYN-2026-01,SITE-104,SITE-104-117,EOS,AE,1,AESER,N
SYN-2026-01,SITE-104,SITE-104-117,EOS,AE,1,AEREL,POSSIBLE
SYN-2026-01,SITE-104,SITE-104-117,EOS,AE,2,AETERM,Pruritus
SYN-2026-01,SITE-104,SITE-104-117,EOS,AE,2,AESTDAT,2026-05-25
SYN-2026-01,SITE-104,SITE-104-117,EOS,AE,2,AEOUT,RECOVERED
SYN-2026-01,SITE-104,SITE-104-117,EOS,AE,2,AEENDAT,2026-06-03
SYN-2026-01,SITE-104,SITE-104-117,EOS,AE,2,AESEV,MODERATE
SYN-2026-01,SITE-104,SITE-104-117,EOS,AE,2,AESER,N
SYN-2026-01,SITE-104,SITE-104-117,EOS,AE,2,AEREL,UNLIKELY
SYN-2026-01,SITE-104,SITE-104-117,EOS,AE,3,AETERM,Diarrhoea
SYN-2026-01,SITE-104,SITE-104-117,EOS,AE,3,AESTDAT,2026-05-17
SYN-2026-01,SITE-104,SITE-104-117,EOS,AE,3,AEOUT,NOT RECOVERED
SYN-2026-01,SITE-104,SITE-104-117,EOS,AE,3,AESEV,SEVERE
SYN-2026-01,SITE-104,SITE-104-117,EOS,AE,3,AESER,N
SYN-2026-01,SITE-104,SITE-104-117,EOS,AE,3,AEREL,UNLIKELY
SYN-2026-01,SITE-104,SITE-104-117,EOS,CM,1,CMTRT,Amoxicillin
SYN-2026-01,SITE-104,SITE-104-117,EOS,CM,1,CMSTDAT,2026-05-11
SYN-2026-01,SITE-104,SITE-104-117,EOS,DS,1,DSCOMP,Y
SYN-2026-01,SITE-104,SITE-104-117,EOS,DS,1,DSSTDAT,2026-06-04
SYN-2026-01,SITE-104,SITE-104-118,SCR,DM,1,BRTHDAT,1959-01-07
SYN-2026-01,SITE-104,SITE-104-118,SCR,DM,1,SEX,F
SYN-2026-01,SITE-104,SITE-104-118,SCR,DM,1,RFICDAT,2025-12-21
SYN-2026-01,SITE-104,SITE-104-118,SCR,DM,1,ARM,B
SYN-2026-01,SITE-104,SITE-104-118,SCR,IE,1,IEYN,Y
SYN-2026-01,SITE-104,SITE-104-118,SCR,IE,1,AGEELIG,Y
SYN-2026-01,SITE-104,SITE-104-118,SCR,VS,1,VSDAT,2025-12-28
SYN-2026-01,SITE-104,SITE-104-118,SCR,VS,1,SYSBP,110
SYN-2026-01,SITE-104,SITE-104-118,SCR,VS,1,DIABP,79
SYN-2026-01,SITE-104,SITE-104-118,SCR,VS,1,PULSE,70
SYN-2026-01,SITE-104,SITE-104-118,SCR,VS,1,TEMP,37.1
SYN-2026-01,SITE-104,SITE-104-118,SCR,VS,1,WEIGHT,58.9
SYN-2026-01,SITE-104,SITE-104-118,SCR,MH,1,MHTERM,Hypertension
SYN-2026-01,SITE-104,SITE-104-118,SCR,MH,1,MHSTDAT,2022-05-11
SYN-2026-01,SITE-104,SITE-104-118,SCR,MH,1,MHONGO,Y
SYN-2026-01,SITE-104,SITE-104-118,SCR,MH,2,MHTERM,Hypercholesterolaemia
SYN-2026-01,SITE-104,SITE-104-118,SCR,MH,2,MHSTDAT,2024-06-15
SYN-2026-01,SITE-104,SITE-104-118,SCR,MH,2,MHONGO,N
SYN-2026-01,SITE-104,SITE-104-118,BASE,VS,1,VSDAT,2026-01-06
SYN-2026-01,SITE-104,SITE-104-118,BASE,VS,1,SYSBP,106
SYN-2026-01,SITE-104,SITE-104-118,BASE,VS,1,DIABP,87
SYN-2026-01,SITE-104,SITE-104-118,BASE,VS,1,PULSE,75
SYN-2026-01,SITE-104,SITE-104-118,BASE,VS,1,WEIGHT,82.8
SYN-2026-01,SITE-104,SITE-104-118,BASE,EX,1,EXSTDAT,2026-01-06
SYN-2026-01,SITE-104,SITE-104-118,BASE,EX,1,EXDOSE,100
SYN-2026-01,SITE-104,SITE-104-118,BASE,EX,1,EXADJ,Y
SYN-2026-01,SITE-104,SITE-104-118,BASE,AE,1,AETERM,head ache
SYN-2026-01,SITE-104,SITE-104-118,BASE,AE,1,AESTDAT,2026-01-03
SYN-2026-01,SITE-104,SITE-104-118,BASE,AE,1,AEOUT,RECOVERED
SYN-2026-01,SITE-104,SITE-104-118,BASE,AE,1,AEENDAT,2026-01-04
SYN-2026-01,SITE-104,SITE-104-118,BASE,AE,1,AESEV,MILD
SYN-2026-01,SITE-104,SITE-104-118,BASE,AE,1,AESER,N
SYN-2026-01,SITE-104,SITE-104-118,BASE,AE,1,AEREL,PROBABLE
SYN-2026-01,SITE-104,SITE-104-118,BASE,AE,2,AETERM,Insomnia
SYN-2026-01,SITE-104,SITE-104-118,BASE,AE,2,AESTDAT,2026-01-02
SYN-2026-01,SITE-104,SITE-104-118,BASE,AE,2,AEOUT,UNKNOWN
SYN-2026-01,SITE-104,SITE-104-118,BASE,AE,2,AESEV,MODERATE
SYN-2026-01,SITE-104,SITE-104-118,BASE,AE,2,AESER,N
SYN-2026-01,SITE-104,SITE-104-118,BASE,AE,2,AEREL,NOT RELATED
SYN-2026-01,SITE-104,SITE-104-118,WK4,VS,1,VSDAT,2026-02-03
SYN-2026-01,SITE-104,SITE-104-118,WK4,VS,1,SYSBP,135
SYN-2026-01,SITE-104,SITE-104-118,WK4,VS,1,DIABP,63
SYN-2026-01,SITE-104,SITE-104-118,WK4,VS,1,PULSE,63
SYN-2026-01,SITE-104,SITE-104-118,WK4,VS,1,TEMP,36.6
SYN-2026-01,SITE-104,SITE-104-118,WK4,VS,1,WEIGHT,85.2
SYN-2026-01,SITE-104,SITE-104-118,WK4,EX,1,EXSTDAT,2026-02-03
SYN-2026-01,SITE-104,SITE-104-118,WK4,EX,1,EXDOSE,50
SYN-2026-01,SITE-104,SITE-104-118,WK4,EX,1,EXADJ,N
SYN-2026-01,SITE-104,SITE-104-118,WK4,AE,1,AETERM,Diarrhoea
SYN-2026-01,SITE-104,SITE-104-118,WK4,AE,1,AESTDAT,2026-01-14
SYN-2026-01,SITE-104,SITE-104-118,WK4,AE,1,AEOUT,NOT RECOVERED
SYN-2026-01,SITE-104,SITE-104-118,WK4,AE,1,AESEV,MODERATE
SYN-2026-01,SITE-104,SITE-104-118,WK4,AE,1,AESER,N
SYN-2026-01,SITE-104,SITE-104-118,WK4,AE,1,AEREL,PROBABLE
SYN-2026-01,SITE-104,SITE-104-118,WK12,VS,1,VSDAT,2026-04-03
SYN-2026-01,SITE-104,SITE-104-118,WK12,VS,1,SYSBP,143
SYN-2026-01,SITE-104,SITE-104-118,WK12,VS,1,DIABP,88
SYN-2026-01,SITE-104,SITE-104-118,WK12,VS,1,PULSE,76
SYN-2026-01,SITE-104,SITE-104-118,WK12,VS,1,TEMP,36.7
SYN-2026-01,SITE-104,SITE-104-118,WK12,VS,1,WEIGHT,80.0
SYN-2026-01,SITE-104,SITE-104-118,WK12,EX,1,EXSTDAT,2026-04-03
SYN-2026-01,SITE-104,SITE-104-118,WK12,EX,1,EXDOSE,50
SYN-2026-01,SITE-104,SITE-104-118,WK12,EX,1,EXADJ,N
SYN-2026-01,SITE-104,SITE-104-118,EOS,VS,1,VSDAT,2026-06-21
SYN-2026-01,SITE-104,SITE-104-118,EOS,VS,1,SYSBP,125
SYN-2026-01,SITE-104,SITE-104-118,EOS,VS,1,DIABP,84
SYN-2026-01,SITE-104,SITE-104-118,EOS,VS,1,PULSE,62
SYN-2026-01,SITE-104,SITE-104-118,EOS,VS,1,TEMP,37.8
SYN-2026-01,SITE-104,SITE-104-118,EOS,VS,1,WEIGHT,70.1
SYN-2026-01,SITE-104,SITE-104-118,EOS,DS,1,DSCOMP,Y
SYN-2026-01,SITE-104,SITE-104-118,EOS,DS,1,DSSTDAT,2026-06-21
SYN-2026-01,SITE-102,SITE-102-119,SCR,DM,1,BRTHDAT,1995-03-23
SYN-2026-01,SITE-102,SITE-102-119,SCR,DM,1,SEX,F
SYN-2026-01,SITE-102,SITE-102-119,SCR,DM,1,RFICDAT,2026-03-15
SYN-2026-01,SITE-102,SITE-102-119,SCR,DM,1,ARM,B
SYN-2026-01,SITE-102,SITE-102-119,SCR,IE,1,IEYN,Y
SYN-2026-01,SITE-102,SITE-102-119,SCR,IE,1,AGEELIG,Y
SYN-2026-01,SITE-102,SITE-102-119,SCR,VS,1,VSDAT,2026-03-08
SYN-2026-01,SITE-102,SITE-102-119,SCR,VS,1,SYSBP,144
SYN-2026-01,SITE-102,SITE-102-119,SCR,VS,1,DIABP,90
SYN-2026-01,SITE-102,SITE-102-119,SCR,VS,1,PULSE,92
SYN-2026-01,SITE-102,SITE-102-119,SCR,VS,1,TEMP,36.4
SYN-2026-01,SITE-102,SITE-102-119,SCR,VS,1,WEIGHT,44.9
SYN-2026-01,SITE-102,SITE-102-119,SCR,MH,1,MHTERM,Type 2 diabetes mellitus
SYN-2026-01,SITE-102,SITE-102-119,SCR,MH,1,MHSTDAT,2018-06-16
SYN-2026-01,SITE-102,SITE-102-119,SCR,MH,1,MHONGO,N
SYN-2026-01,SITE-102,SITE-102-119,SCR,MH,2,MHTERM,Hypertension
SYN-2026-01,SITE-102,SITE-102-119,SCR,MH,2,MHSTDAT,2021-07-07
SYN-2026-01,SITE-102,SITE-102-119,SCR,MH,2,MHONGO,N
SYN-2026-01,SITE-102,SITE-102-119,SCR,MH,3,MHTERM,Osteoarthritis
SYN-2026-01,SITE-102,SITE-102-119,SCR,MH,3,MHSTDAT,2021-03-04
SYN-2026-01,SITE-102,SITE-102-119,SCR,MH,3,MHONGO,Y
SYN-2026-01,SITE-102,SITE-102-119,BASE,VS,1,VSDAT,2026-03-30
SYN-2026-01,SITE-102,SITE-102-119,BASE,VS,1,SYSBP,136
SYN-2026-01,SITE-102,SITE-102-119,BASE,VS,1,DIABP,72
SYN-2026-01,SITE-102,SITE-102-119,BASE,VS,1,PULSE,73
SYN-2026-01,SITE-102,SITE-102-119,BASE,VS,1,TEMP,36.8
SYN-2026-01,SITE-102,SITE-102-119,BASE,VS,1,WEIGHT,66.8
SYN-2026-01,SITE-102,SITE-102-119,BASE,EX,1,EXSTDAT,2026-03-30
SYN-2026-01,SITE-102,SITE-102-119,BASE,EX,1,EXDOSE,50
SYN-2026-01,SITE-102,SITE-102-119,BASE,EX,1,EXADJ,N
SYN-2026-01,SITE-102,SITE-102-119,BASE,AE,1,AETERM,Arthralgia
SYN-2026-01,SITE-102,SITE-102-119,BASE,AE,1,AESTDAT,2026-03-20
SYN-2026-01,SITE-102,SITE-102-119,BASE,AE,1,AEOUT,RECOVERED
SYN-2026-01,SITE-102,SITE-102-119,BASE,AE,1,AEENDAT,2026-04-07
SYN-2026-01,SITE-102,SITE-102-119,BASE,AE,1,AESEV,MILD
SYN-2026-01,SITE-102,SITE-102-119,BASE,AE,1,AESER,N
SYN-2026-01,SITE-102,SITE-102-119,BASE,AE,1,AEREL,RELATED
SYN-2026-01,SITE-102,SITE-102-119,BASE,AE,2,AETERM,sore throat and runny nose
SYN-2026-01,SITE-102,SITE-102-119,BASE,AE,2,AESTDAT,2026-03-29
SYN-2026-01,SITE-102,SITE-102-119,BASE,AE,2,AEOUT,RECOVERED
SYN-2026-01,SITE-102,SITE-102-119,BASE,AE,2,AEENDAT,2026-04-05
SYN-2026-01,SITE-102,SITE-102-119,BASE,AE,2,AESEV,MODERATE
SYN-2026-01,SITE-102,SITE-102-119,BASE,AE,2,AESER,N
SYN-2026-01,SITE-102,SITE-102-119,BASE,AE,2,AEREL,PROBABLE
SYN-2026-01,SITE-102,SITE-102-119,WK4,VS,1,VSDAT,2026-04-28
SYN-2026-01,SITE-102,SITE-102-119,WK4,VS,1,SYSBP,97
SYN-2026-01,SITE-102,SITE-102-119,WK4,VS,1,DIABP,69
SYN-2026-01,SITE-102,SITE-102-119,WK4,VS,1,PULSE,82
SYN-2026-01,SITE-102,SITE-102-119,WK4,VS,1,TEMP,36.6
SYN-2026-01,SITE-102,SITE-102-119,WK4,VS,1,WEIGHT,73.6
SYN-2026-01,SITE-102,SITE-102-119,WK4,EX,1,EXSTDAT,2026-04-28
SYN-2026-01,SITE-102,SITE-102-119,WK4,EX,1,EXDOSE,50
SYN-2026-01,SITE-102,SITE-102-119,WK4,EX,1,EXADJ,Y
SYN-2026-01,SITE-102,SITE-102-119,WK4,AE,1,AETERM,Rash
SYN-2026-01,SITE-102,SITE-102-119,WK4,AE,1,AESTDAT,2026-04-09
SYN-2026-01,SITE-102,SITE-102-119,WK4,AE,1,AEOUT,RECOVERED
SYN-2026-01,SITE-102,SITE-102-119,WK4,AE,1,AEENDAT,2026-04-30
SYN-2026-01,SITE-102,SITE-102-119,WK4,AE,1,AESEV,MILD
SYN-2026-01,SITE-102,SITE-102-119,WK4,AE,1,AESER,N
SYN-2026-01,SITE-102,SITE-102-119,WK4,AE,1,AEREL,PROBABLE
SYN-2026-01,SITE-102,SITE-102-119,WK12,VS,1,VSDAT,2026-06-19
SYN-2026-01,SITE-102,SITE-102-119,WK12,VS,1,SYSBP,136
SYN-2026-01,SITE-102,SITE-102-119,WK12,VS,1,DIABP,72
SYN-2026-01,SITE-102,SITE-102-119,WK12,VS,1,PULSE,63
SYN-2026-01,SITE-102,SITE-102-119,WK12,VS,1,TEMP,36.1
SYN-2026-01,SITE-102,SITE-102-119,WK12,VS,1,WEIGHT,97.4
SYN-2026-01,SITE-102,SITE-102-119,WK12,EX,1,EXSTDAT,2026-06-19
SYN-2026-01,SITE-102,SITE-102-119,WK12,EX,1,EXDOSE,25
SYN-2026-01,SITE-102,SITE-102-119,WK12,EX,1,EXADJ,N
SYN-2026-01,SITE-102,SITE-102-119,WK12,AE,1,AETERM,not himself
SYN-2026-01,SITE-102,SITE-102-119,WK12,AE,1,AESTDAT,2026-06-05
SYN-2026-01,SITE-102,SITE-102-119,WK12,AE,1,AEOUT,RECOVERED
SYN-2026-01,SITE-102,SITE-102-119,WK12,AE,1,AEENDAT,2026-06-19
SYN-2026-01,SITE-102,SITE-102-119,WK12,AE,1,AESEV,MODERATE
SYN-2026-01,SITE-102,SITE-102-119,WK12,AE,1,AESER,N
SYN-2026-01,SITE-102,SITE-102-119,WK12,AE,1,AEREL,UNLIKELY
SYN-2026-01,SITE-102,SITE-102-119,EOS,VS,1,VSDAT,2026-09-06
SYN-2026-01,SITE-102,SITE-102-119,EOS,VS,1,SYSBP,127
SYN-2026-01,SITE-102,SITE-102-119,EOS,VS,1,DIABP,78
SYN-2026-01,SITE-102,SITE-102-119,EOS,VS,1,PULSE,61
SYN-2026-01,SITE-102,SITE-102-119,EOS,VS,1,TEMP,37.3
SYN-2026-01,SITE-102,SITE-102-119,EOS,VS,1,WEIGHT,72.5
SYN-2026-01,SITE-102,SITE-102-119,EOS,CM,1,CMTRT,Amoxicillin
SYN-2026-01,SITE-102,SITE-102-119,EOS,CM,1,CMSTDAT,2026-08-15
SYN-2026-01,SITE-102,SITE-102-119,EOS,DS,1,DSCOMP,Y
SYN-2026-01,SITE-102,SITE-102-119,EOS,DS,1,DSSTDAT,2026-09-06
SYN-2026-01,SITE-103,SITE-103-120,SCR,DM,1,BRTHDAT,1979-01-14
SYN-2026-01,SITE-103,SITE-103-120,SCR,DM,1,SEX,M
SYN-2026-01,SITE-103,SITE-103-120,SCR,DM,1,RFICDAT,2026-01-02
SYN-2026-01,SITE-103,SITE-103-120,SCR,DM,1,ARM,B
SYN-2026-01,SITE-103,SITE-103-120,SCR,IE,1,IEYN,Y
SYN-2026-01,SITE-103,SITE-103-120,SCR,IE,1,AGEELIG,Y
SYN-2026-01,SITE-103,SITE-103-120,SCR,VS,1,VSDAT,2025-12-22
SYN-2026-01,SITE-103,SITE-103-120,SCR,VS,1,SYSBP,116
SYN-2026-01,SITE-103,SITE-103-120,SCR,VS,1,DIABP,83
SYN-2026-01,SITE-103,SITE-103-120,SCR,VS,1,PULSE,75
SYN-2026-01,SITE-103,SITE-103-120,SCR,VS,1,TEMP,36.4
SYN-2026-01,SITE-103,SITE-103-120,SCR,VS,1,WEIGHT,77.9
SYN-2026-01,SITE-103,SITE-103-120,SCR,MH,1,MHTERM,Type 2 diabetes mellitus
SYN-2026-01,SITE-103,SITE-103-120,SCR,MH,1,MHSTDAT,2019-06-06
SYN-2026-01,SITE-103,SITE-103-120,SCR,MH,1,MHONGO,Y
SYN-2026-01,SITE-103,SITE-103-120,SCR,MH,2,MHTERM,Hypercholesterolaemia
SYN-2026-01,SITE-103,SITE-103-120,SCR,MH,2,MHSTDAT,2022-02-07
SYN-2026-01,SITE-103,SITE-103-120,SCR,MH,2,MHONGO,Y
SYN-2026-01,SITE-103,SITE-103-120,SCR,MH,3,MHTERM,Osteoarthritis
SYN-2026-01,SITE-103,SITE-103-120,SCR,MH,3,MHSTDAT,2023-01-06
SYN-2026-01,SITE-103,SITE-103-120,SCR,MH,3,MHONGO,N
SYN-2026-01,SITE-103,SITE-103-120,BASE,VS,1,VSDAT,2026-01-12
SYN-2026-01,SITE-103,SITE-103-120,BASE,VS,1,SYSBP,123
SYN-2026-01,SITE-103,SITE-103-120,BASE,VS,1,DIABP,81
SYN-2026-01,SITE-103,SITE-103-120,BASE,VS,1,PULSE,70
SYN-2026-01,SITE-103,SITE-103-120,BASE,VS,1,TEMP,35.9
SYN-2026-01,SITE-103,SITE-103-120,BASE,VS,1,WEIGHT,73.0
SYN-2026-01,SITE-103,SITE-103-120,BASE,EX,1,EXSTDAT,2026-01-12
SYN-2026-01,SITE-103,SITE-103-120,BASE,EX,1,EXDOSE,100
SYN-2026-01,SITE-103,SITE-103-120,BASE,EX,1,EXADJ,N
SYN-2026-01,SITE-103,SITE-103-120,BASE,AE,1,AETERM,Insomnia
SYN-2026-01,SITE-103,SITE-103-120,BASE,AE,1,AESTDAT,2026-01-05
SYN-2026-01,SITE-103,SITE-103-120,BASE,AE,1,AEOUT,RECOVERED
SYN-2026-01,SITE-103,SITE-103-120,BASE,AE,1,AEENDAT,2026-01-16
SYN-2026-01,SITE-103,SITE-103-120,BASE,AE,1,AESEV,MODERATE
SYN-2026-01,SITE-103,SITE-103-120,BASE,AE,1,AESER,N
SYN-2026-01,SITE-103,SITE-103-120,BASE,AE,1,AEREL,RELATED
SYN-2026-01,SITE-103,SITE-103-120,WK4,VS,1,VSDAT,2026-02-06
SYN-2026-01,SITE-103,SITE-103-120,WK4,VS,1,SYSBP,116
SYN-2026-01,SITE-103,SITE-103-120,WK4,VS,1,DIABP,70
SYN-2026-01,SITE-103,SITE-103-120,WK4,VS,1,PULSE,88
SYN-2026-01,SITE-103,SITE-103-120,WK4,VS,1,WEIGHT,99.7
SYN-2026-01,SITE-103,SITE-103-120,WK4,EX,1,EXSTDAT,2026-02-06
SYN-2026-01,SITE-103,SITE-103-120,WK4,EX,1,EXDOSE,50
SYN-2026-01,SITE-103,SITE-103-120,WK4,EX,1,EXADJ,N
SYN-2026-01,SITE-103,SITE-103-120,WK4,AE,1,AETERM,Nausea
SYN-2026-01,SITE-103,SITE-103-120,WK4,AE,1,AESTDAT,2026-01-20
SYN-2026-01,SITE-103,SITE-103-120,WK4,AE,1,AEOUT,NOT RECOVERED
SYN-2026-01,SITE-103,SITE-103-120,WK4,AE,1,AESEV,MILD
SYN-2026-01,SITE-103,SITE-103-120,WK4,AE,1,AESER,N
SYN-2026-01,SITE-103,SITE-103-120,WK4,AE,1,AEREL,POSSIBLE
SYN-2026-01,SITE-103,SITE-103-120,WK4,AE,2,AETERM,Cough
SYN-2026-01,SITE-103,SITE-103-120,WK4,AE,2,AESTDAT,2026-01-29
SYN-2026-01,SITE-103,SITE-103-120,WK4,AE,2,AEOUT,RECOVERED
SYN-2026-01,SITE-103,SITE-103-120,WK4,AE,2,AEENDAT,2026-02-14
SYN-2026-01,SITE-103,SITE-103-120,WK4,AE,2,AESEV,MILD
SYN-2026-01,SITE-103,SITE-103-120,WK4,AE,2,AESER,N
SYN-2026-01,SITE-103,SITE-103-120,WK4,AE,2,AEREL,NOT RELATED
SYN-2026-01,SITE-103,SITE-103-120,WK4,CM,1,CMTRT,Paracetamol
SYN-2026-01,SITE-103,SITE-103-120,WK4,CM,1,CMINDC,Prophylaxis
SYN-2026-01,SITE-103,SITE-103-120,WK4,CM,1,CMSTDAT,2026-01-06
SYN-2026-01,SITE-103,SITE-103-120,WK12,VS,1,VSDAT,2026-04-01
SYN-2026-01,SITE-103,SITE-103-120,WK12,VS,1,SYSBP,126
SYN-2026-01,SITE-103,SITE-103-120,WK12,VS,1,DIABP,92
SYN-2026-01,SITE-103,SITE-103-120,WK12,VS,1,PULSE,75
SYN-2026-01,SITE-103,SITE-103-120,WK12,VS,1,TEMP,36.5
SYN-2026-01,SITE-103,SITE-103-120,WK12,VS,1,WEIGHT,79.4
SYN-2026-01,SITE-103,SITE-103-120,WK12,EX,1,EXSTDAT,2026-04-01
SYN-2026-01,SITE-103,SITE-103-120,WK12,EX,1,EXDOSE,100
SYN-2026-01,SITE-103,SITE-103-120,WK12,EX,1,EXADJ,N
SYN-2026-01,SITE-103,SITE-103-120,WK12,AE,1,AETERM,Pruritus
SYN-2026-01,SITE-103,SITE-103-120,WK12,AE,1,AESTDAT,2026-03-25
SYN-2026-01,SITE-103,SITE-103-120,WK12,AE,1,AEOUT,RECOVERED
SYN-2026-01,SITE-103,SITE-103-120,WK12,AE,1,AEENDAT,2026-04-13
SYN-2026-01,SITE-103,SITE-103-120,WK12,AE,1,AESEV,MODERATE
SYN-2026-01,SITE-103,SITE-103-120,WK12,AE,1,AESER,Y
SYN-2026-01,SITE-103,SITE-103-120,WK12,AE,1,AEREL,NOT RELATED
SYN-2026-01,SITE-103,SITE-103-120,WK12,AE,1,AEACN,DRUG WITHDRAWN
SYN-2026-01,SITE-103,SITE-103-120,WK12,AE,2,AETERM,Arthralgia
SYN-2026-01,SITE-103,SITE-103-120,WK12,AE,2,AESTDAT,2026-03-13
SYN-2026-01,SITE-103,SITE-103-120,WK12,AE,2,AEOUT,RECOVERED
SYN-2026-01,SITE-103,SITE-103-120,WK12,AE,2,AEENDAT,2026-04-03
SYN-2026-01,SITE-103,SITE-103-120,WK12,AE,2,AESEV,MILD
SYN-2026-01,SITE-103,SITE-103-120,WK12,AE,2,AESER,N
SYN-2026-01,SITE-103,SITE-103-120,WK12,AE,2,AEREL,NOT RELATED
SYN-2026-01,SITE-103,SITE-103-120,WK12,CM,1,CMTRT,Omeprazole
SYN-2026-01,SITE-103,SITE-103-120,WK12,CM,1,CMINDC,Prophylaxis
SYN-2026-01,SITE-103,SITE-103-120,WK12,CM,1,CMSTDAT,2026-02-24
SYN-2026-01,SITE-103,SITE-103-120,WK12,CM,2,CMTRT,Salbutamol
SYN-2026-01,SITE-103,SITE-103-120,WK12,CM,2,CMINDC,Pain
SYN-2026-01,SITE-103,SITE-103-120,WK12,CM,2,CMSTDAT,2026-02-03
SYN-2026-01,SITE-103,SITE-103-120,WK12,CM,3,CMTRT,tylenol
SYN-2026-01,SITE-103,SITE-103-120,WK12,CM,3,CMINDC,Infection
SYN-2026-01,SITE-103,SITE-103-120,WK12,CM,3,CMSTDAT,2026-03-15
SYN-2026-01,SITE-103,SITE-103-120,EOS,VS,1,VSDAT,2026-06-29
SYN-2026-01,SITE-103,SITE-103-120,EOS,VS,1,SYSBP,116
SYN-2026-01,SITE-103,SITE-103-120,EOS,VS,1,DIABP,74
SYN-2026-01,SITE-103,SITE-103-120,EOS,VS,1,PULSE,66
SYN-2026-01,SITE-103,SITE-103-120,EOS,VS,1,TEMP,36.0
SYN-2026-01,SITE-103,SITE-103-120,EOS,VS,1,WEIGHT,89.9
SYN-2026-01,SITE-103,SITE-103-120,EOS,AE,1,AETERM,Insomnia
SYN-2026-01,SITE-103,SITE-103-120,EOS,AE,1,AESTDAT,2026-06-09
SYN-2026-01,SITE-103,SITE-103-120,EOS,AE,1,AEOUT,RECOVERED
SYN-2026-01,SITE-103,SITE-103-120,EOS,AE,1,AEENDAT,2026-06-05
SYN-2026-01,SITE-103,SITE-103-120,EOS,AE,1,AESEV,MILD
SYN-2026-01,SITE-103,SITE-103-120,EOS,AE,1,AESER,Y
SYN-2026-01,SITE-103,SITE-103-120,EOS,AE,1,AEREL,UNLIKELY
SYN-2026-01,SITE-103,SITE-103-120,EOS,AE,1,AEACN,DOSE REDUCED
SYN-2026-01,SITE-103,SITE-103-120,EOS,DS,1,DSCOMP,Y
SYN-2026-01,SITE-103,SITE-103-120,EOS,DS,1,DSSTDAT,2026-06-29
