patient_id,new_version_id,change_date,change_kind,city_before,city_after,marital_before,marital_after
005feb91-737f-0f32-daf8-12d58998c597,2,2026-08-03,address,Lawrence,Springfield,Divorced,Divorced
00692051-78a6-ad30-7f1d-57bf6e888fae,2,2026-08-03,both,West Wareham,New Bedford,Never Married,Widowed
007beba1-19c9-8d65-03c7-cae691a138c2,2,2026-08-03,marital,Lynn,Lynn,Married,Divorced
008a34ad-34c1-3871-41d9-b8167f185741,2,2026-08-03,address,Medfield,Lowell,Never Married,Never Married
00cd75ea-0d03-9286-566e-3dc93412a51f,2,2026-08-03,address,Savoy,New Bedford,Divorced,Divorced
00df23a1-e4a7-8e9c-3c30-275dd1eba44d,2,2026-08-03,both,Boston,New Bedford,Never Married,Widowed
00e94f14-4128-c253-a753-53aa479bf970,2,2026-08-03,address,Dartmouth,Quincy,Never Married,Never Married
00f0fc22-3c04-56c1-5f6a-14797f2b4d98,2,2026-08-03,marital,Everett,Everett,Married,Divorced
01940686-4c60-5b37-b8d6-66d0001e0c5c,2,2026-08-03,marital,Waltham,Waltham,Married,Divorced
01c3fedc-e6d3-fcfa-b58f-6dfe28b96c99,2,2026-08-03,both,Newton,Springfield,Married,Widowed
01c9fb17-6ff0-86d0-475e-69086ed50042,2,2026-08-03,marital,Dracut,Dracut,Never Married,Divorced
01d2732b-3c50-80b5-4477-684a8c57c2c1,2,2026-08-03,address,Billerica,Lowell,Married,Married
0259ebdb-6b47-c818-e407-43ced9f326fd,2,2026-08-03,both,Watertown,Lowell,Married,Widowed
02613a70-66c8-3e5a-e82d-40f022d50ca4,2,2026-08-03,both,Salem,Worcester,Married,Widowed
02ca021a-b14d-9368-bbc8-24a8507dc7f6,2,2026-08-03,address,New Bedford,New Bedford,Never Married,Never Married
02dbd0c1-22fb-28b2-cd9f-9c2208b12b4e,2,2026-08-03,marital,Boston,Boston,Never Married,Divorced
02f4e3c4-b9e3-19a4-f689-648f1b812fbe,2,2026-08-03,marital,Everett,Everett,Widowed,Divorced
03d87228-1bcd-ddb7-da58-77f506f20d90,2,2026-08-03,address,Gloucester,New Bedford,Never Married,Never Married
03ec9668-08b1-2185-db20-5172bfa03f02,2,2026-08-03,marital,Lawrence,Lawrence,Married,Divorced
041f6bcd-99fa-53dd-ffb1-26819bddd75a,2,2026-08-03,both,Arlington,Worcester,Married,Widowed
046eb7cd-a608-8570-78a4-c54686b84479,2,2026-08-03,address,New Bedford,Quincy,Married,Married
04a4fe8e-4a1b-00b4-5b19-82c4a486705e,2,2026-08-03,both,Barnstable,Lowell,Never Married,Widowed
0545c938-adf4-a70e-4e40-e2ba46063c4f,2,2026-08-03,marital,Norton,Norton,Married,Divorced
05461415-572d-4617-d24c-820a4db50505,2,2026-08-03,address,North Attleborough,Quincy,Never Married,Never Married
054cab27-d5e0-29d3-0cbc-eb6f9d5511b0,2,2026-08-03,address,New Bedford,Springfield,Married,Married
05769da4-54bb-a7b9-c221-9d356bceb072,2,2026-08-03,address,Somerville,New Bedford,Married,Married
0580aa38-3a0b-6ae1-b259-0527bf59db06,2,2026-08-03,marital,Taunton,Taunton,Never Married,Divorced
05a3b28a-be04-0a13-c598-95c21275a22e,2,2026-08-03,both,Quincy,Springfield,Married,Widowed
05a84700-7acf-3b9b-473d-55570a8f76e8,2,2026-08-03,address,Barre,Quincy,Married,Married
05ad138b-7e76-cc1c-635a-9d2d36778a98,2,2026-08-03,marital,Avon,Avon,Never Married,Divorced
05f34dde-a64d-9125-2c6d-38907b1ea975,2,2026-08-03,both,Worcester,Lowell,Never Married,Widowed
0607f07a-a850-02b6-87f4-35129184b5e4,2,2026-08-03,address,Chicopee,Springfield,Married,Married
061fc97c-e21f-83d7-586b-061fa160e7d0,2,2026-08-03,address,Boston,Lowell,Never Married,Never Married
066124ff-68a0-289e-8555-882a221143e3,2,2026-08-03,marital,Haverhill,Haverhill,Never Married,Divorced
0685cdf3-b65d-99d1-5f62-13cd635edcc5,2,2026-08-03,address,Leverett,Springfield,Married,Married
0697f16d-5c21-ddfb-d0fe-ecfd6b6d2c65,2,2026-08-03,address,Danvers,New Bedford,Never Married,Never Married
06f912e0-8572-35b4-0062-eb7fdf78eee1,2,2026-08-03,marital,North Attleborough,North Attleborough,Divorced,Widowed
070146c8-4d98-9125-c237-529edd693bd8,2,2026-08-03,address,Millis,Springfield,Divorced,Divorced
07ba0a82-22e8-f304-7e20-8d53a829bf08,2,2026-08-03,both,Boston,New Bedford,Never Married,Widowed
07bed834-7df6-3c6a-4080-8785a3aaccb4,2,2026-08-03,marital,Holyoke,Holyoke,Married,Divorced
07fac365-3163-8b58-10b7-5f207d9168a9,2,2026-08-03,both,Revere,Quincy,Never Married,Widowed
08212367-17fc-1739-a6a1-b298d1c4f495,2,2026-08-03,both,Salem,New Bedford,Never Married,Widowed
0822cebc-9458-12a2-0efa-16274540b2b5,2,2026-08-03,both,Orleans,Springfield,Married,Widowed
0873d8cd-bd18-a146-abe8-a80102961edf,2,2026-08-03,both,Waltham,New Bedford,Divorced,Widowed
08f6004d-9679-1e73-aa8b-14346cfc1ebf,2,2026-08-03,both,Springfield,New Bedford,Never Married,Widowed
0918e179-f8ac-48f2-c553-4ac350e464ed,2,2026-08-03,both,Hudson,Lowell,Never Married,Widowed
093ffb73-4ec6-389a-8df5-be29334ec548,2,2026-08-03,marital,Acushnet Center,Acushnet Center,Divorced,Widowed
098e8bbc-3db8-4991-26f8-714cb6ae7b35,2,2026-08-03,both,Boston,Quincy,Never Married,Widowed
09d5b5c1-1556-ee77-77b8-64ab415124c3,2,2026-08-03,both,Dartmouth,Lowell,Married,Widowed
09e0dce0-31c8-ce61-39ef-8f8bbb1b12f8,2,2026-08-03,both,North Reading,Lowell,Divorced,Widowed
0a53cf54-0b33-c9bf-ae11-13f9427f3665,2,2026-08-03,marital,Waltham,Waltham,Married,Divorced
0a620035-1867-8166-c0b4-4fd64a33c0b2,2,2026-08-03,address,Cambridge,Springfield,Never Married,Never Married
0a62c6aa-fe84-83ac-727e-6006ee5e0ac3,2,2026-08-03,both,Lawrence,Springfield,Married,Widowed
0a6a5092-1a32-6e3c-0bc9-217c4aac90f4,2,2026-08-03,address,Quincy,Quincy,Married,Married
0a794ce8-57f1-ee4f-3cc9-16502c87967c,2,2026-08-03,both,Worcester,Worcester,Married,Widowed
0a8016cf-7eb4-0f95-3a24-89ad25a1e741,2,2026-08-03,marital,Abington,Abington,Married,Divorced
0ab4eb7c-54db-2074-ad26-8da63f251cfc,2,2026-08-03,both,Boxford,New Bedford,Never Married,Widowed
0b139732-918c-b06a-a575-9880420c5ac0,2,2026-08-03,marital,Franklin,Franklin,Married,Divorced
0b168c4b-6597-e0ee-bb57-defc575f7661,2,2026-08-03,marital,Salisbury,Salisbury,Married,Divorced
0b1c06cb-f7c4-7bd8-ad66-56804e648264,2,2026-08-03,marital,Stoughton,Stoughton,Never Married,Divorced
0b5b4af9-070a-9e2f-fcd0-2ceb6f313f25,2,2026-08-03,marital,Kingston,Kingston,Married,Divorced
0b81c65d-d677-c1db-8996-35fd1e2fbfa9,2,2026-08-03,marital,New Bedford,New Bedford,Divorced,Widowed
0b9081d3-da2e-aa35-3699-b7c13b78445a,2,2026-08-03,marital,Boston,Boston,Married,Divorced
0bdd2f82-c07e-ec42-fcdf-6a1824538e64,2,2026-08-03,both,Taunton,Worcester,Married,Widowed
0c29ff0b-7330-1a56-00cc-c1cf6a5a7307,2,2026-08-03,both,Peabody,Lowell,Never Married,Widowed
0c7e571e-55f9-386d-3073-3ce95f6f7d72,2,2026-08-03,address,Acton,Lowell,Married,Married
0caca5e1-72c7-b347-2f9e-5f63852b8490,2,2026-08-03,marital,Edgartown,Edgartown,Married,Divorced
0d027020-e6f1-eefe-be02-79debe54e690,2,2026-08-03,marital,Webster,Webster,Divorced,Widowed
0d1accd2-ebc3-2c6e-5f1f-1b3660b064d2,2,2026-08-03,address,Boston,Quincy,Never Married,Never Married
0d52f060-1be6-60ee-2407-08a1b2f0e2d8,2,2026-08-03,address,Raynham,Springfield,Divorced,Divorced
0d67e992-1861-8a5e-7f63-ad3e24de4605,2,2026-08-03,address,Lynn,Springfield,Divorced,Divorced
0d81e106-07e5-6c94-50f4-9891981cb418,2,2026-08-03,address,Wareham,Lowell,Never Married,Never Married
0dc69282-a4ad-2b34-932e-f895ea9fcacb,2,2026-08-03,both,Worcester,Quincy,Never Married,Widowed
0dcaaf7d-ee1f-469f-2184-5040c88f0039,2,2026-08-03,address,Westwood,Lowell,Divorced,Divorced
0e00a90b-90cf-a978-5609-9fecdedb137e,2,2026-08-03,address,Littleton Common,Lowell,Never Married,Never Married
0e88758e-f34a-489a-b249-4b2499cb02fa,2,2026-08-03,marital,Hull,Hull,Never Married,Divorced
0e8dd069-f655-05cf-ca15-ab29b5c799db,2,2026-08-03,both,Templeton,Quincy,Married,Widowed
0efe015b-c7f3-34cc-1e89-342314617f54,2,2026-08-03,marital,Boston,Boston,Never Married,Divorced
0f08bb1a-eb34-ce3e-c667-858ebf37732d,2,2026-08-03,address,Pittsfield,New Bedford,Never Married,Never Married
0f0c9653-2592-a3c0-62c3-ef1b45155b82,2,2026-08-03,marital,Springfield,Springfield,Married,Divorced
0f2a0e83-745b-d4b8-9c68-b12e3948c6d8,2,2026-08-03,address,Middleborough,Springfield,Married,Married
0fb8ac86-1a9b-cf08-4e91-de1f0b541c6b,2,2026-08-03,address,Upton,Lowell,Never Married,Never Married
0ff8e545-4f3c-cc3d-f175-994a342f569b,2,2026-08-03,address,Burlington,Lowell,Never Married,Never Married
1031051f-a9df-d5c2-f7a0-d1b32bdf8af5,2,2026-08-03,address,Auburn,Quincy,Never Married,Never Married
1045a153-f650-4830-2d0e-484c3c7d2003,2,2026-08-03,both,Brookline,Quincy,Divorced,Widowed
1059589b-bd96-7e31-0061-f49de429a444,2,2026-08-03,address,Littleton Common,Springfield,Never Married,Never Married
10669520-af29-d64b-1933-c3f7e03d600f,2,2026-08-03,both,Boston,New Bedford,Divorced,Widowed
107a8fd9-f79d-6540-6ad9-066f79923d09,2,2026-08-03,marital,Bellingham,Bellingham,Married,Divorced
10a44206-fb67-15b4-49c3-5dfba31c3f44,2,2026-08-03,marital,Plymouth,Plymouth,Never Married,Divorced
10a96b71-6412-42f9-384c-752897fa9ab8,2,2026-08-03,marital,Billerica,Billerica,Married,Divorced
10b2da9e-98e3-5de8-4b9f-cdcbdbf6d859,2,2026-08-03,marital,Franklin,Franklin,Married,Divorced
10f0e662-7359-c568-8fef-09c39f1fb71a,2,2026-08-03,address,Groton,Springfield,Never Married,Never Married
10f62ef7-1310-9185-c1a9-c5431b7b1362,2,2026-08-03,address,Bourne,Lowell,Married,Married
11068ff6-9375-5c1f-94f2-1f216b5004bc,2,2026-08-03,both,Dedham,Springfield,Never Married,Widowed
1168a035-1a96-e8ea-eed3-7abcd4ed0695,2,2026-08-03,both,Rockland,Springfield,Never Married,Widowed
116d3247-2868-f84d-9c3c-251d2ae9a8a6,2,2026-08-03,address,Boston,Worcester,Never Married,Never Married
12006ba2-1132-023b-de95-b65d8df02fe2,2,2026-08-03,marital,Boston,Boston,Never Married,Divorced
12475e4d-940f-ae04-956d-06e218095930,2,2026-08-03,both,Weymouth,New Bedford,Divorced,Widowed
12ae57be-9b6e-4d26-2f32-84b946e3e37a,2,2026-08-03,address,Yarmouth,Lowell,Never Married,Never Married
12bace04-73c9-4864-1ae6-6c87ac9c5578,2,2026-08-03,marital,Boston,Boston,Never Married,Divorced
12ec079c-68e4-9561-7b38-135b1f76099a,2,2026-08-03,address,Framingham,Worcester,Married,Married
130dc88e-b230-a4cc-c7da-4053d1d02166,2,2026-08-03,marital,Easton,Easton,Married,Divorced
1329e56c-a422-ea77-7ece-e1684b57cad8,2,2026-08-03,marital,Methuen,Methuen,Divorced,Widowed
137fd7b0-5e1f-e032-b0e1-a9d81ec4da5c,2,2026-08-03,address,Taunton,New Bedford,Married,Married
13871309-01cd-9d9b-e51f-a3bfa1ea61d3,2,2026-08-03,both,Cambridge,New Bedford,Never Married,Widowed
13b2d99b-27c2-5563-b79e-c3ffda9d685e,2,2026-08-03,address,Ipswich,Springfield,Married,Married
13bc8861-609d-ff2c-fe40-17beedb3a045,2,2026-08-03,both,Framingham,Lowell,Divorced,Widowed
13f58db8-2586-d75a-bc5a-31cce8f5bd3a,2,2026-08-03,address,Springfield,New Bedford,Never Married,Never Married
1430f88f-3640-cba3-3823-cf99dba90d1e,2,2026-08-03,both,Marblehead,Worcester,Divorced,Widowed
14c0f4ec-bf3c-21f1-eb93-c5c7455aaf27,2,2026-08-03,marital,Boston,Boston,Divorced,Widowed
14c170f4-7d80-b4ee-e5d6-22e34c6a8951,2,2026-08-03,address,Burlington,Lowell,Never Married,Never Married
14c2832f-1411-050d-fb0e-661a94b56a39,2,2026-08-03,marital,West Brookfield,West Brookfield,Married,Divorced
14c4e450-8708-c18f-1b80-7cfbd4894866,2,2026-08-03,address,Danvers,Quincy,Never Married,Never Married
14e88d81-6a66-5b27-d142-a89a28c06a6d,2,2026-08-03,address,Boston,Lowell,Married,Married
150c2108-550c-4160-d421-9414f8a93a75,2,2026-08-03,both,Ashland,New Bedford,Never Married,Widowed
159d7d43-358c-ff5b-97c3-e8299411ff93,2,2026-08-03,both,Springfield,Lowell,Married,Widowed
16089545-8f65-7704-1a4f-508e7341b254,2,2026-08-03,marital,Revere,Revere,Never Married,Divorced
16509695-c4fc-1360-e38e-3672bdcec114,2,2026-08-03,address,Lincoln,Worcester,Married,Married
1659100b-7d0c-22d4-f13a-2ab1c2b30836,2,2026-08-03,address,Brockton,Lowell,Never Married,Never Married
16731b9f-2ab4-8d44-a47c-1da71cc48ed8,2,2026-08-03,marital,Boston,Boston,Married,Divorced
167fa0dc-af94-7220-0daf-9707615d834d,2,2026-08-03,marital,Boston,Boston,Never Married,Divorced
16c4554a-aae9-7b65-616a-8802cbbd684c,2,2026-08-03,marital,Lawrence,Lawrence,Widowed,Divorced
16fa4f33-bc92-09cf-6f5d-e0df57276252,2,2026-08-03,address,Norwell,Quincy,Never Married,Never Married
16fc6714-eeb5-1dc0-9c9e-3ad20b8bcd70,2,2026-08-03,marital,Lowell,Lowell,Never Married,Divorced
1725960c-536a-f4c6-4a1c-fccdac3e0d1f,2,2026-08-03,both,Leominster,Lowell,Never Married,Widowed
172c6b84-2044-cbdb-d699-4af4274bbd07,2,2026-08-03,marital,Barre,Barre,Never Married,Divorced
1740822f-5de0-fe69-5e77-51689fc29396,2,2026-08-03,marital,Reading,Reading,Widowed,Divorced
175fd9be-948d-7d87-4a18-fc222a25606f,2,2026-08-03,address,Easthampton,Lowell,Never Married,Never Married
17793217-df8c-7518-2421-4b26c10e1ec6,2,2026-08-03,marital,Wakefield,Wakefield,Divorced,Widowed
1785b040-2c84-6324-f468-9434a4a8fc27,2,2026-08-03,marital,Arlington,Arlington,Never Married,Divorced
17c461c5-f223-23c9-5446-32ab63a00a1c,2,2026-08-03,both,Peabody,New Bedford,Never Married,Widowed
17e1b6f0-b9a0-043b-81b8-a056fa731a50,2,2026-08-03,address,Haverhill,New Bedford,Never Married,Never Married
17ea2c85-f801-db97-bf63-215710c3fe56,2,2026-08-03,marital,Boston,Boston,Never Married,Divorced
180d8efc-3957-94bb-6868-24cfd17520e1,2,2026-08-03,address,Brockton,New Bedford,Divorced,Divorced
184600be-7593-d7cd-fb58-f18ea840908d,2,2026-08-03,marital,Somerset,Somerset,Divorced,Widowed
18923788-31da-be4f-2c64-109707393255,2,2026-08-03,address,Amherst,New Bedford,Never Married,Never Married
18e39e88-5cf9-a0b3-0a8f-7c622106ca19,2,2026-08-03,address,Marblehead,Springfield,Married,Married
1937825e-3c4c-1786-8d09-3d6596dd02a8,2,2026-08-03,marital,South Hadley,South Hadley,Never Married,Divorced
193e22eb-2dca-13e3-eef4-12dce0e082eb,2,2026-08-03,marital,Scituate,Scituate,Married,Divorced
1957e812-51de-0b8b-ac73-0c2b4b01ae3d,2,2026-08-03,marital,Boston,Boston,Divorced,Widowed
19666c5a-3e49-477d-c268-7a028ee6d7f3,2,2026-08-03,marital,Dudley,Dudley,Never Married,Divorced
1982a64a-231b-c07a-4d94-30febbe1522b,2,2026-08-03,address,Springfield,Worcester,Never Married,Never Married
19872cb1-77cc-4000-632c-f6d95fc6b033,2,2026-08-03,address,Brockton,Lowell,Never Married,Never Married
19a2723b-e328-2532-869d-6baa2794c011,2,2026-08-03,both,Boston,Lowell,Never Married,Widowed
19a85ca8-900e-cf0d-54a3-0f09b31971ca,2,2026-08-03,marital,Brockton,Brockton,Never Married,Divorced
19fa594b-d26b-ee5b-a36a-cef0e52b4237,2,2026-08-03,both,Boston,Springfield,Married,Widowed
1a03bba2-da07-b10c-3b2f-9162ba7b0725,2,2026-08-03,marital,Winthrop,Winthrop,Married,Divorced
1a2ca5df-4705-3e6f-49c6-9c17d654af96,2,2026-08-03,both,Boston,Springfield,Married,Widowed
1a6fc775-e694-50e3-dd67-0a480e0b6c61,2,2026-08-03,both,Hubbardston,New Bedford,Never Married,Widowed
1a70eb08-8d54-ce3d-795b-f9c4a03c8263,2,2026-08-03,marital,Framingham,Framingham,Divorced,Widowed
1ace52d0-6673-97f4-a2e9-e8b6c3afbe2b,2,2026-08-03,both,Boston,Quincy,Never Married,Widowed
1b3f0cd4-9cfd-a964-66a3-d549961a8162,2,2026-08-03,both,Boston,Lowell,Married,Widowed
1b763c0d-c3a4-592d-54e5-c80506e81633,2,2026-08-03,both,Medford,Quincy,Never Married,Widowed
1b8b1b19-d8b1-05c1-2b28-27d541807877,2,2026-08-03,marital,Needham,Needham,Never Married,Divorced
1bbdcd18-b8c1-bc14-1c93-cbf232e7348b,2,2026-08-03,address,Northwest Harwich,New Bedford,Never Married,Never Married
1be82fb2-34ee-270b-1a26-74c100362fdc,2,2026-08-03,address,North Andover,Lowell,Married,Married
1c960f0e-3dd5-04c5-e4e3-4d38435364df,2,2026-08-03,marital,Swampscott,Swampscott,Married,Divorced
1ccc1cd4-8c0c-a1fd-e2d1-f04348adc875,2,2026-08-03,marital,Peabody,Peabody,Never Married,Divorced
1d3eca11-7632-8fdf-b51d-427aae36a145,2,2026-08-03,both,Wilbraham,New Bedford,Married,Widowed
1dde4ca1-ad85-c434-c57a-3662fbce0862,2,2026-08-03,address,Mashpee,New Bedford,Never Married,Never Married
1e3ca66d-028b-4066-0962-32b006a8ab0a,2,2026-08-03,marital,Dedham,Dedham,Married,Divorced
1e891cdf-ff68-6e12-9ebb-ebcd7d0946f0,2,2026-08-03,marital,Fall River,Fall River,Married,Divorced
1eb9f81d-92b3-188c-0b0d-68ab0e612091,2,2026-08-03,address,Orange,Springfield,Married,Married
1eba4741-4075-8b83-4d65-adf8b672aaa2,2,2026-08-03,marital,Bridgewater,Bridgewater,Married,Divorced
1ed54b44-eeb9-dedd-f860-199625d9eec1,2,2026-08-03,marital,Tyngsborough,Tyngsborough,Never Married,Divorced
1eec7c11-e53f-6098-7e6b-1fa68b61f89e,2,2026-08-03,marital,Westport,Westport,Never Married,Divorced
1eedf31e-a59e-502b-ffa0-7751b2fe8e40,2,2026-08-03,marital,Millis-Clicquot,Millis-Clicquot,Never Married,Divorced
1f3ca917-9b5b-188d-706a-5b2aba752230,2,2026-08-03,both,Swampscott,Springfield,Married,Widowed
1f536a2c-0073-56be-3d11-7f6328e5bc47,2,2026-08-03,both,Boston,Springfield,Married,Widowed
20616e0c-8aed-e5f9-e368-606bb40a995c,2,2026-08-03,both,Methuen,Quincy,Never Married,Widowed
20fd380d-3335-5c32-d50c-a1aa510f84c4,2,2026-08-03,marital,Barnstable,Barnstable,Married,Divorced
210e29d1-a6d6-732b-0c70-4429624a1db2,2,2026-08-03,both,North Andover,Worcester,Never Married,Widowed
2121084b-f4bf-0933-debc-6b82982ac300,2,2026-08-03,marital,Abington,Abington,Married,Divorced
213e107c-6e7e-b5ca-58f6-3342c6a40e64,2,2026-08-03,marital,Chicopee,Chicopee,Married,Divorced
2191bb47-8d82-2d11-498e-1f3d289b2a8c,2,2026-08-03,both,Wareham,Lowell,Never Married,Widowed
21dcacbf-7f55-3402-5fb4-692ea141c9b6,2,2026-08-03,both,Leominster,Quincy,Never Married,Widowed
21f80590-538c-3d71-c196-2fb1c77c5993,2,2026-08-03,marital,Hingham,Hingham,Married,Divorced
2212f250-1455-f480-7f1e-7e606dfdb287,2,2026-08-03,marital,Clarksburg,Clarksburg,Divorced,Widowed
22e74cc7-0dcf-6a57-055c-4de3e572324f,2,2026-08-03,address,Boston,Springfield,Never Married,Never Married
22f119d9-1b68-89d3-b450-5ae7fbbef496,2,2026-08-03,both,Franklin,New Bedford,Married,Widowed
233f18bc-4717-c5cf-f90a-bd5384e54b58,2,2026-08-03,address,Waltham,New Bedford,Married,Married
234857a1-fe8a-927c-c21a-57f2d8b61784,2,2026-08-03,both,Fall River,Lowell,Never Married,Widowed
23593e31-30fd-abb8-c47d-26fad5fac907,2,2026-08-03,marital,Essex,Essex,Never Married,Divorced
23974357-4f71-4043-50c6-cfe1e6cbea24,2,2026-08-03,address,Raynham Center,New Bedford,Never Married,Never Married
23f7f537-77f4-2c60-54fb-dacabb7116a4,2,2026-08-03,both,Abington,New Bedford,Divorced,Widowed
2447d64f-07b8-e7d7-db2a-cadbcbd0750e,2,2026-08-03,both,Framingham,Springfield,Never Married,Widowed
24b648d7-9f52-0a2b-c630-106390943eb6,2,2026-08-03,marital,Haverhill,Haverhill,Divorced,Widowed
24d7007c-562e-5e7d-bf9d-5374e7ccb035,2,2026-08-03,both,Boston,Quincy,Never Married,Widowed
24e74349-1364-0e0b-fc2c-ca759a73443a,2,2026-08-03,marital,Milton,Milton,Married,Divorced
250246a3-f218-a408-7048-48fdf5a538ad,2,2026-08-03,both,Holyoke,Springfield,Married,Widowed
252193a7-5046-3b9c-d413-178d88a0f1a3,2,2026-08-03,marital,Boston,Boston,Never Married,Divorced
25606481-3bc7-5dfb-f6ec-ad5cb474c87b,2,2026-08-03,marital,Deerfield,Deerfield,Divorced,Widowed
25fd211f-ec03-6b4f-ec48-e41452343bd8,2,2026-08-03,address,North Amherst,Springfield,Never Married,Never Married
267ef5fb-e565-f039-aa85-391b4ce793a4,2,2026-08-03,address,Wilmington,Quincy,Married,Married
26b1e536-afa3-d924-3715-daac50626d71,2,2026-08-03,both,Springfield,Quincy,Married,Widowed
26d0c029-9961-5528-9a05-0c3e38aeacc2,2,2026-08-03,marital,Boston,Boston,Married,Divorced
27029dc3-96dd-7d7e-abe7-860321c5bd88,2,2026-08-03,both,Boston,Worcester,Never Married,Widowed
2767e11e-2322-ff80-e6dd-bfc63590173e,2,2026-08-03,marital,Bedford,Bedford,Married,Divorced
277259a0-03c7-c5cd-367a-5cd1e7fcb716,2,2026-08-03,address,North Adams,New Bedford,Never Married,Never Married
278afcc5-1490-4bc1-9cf4-464a0c4f367b,2,2026-08-03,both,Otis,Quincy,Married,Widowed
27a484f8-af3c-2c6f-9db0-daf212e0976b,2,2026-08-03,both,Southbridge,Springfield,Married,Widowed
27a5ad14-df46-5eb4-337d-d891516f7938,2,2026-08-03,both,Athol,Springfield,Married,Widowed
27b4d08b-591c-9e60-c9de-b8fc52540b4c,2,2026-08-03,address,Paxton,Quincy,Never Married,Never Married
27c371e1-53bd-ca6d-f2ec-e8eccfc22a2c,2,2026-08-03,address,Wrentham,New Bedford,Married,Married
27d01366-b985-bcf0-6477-32d986661904,2,2026-08-03,marital,Sheffield,Sheffield,Married,Divorced
27d9be98-1ca8-9257-18ff-e7417497741c,2,2026-08-03,both,Methuen,Quincy,Married,Widowed
27f6ad01-6405-0551-0f0b-017b2c042e68,2,2026-08-03,address,Brookfield,Quincy,Married,Married
285a92c1-ee9d-c7bc-339d-0fe1b039d8bc,2,2026-08-03,both,Medfield,Worcester,Married,Widowed
28a9ac26-678b-eede-ac4f-9a89aececcd4,2,2026-08-03,both,Cambridge,Lowell,Married,Widowed
28c07fa1-0b7d-8243-4848-74c440a2862c,2,2026-08-03,address,Easton,Worcester,Married,Married
28d3a9e4-53fb-2178-f6dc-dbe90a2b01c8,2,2026-08-03,marital,Holyoke,Holyoke,Never Married,Divorced
29229688-4082-02f6-d411-20fc125ce0c2,2,2026-08-03,both,Lanesborough,Lowell,Never Married,Widowed
294cbb78-c859-0218-6498-9520c0443dea,2,2026-08-03,both,Yarmouth,Quincy,Married,Widowed
29d1c420-3a6d-d9a1-8649-59d43843df15,2,2026-08-03,marital,Mashpee,Mashpee,Married,Divorced
29eb838b-4c12-ac27-d7df-3c062180b91b,2,2026-08-03,both,Salem,New Bedford,Married,Widowed
2a17a954-13bc-732f-03b8-e993a4c86605,2,2026-08-03,address,Taunton,New Bedford,Never Married,Never Married
2a2c522d-e5c1-70c4-bba5-46147981d4fd,2,2026-08-03,both,Dudley,Lowell,Never Married,Widowed
2a51edb4-1de5-1a45-fba6-65092c05e46c,2,2026-08-03,marital,Sudbury,Sudbury,Married,Divorced
2b411712-f056-8545-6358-9e46690d5ce0,2,2026-08-03,address,Norton,New Bedford,Married,Married
2b5467c2-cd8b-519c-6b4f-eade00777ae8,2,2026-08-03,address,Falmouth,Quincy,Never Married,Never Married
2b6a9de8-b19b-7f42-1471-9aea7522d685,2,2026-08-03,marital,Millville,Millville,Never Married,Divorced
2b99d31e-7f13-aad1-cef6-9f3017eae339,2,2026-08-03,both,Wakefield,New Bedford,Married,Widowed
2ba54731-2545-2e55-21c0-e56d2d7db44f,2,2026-08-03,address,Lee,Springfield,Married,Married
2ba97550-8a4b-50cb-52c3-793656b946b3,2,2026-08-03,both,Medford,New Bedford,Married,Widowed
2bbf1ed7-1d7d-c9e5-0d0c-b0a9c315150b,2,2026-08-03,both,Barnstable,Springfield,Married,Widowed
2bceb05d-539f-5253-d0d5-8854ad359d0a,2,2026-08-03,marital,Worcester,Worcester,Never Married,Divorced
2bd41ba6-6b96-79fd-fb47-4d91f4134f80,2,2026-08-03,address,Arlington,Worcester,Divorced,Divorced
2c2e5567-0c58-7184-8575-a6de63a4ccd9,2,2026-08-03,marital,Boston,Boston,Married,Divorced
2c7341d4-65e4-1291-6d8d-15859b0854c6,2,2026-08-03,both,West Springfield,New Bedford,Never Married,Widowed
2c76b268-6c13-3ca5-5bbf-9edc16f24a5e,2,2026-08-03,both,East Falmouth,Quincy,Divorced,Widowed
2ca2a696-22fb-2f31-5b29-6cb4fd464a2b,2,2026-08-03,marital,Cambridge,Cambridge,Never Married,Divorced
2cafeb54-3acd-93a3-2af5-c33a89763911,2,2026-08-03,both,Springfield,Springfield,Divorced,Widowed
2ce840d0-ea01-ac3b-4b34-b709a7328a83,2,2026-08-03,both,Tyngsborough,Quincy,Never Married,Widowed
2cfdeac0-1ebb-a3c6-bb49-51b5c278e89a,2,2026-08-03,both,Brockton,Springfield,Never Married,Widowed
2d03c8df-9ad6-2cd4-aefa-593a00f72e51,2,2026-08-03,both,Tewksbury,New Bedford,Married,Widowed
2d1842fc-8705-7483-c845-7433c9dbbb09,2,2026-08-03,marital,Lowell,Lowell,Never Married,Divorced
2d1a8602-43e3-de07-0a62-b2d216247ed2,2,2026-08-03,marital,Boston,Boston,Never Married,Divorced
2d1fa4c6-e148-66fc-8f7a-31396b5c388d,2,2026-08-03,both,Saugus,Worcester,Never Married,Widowed
2daeab31-5512-a716-bb93-c46b738225a9,2,2026-08-03,both,Boston,Springfield,Married,Widowed
2e035731-87d8-edeb-a947-a6730fdebb85,2,2026-08-03,both,Fall River,Worcester,Never Married,Widowed
2e4de808-8563-8993-72a0-9cbf8e6aaae5,2,2026-08-03,both,Lynn,Worcester,Never Married,Widowed
2e7d30a4-c7b2-2e48-b7b3-8dcee45247bd,2,2026-08-03,marital,Boston,Boston,Married,Divorced
2eb0446a-dda1-3327-0cda-f3f113854144,2,2026-08-03,both,Salem,Lowell,Never Married,Widowed
2ef673e0-d2a3-7f7b-18c5-1d96a7f5de50,2,2026-08-03,marital,Dartmouth,Dartmouth,Married,Divorced
2efd0980-582a-2bd4-fca6-e4088b19558e,2,2026-08-03,marital,Brookline,Brookline,Married,Divorced
2f0fafa1-4389-5451-1c12-beb05900684a,2,2026-08-03,marital,Gloucester,Gloucester,Never Married,Divorced
2f526d87-55d0-6983-25e9-dc6f83b0f17b,2,2026-08-03,address,Barnstable,Lowell,Married,Married
2f933d97-9b8c-9094-d177-6bf58e09b07b,2,2026-08-03,both,Leominster,New Bedford,Divorced,Widowed
2fa64183-818a-527f-3c9e-5c425fde92c9,2,2026-08-03,both,Leicester,Springfield,Married,Widowed
2fc2aa7f-9b9c-d80f-2eee-b7e6228d1c7e,2,2026-08-03,marital,Otis,Otis,Never Married,Divorced
2fd242f8-0cc5-f8ed-d897-962fefd0d889,2,2026-08-03,marital,Beverly,Beverly,Married,Divorced
2fd334c5-641e-fc67-0120-a4a83857e991,2,2026-08-03,address,Melrose,Springfield,Never Married,Never Married
2fd5d3de-86b2-86fc-d453-2a2f94b8fa21,2,2026-08-03,both,Dracut,Lowell,Never Married,Widowed
30223800-f93d-ebf7-fed3-3a8f82b2ada3,2,2026-08-03,address,Somerville,Quincy,Never Married,Never Married
302b7149-c446-239e-2167-1066e5c7da90,2,2026-08-03,both,Shrewsbury,New Bedford,Never Married,Widowed
306862ee-74c9-5de5-80c0-c4444650893a,2,2026-08-03,address,Stow,Springfield,Divorced,Divorced
30791aca-8956-5af1-255c-77f2a2f26fff,2,2026-08-03,address,Ipswich,New Bedford,Never Married,Never Married
3083679a-a56e-e8a1-1fd0-e531a6afb66d,2,2026-08-03,both,Winchester,Worcester,Never Married,Widowed
309006b9-798a-b659-c7e6-dd535a8ba102,2,2026-08-03,both,Boston,Worcester,Never Married,Widowed
309c0838-c0b4-71fc-4f61-f4cd9b0f33b5,2,2026-08-03,address,Lynnfield,Springfield,Married,Married
30bf903c-d7f6-3d02-257f-415d33a46299,2,2026-08-03,marital,Methuen,Methuen,Never Married,Divorced
30d31542-0de0-c0dc-4e67-941ff303fd5e,2,2026-08-03,marital,North Attleborough,North Attleborough,Never Married,Divorced
30f68f54-d7ff-27aa-abd0-b868edac3fa4,2,2026-08-03,marital,Montague,Montague,Married,Divorced
315f56d0-48fb-e28b-1391-47b04de75a95,2,2026-08-03,both,Pembroke,Springfield,Never Married,Widowed
3172fb52-be0d-b8b4-4591-0a1a6a88698e,2,2026-08-03,address,Salisbury,Lowell,Never Married,Never Married
32349a33-3ed6-c2ad-bf4a-aaabd941bcdf,2,2026-08-03,address,New Bedford,Lowell,Never Married,Never Married
324f0707-31ed-c924-13a6-b6610aa68f80,2,2026-08-03,marital,Worcester,Worcester,Married,Divorced
326d8c6c-3585-df52-647d-1f7151496551,2,2026-08-03,marital,Wareham,Wareham,Divorced,Widowed
3285537b-12da-b5a4-85ff-ff4113b31054,2,2026-08-03,marital,Franklin,Franklin,Married,Divorced
329016cd-2f59-0137-29f5-05f6e4e7e55d,2,2026-08-03,address,Ludlow,Quincy,Never Married,Never Married
331436e7-0953-6e0e-0f50-b72e8495f204,2,2026-08-03,marital,Brockton,Brockton,Never Married,Divorced
33319fb5-eead-8a9a-5941-6779f067ccf9,2,2026-08-03,marital,Revere,Revere,Never Married,Divorced
333c1084-1f2d-0a71-caa1-df12d634f5f7,2,2026-08-03,both,West Stockbridge,Springfield,Married,Widowed
337f4055-e362-751b-1823-c2265f893bcc,2,2026-08-03,both,Somerville,Worcester,Married,Widowed
33b0db79-55c0-3908-c2b1-333849f59913,2,2026-08-03,marital,Boston,Boston,Never Married,Divorced
33c55d23-4d01-94f4-5858-c66314a150ea,2,2026-08-03,marital,Lowell,Lowell,Never Married,Divorced
3401d8fc-14b4-802d-83ef-616179bb75e2,2,2026-08-03,both,Boston,Worcester,Married,Widowed
341ce4d4-96c7-a238-ba2d-d240dcb70c47,2,2026-08-03,address,Cambridge,New Bedford,Never Married,Never Married
342e407a-7614-6945-37f8-eaf26098e686,2,2026-08-03,marital,Pittsfield,Pittsfield,Married,Divorced
344f9bde-a3d1-5193-ec5a-574dd21c77c1,2,2026-08-03,marital,Middleton,Middleton,Married,Divorced
3491c08e-e9dc-dd4e-cd55-4bd9e01ce1d2,2,2026-08-03,both,Boston,Quincy,Never Married,Widowed
34941235-e18f-0e32-bffe-a41f1d207597,2,2026-08-03,address,Waltham,Lowell,Never Married,Never Married
34ac2ada-8d79-8301-93b3-3b9dce25bb82,2,2026-08-03,marital,Watertown,Watertown,Never Married,Divorced
34b153fc-7dff-20f1-aeb3-8a3efeed642a,2,2026-08-03,marital,Danvers,Danvers,Married,Divorced
351ba1d7-a069-f52a-f59f-70124c7da08d,2,2026-08-03,both,Green Harbor-Cedar Crest,Lowell,Divorced,Widowed
3532971f-62db-7d48-7846-fafef780c6ad,2,2026-08-03,address,Blackstone,Worcester,Married,Married
35531eaf-ef54-f962-9909-5ae186febaa4,2,2026-08-03,both,Orleans,New Bedford,Married,Widowed
35935b4f-ed14-2c85-03d0-723cb06cc41e,2,2026-08-03,both,Burlington,Quincy,Never Married,Widowed
3644a72c-ea2e-c02d-8e3d-80fde066c020,2,2026-08-03,marital,Boston,Boston,Married,Divorced
367570a7-a9e0-acde-d667-d3751fbdcf16,2,2026-08-03,address,Quincy,Lowell,Divorced,Divorced
36b87b04-3e00-8427-aa37-82a3ef39572d,2,2026-08-03,marital,Sandwich,Sandwich,Never Married,Divorced
36d9afe2-05eb-6b7b-f2f9-6762921245c6,2,2026-08-03,address,Milford,Springfield,Divorced,Divorced
36e44a48-6677-3c33-2d60-3125ecd2d5b3,2,2026-08-03,both,Mendon,Worcester,Divorced,Widowed
3707a44c-cb3c-f07d-240d-0f98f49e1c24,2,2026-08-03,marital,Barnstable,Barnstable,Never Married,Divorced
374bf48b-1e2e-69b1-ed64-faef80d81c23,2,2026-08-03,address,Everett,Lowell,Never Married,Never Married
375dfac3-14a7-3923-6479-50e8e433d0e7,2,2026-08-03,marital,Berlin,Berlin,Never Married,Divorced
375efe85-6878-eb6b-9e36-7c7cf8aef01e,2,2026-08-03,marital,Boston,Boston,Married,Divorced
37c7720e-d1c4-886c-2324-da2aefc29238,2,2026-08-03,both,Plymouth,Lowell,Married,Widowed
3830ffb8-eb25-a543-012c-e5cabc7b1e0e,2,2026-08-03,marital,Concord,Concord,Never Married,Divorced
383546c1-fed3-5821-8218-f1eb1c6fc153,2,2026-08-03,address,Hadley,Quincy,Divorced,Divorced
3853641d-973e-0c92-e2c4-3a031d6039f8,2,2026-08-03,both,Boston,Lowell,Never Married,Widowed
38629220-5b6b-08ba-8489-b955c67bd1fe,2,2026-08-03,address,Billerica,Lowell,Never Married,Never Married
3889ef4d-4025-1002-2ea9-cb618f74370d,2,2026-08-03,address,Tewksbury,Lowell,Never Married,Never Married
38915601-ea52-f2fa-8cf9-29831f919c07,2,2026-08-03,marital,Webster,Webster,Divorced,Widowed
389efe5e-73ea-5f41-4631-070575bb4040,2,2026-08-03,address,Methuen,Lowell,Married,Married
38d8fc11-d755-9ab6-7cad-a08188e353bd,2,2026-08-03,address,Pittsfield,Springfield,Never Married,Never Married
3932f052-6bd6-196e-9cb3-61ed565d9a08,2,2026-08-03,both,Yarmouth,Quincy,Divorced,Widowed
399e2800-2082-17d8-543c-ebd2411fd91a,2,2026-08-03,both,Boston,New Bedford,Married,Widowed
39bc06cd-6b8b-cd02-157f-fc92c353de34,2,2026-08-03,address,Fall River,Lowell,Never Married,Never Married
39bc514d-d328-b2e6-27be-316cfbee978f,2,2026-08-03,both,Ayer,Lowell,Never Married,Widowed
39e11081-48bf-73d7-fec2-98304ab5aa39,2,2026-08-03,address,Nantucket,Quincy,Never Married,Never Married
3a2cb8cf-aed1-f0c2-5a9c-4f8d82b7e64a,2,2026-08-03,marital,Norwood,Norwood,Married,Divorced
3a323dac-4b86-4de3-8a51-221cd91065c1,2,2026-08-03,marital,Swampscott,Swampscott,Married,Divorced
3ab804aa-0178-314a-77c6-c4cd0285dcb7,2,2026-08-03,both,Milton,Lowell,Never Married,Widowed
3aee7d9d-a476-2835-be3b-bd2fc73d2c6b,2,2026-08-03,address,Newton,Lowell,Married,Married
3aff6654-ab85-3183-d840-632943384ea6,2,2026-08-03,both,Boston,Springfield,Married,Widowed
3b1715cb-9a3e-8c23-b2d9-f7171405fd98,2,2026-08-03,address,Attleboro,Lowell,Divorced,Divorced
3b3bf561-09be-067a-4660-fe4fc43a23da,2,2026-08-03,marital,Cambridge,Cambridge,Never Married,Divorced
3b4f7ae1-70b2-7244-ad44-1d6947572356,2,2026-08-03,both,North Attleborough,New Bedford,Never Married,Widowed
3b51e734-0b51-7a69-218d-f272450e82d0,2,2026-08-03,both,Lawrence,New Bedford,Married,Widowed
3b702c8b-7c72-8472-40f8-92b44a3d98b4,2,2026-08-03,address,Holden,New Bedford,Married,Married
3bafa0e7-7288-fd4f-27b1-6d9b42d13e87,2,2026-08-03,marital,Dennis,Dennis,Married,Divorced
3c20ee6d-ce74-2284-cead-066ecfb0e215,2,2026-08-03,both,Peabody,Lowell,Never Married,Widowed
3c345a44-6076-6dbe-9825-4b0ed63b553b,2,2026-08-03,both,Boston,Quincy,Never Married,Widowed
3c41f5ce-e07d-e36d-8a50-1cf6785d6fb4,2,2026-08-03,both,Quincy,Quincy,Married,Widowed
3c47c6ff-9749-e5a0-f856-6004d1676267,2,2026-08-03,address,Chicopee,New Bedford,Married,Married
3c952d3f-610d-9dc9-09ad-8a50e1446460,2,2026-08-03,both,Worcester,Springfield,Never Married,Widowed
3cff82ec-ced2-1552-7fa5-5842f4fdc95a,2,2026-08-03,both,North Andover,Lowell,Never Married,Widowed
3d20a5ff-18c1-11cd-f238-4abb488dfce1,2,2026-08-03,address,Walpole,Worcester,Married,Married
3d560b42-b01b-ba9f-e89d-eae6af8e07b0,2,2026-08-03,address,Barnstable,Quincy,Married,Married
3d832400-ad09-e6a5-c451-36559c28b51a,2,2026-08-03,address,Plymouth,Lowell,Never Married,Never Married
3df04e32-372b-e076-4d74-e32843c83bd8,2,2026-08-03,address,Newton,Worcester,Married,Married
3e5be5f0-c4dd-2ea0-d5db-171ffebec568,2,2026-08-03,both,Easton,Springfield,Married,Widowed
3e6c24c9-e262-0821-8dea-1755f6d0037c,2,2026-08-03,both,Pittsfield,New Bedford,Widowed,Married
3e99900b-a27b-9188-ca17-e98ffcb8c662,2,2026-08-03,address,Worcester,Worcester,Never Married,Never Married
3ec1f120-cf5f-bfa5-4e7d-2caf740909e9,2,2026-08-03,both,Sturbridge,New Bedford,Divorced,Widowed
3eefe76e-dac1-4ce2-ab32-e9cde121087c,2,2026-08-03,both,Dracut,Worcester,Married,Widowed
3ef84ef5-1a45-cab7-48e6-ac7e36582265,2,2026-08-03,marital,New Bedford,New Bedford,Divorced,Widowed
3f0d2820-4cc4-2944-ec95-91302efbf4fb,2,2026-08-03,marital,Hardwick,Hardwick,Never Married,Divorced
3f0e3f6b-e972-ee11-8c9c-441a8a159127,2,2026-08-03,both,Shrewsbury,Springfield,Never Married,Widowed
3f1ecfb1-63c1-4a97-4287-a295a24962dc,2,2026-08-03,marital,Bedford,Bedford,Married,Divorced
3f88ca78-3ffb-4eaf-ca55-f7c3101a32f7,2,2026-08-03,address,Peabody,Springfield,Married,Married
3fa4d0f1-e079-78b2-7bdb-7ec848c89e63,2,2026-08-03,address,Boston,New Bedford,Never Married,Never Married
3fb73cf2-c924-f686-d2c5-6d5d7d18c054,2,2026-08-03,marital,Haverhill,Haverhill,Married,Divorced
3fccec88-47f1-7385-590a-647620f56d19,2,2026-08-03,both,Plymouth,Worcester,Never Married,Widowed
401226b8-c661-ed35-20b4-61cc9de99159,2,2026-08-03,marital,Holyoke,Holyoke,Never Married,Divorced
41122274-7b50-2f47-63ab-1c67001ed7a7,2,2026-08-03,address,Oxford,Springfield,Married,Married
41d646e7-4979-172f-d91b-d7c3ed23980b,2,2026-08-03,both,East Longmeadow,Worcester,Never Married,Widowed
41e53457-079f-82df-c2e8-0613b715e1b9,2,2026-08-03,marital,Hanover,Hanover,Never Married,Divorced
42040167-12c1-8b2b-cb13-36db651cbead,2,2026-08-03,address,Templeton,Springfield,Never Married,Never Married
42236b9d-cb2d-1d13-cde8-4b6dbed3e3ea,2,2026-08-03,marital,Revere,Revere,Never Married,Divorced
422e5a97-5434-6034-56f4-05b687a8e5f4,2,2026-08-03,both,Everett,New Bedford,Married,Widowed
422ea8ff-e476-774f-1320-94f3e09986d4,2,2026-08-03,address,Taunton,New Bedford,Married,Married
4235329e-ab27-59a2-c3f4-edbb43f1df02,2,2026-08-03,address,Swansea,New Bedford,Never Married,Never Married
425f812e-8794-89a9-41a3-a13ff108d79f,2,2026-08-03,address,North Scituate,New Bedford,Never Married,Never Married
426fa8af-9d71-f623-8267-9cc527cab942,2,2026-08-03,marital,Revere,Revere,Never Married,Divorced
427da3ba-6c14-85d2-d091-28d8d9763641,2,2026-08-03,address,Pembroke,Springfield,Divorced,Divorced
42855a12-3192-3333-6999-60a4dbaeab16,2,2026-08-03,marital,New Bedford,New Bedford,Never Married,Divorced
42dfed6e-54d9-db70-e600-bdbb9a5ff613,2,2026-08-03,both,Lexington,Springfield,Never Married,Widowed
42e9effc-af8d-76d4-a1c8-a43dd669a39d,2,2026-08-03,both,East Longmeadow,Worcester,Married,Widowed
431ba776-566d-079d-3d1c-515124ec1ed2,2,2026-08-03,marital,Boston,Boston,Never Married,Divorced
43237142-9299-8455-269f-e2232ade4868,2,2026-08-03,both,Randolph,Worcester,Never Married,Widowed
432bcab2-8e5a-6151-ce44-e5456d8cffd3,2,2026-08-03,both,Hingham,New Bedford,Never Married,Widowed
4380b7a7-44b2-e88e-52d1-1dd7ad846ba4,2,2026-08-03,marital,North Attleborough,North Attleborough,Never Married,Divorced
43a15d4b-8e03-3725-6462-54300cad6994,2,2026-08-03,both,Fall River,Springfield,Never Married,Widowed
441cca6d-9a0b-15bd-6613-ca08fd9405e1,2,2026-08-03,address,Scituate,Lowell,Married,Married
4434616d-d241-f8bc-c4c4-6d7ad8ff15c7,2,2026-08-03,both,Walpole,Springfield,Married,Widowed
4445d8ab-e7b4-0376-5d59-691119c4c3f4,2,2026-08-03,both,Whitman,Worcester,Never Married,Widowed
446f807d-06aa-b657-f89d-c606d9f04d37,2,2026-08-03,marital,Raynham,Raynham,Never Married,Divorced
4480d770-8895-c7c3-20c5-3247566cf07f,2,2026-08-03,marital,Billerica,Billerica,Never Married,Divorced
44813286-6856-480c-2c84-80850f948e85,2,2026-08-03,both,Pittsfield,Worcester,Never Married,Widowed
44a072db-173c-863f-16a8-fa91440c7af7,2,2026-08-03,both,Haverhill,Quincy,Never Married,Widowed
44af92a5-f5e5-465c-f19c-ab41f4715b9a,2,2026-08-03,both,Randolph,Springfield,Married,Widowed
4548559e-e456-6953-9088-463d572a418a,2,2026-08-03,address,Revere,Worcester,Married,Married
4552e7fd-d8db-5467-cce1-b653c38f1d64,2,2026-08-03,address,Taunton,Quincy,Never Married,Never Married
45e0e7c7-dd34-c22c-bce2-bd7863e409ee,2,2026-08-03,both,Plymouth,Lowell,Married,Widowed
45f4544c-b6bd-0255-9fab-1ee5e195373c,2,2026-08-03,both,Lexington,Lowell,Married,Widowed
45f5ec3a-c964-6ddf-e5c2-0743d6e77b76,2,2026-08-03,marital,Hudson,Hudson,Married,Divorced
4620705f-2b54-c35d-891a-a2589f88d2d8,2,2026-08-03,both,Chelmsford,Lowell,Married,Widowed
46b2661e-eedb-3364-90fc-03b7ec7db3a1,2,2026-08-03,both,Boston,New Bedford,Never Married,Widowed
46c2abc4-109d-5f2d-f39c-fbfc590afa2b,2,2026-08-03,address,New Bedford,New Bedford,Married,Married
470d4eb0-7cfc-e480-c48a-bbde5ad10d2b,2,2026-08-03,address,Forestdale,Springfield,Never Married,Never Married
475fdccc-6a79-96ee-4979-32bc8645ca8f,2,2026-08-03,both,Watertown,Lowell,Divorced,Widowed
476d0daa-92cd-6458-1e47-2fdf625469af,2,2026-08-03,address,Lancaster,Springfield,Never Married,Never Married
47fe0250-b430-e3ef-9b48-7fb23c8966e9,2,2026-08-03,both,Lakeville,New Bedford,Married,Widowed
4810c149-b5a9-fffe-69ba-ab5370e1f70c,2,2026-08-03,marital,Ashland,Ashland,Never Married,Divorced
48419b27-568a-ccbf-35f2-28ec5eedf62b,2,2026-08-03,address,Southbridge,Springfield,Married,Married
4843b730-8f65-7d6c-3af7-653cb5e21362,2,2026-08-03,marital,Agawam,Agawam,Never Married,Divorced
485959b4-6fe5-7c43-7f6d-1d71a586040e,2,2026-08-03,address,Belmont,New Bedford,Never Married,Never Married
48784a62-22e1-be10-1466-fca8bef453ae,2,2026-08-03,marital,Newton,Newton,Married,Divorced
48a0bf0f-088c-95e2-63b6-742094957f85,2,2026-08-03,both,Arlington,New Bedford,Never Married,Widowed
494feebb-b90b-d944-ca96-540b0a10196f,2,2026-08-03,both,South Hadley,Quincy,Never Married,Widowed
497dc39f-330a-f057-be28-d737bb4b91ac,2,2026-08-03,marital,Agawam,Agawam,Married,Divorced
499dd324-9bd9-2f0d-5b23-868e44ba89cc,2,2026-08-03,address,Norfolk,Quincy,Married,Married
49df1523-1e63-d897-30df-28e69d233f28,2,2026-08-03,address,Quincy,Lowell,Never Married,Never Married
49e92a05-9273-17c6-b9a9-baded42e6e43,2,2026-08-03,marital,Swampscott,Swampscott,Never Married,Divorced
4a97abdd-d5eb-75ac-3b76-747536b6589a,2,2026-08-03,both,Springfield,Quincy,Never Married,Widowed
4ac387f5-65b5-47c8-4cfb-2e51a69fad78,2,2026-08-03,both,Newton,Quincy,Married,Widowed
4ae99c23-2b60-0862-8eaa-c0a472d26690,2,2026-08-03,address,Framingham,New Bedford,Never Married,Never Married
4af8a291-082e-e859-15b2-1bbd0b08cbf1,2,2026-08-03,address,Peabody,Worcester,Married,Married
4b29fd98-0018-47bf-759e-9e440c0f5020,2,2026-08-03,both,Taunton,New Bedford,Never Married,Widowed
4b2ff25d-242c-e6e0-1e38-f777789e7fed,2,2026-08-03,marital,New Bedford,New Bedford,Never Married,Divorced
4b38c2df-7e49-4558-fdc7-2943c46a29ca,2,2026-08-03,marital,Concord,Concord,Married,Divorced
4b413c37-fde0-6f33-db71-77ea62f50b75,2,2026-08-03,both,Amherst,Springfield,Never Married,Widowed
4b8af6a1-2e6b-d392-e9a9-ede20d97076b,2,2026-08-03,address,Swansea,Springfield,Never Married,Never Married
4ba1b647-efcf-306e-bcc0-2485cae38849,2,2026-08-03,address,Peabody,Worcester,Widowed,Widowed
4bf111e9-0b78-704f-39c2-01d5b8bd6cbf,2,2026-08-03,marital,Shirley,Shirley,Never Married,Divorced
4bfe134b-e422-3ef4-bba0-d41e216db4ee,2,2026-08-03,address,Sandwich,Worcester,Married,Married
4c34e170-1a46-db41-55c6-3867819381cc,2,2026-08-03,address,Boston,Springfield,Never Married,Never Married
4c46bda0-aaa5-eb3b-5843-e1538143e184,2,2026-08-03,both,East Bridgewater,Worcester,Never Married,Widowed
4c497479-8233-243c-b878-3cbfc1e35850,2,2026-08-03,both,Lynn,New Bedford,Never Married,Widowed
4c6c29b1-e16c-e4b4-1697-879f15c3cb2b,2,2026-08-03,address,Westborough,Worcester,Never Married,Never Married
4cb81cdf-f17a-eeea-2e9d-5e633d2ff210,2,2026-08-03,both,Gloucester,New Bedford,Married,Widowed
4cc3a895-a79b-af26-068f-872521fc25ac,2,2026-08-03,address,Milford,New Bedford,Never Married,Never Married
4cf5885f-437f-1faa-538a-724c097619af,2,2026-08-03,both,Boston,New Bedford,Married,Widowed
4d12df9b-7345-6a90-9694-02214262b93c,2,2026-08-03,marital,Taunton,Taunton,Married,Divorced
4d1c6628-d288-78e8-3c44-778d4c3c6f09,2,2026-08-03,address,Fall River,Worcester,Never Married,Never Married
4d3bfe7b-7836-78b7-395c-f514dc098a7c,2,2026-08-03,marital,Chicopee,Chicopee,Never Married,Divorced
4d7d92ba-230d-6662-5072-dda54751a560,2,2026-08-03,both,Granby,Springfield,Married,Widowed
4d7fc977-fb88-fd11-ff54-119111832b80,2,2026-08-03,marital,Winchendon,Winchendon,Never Married,Divorced
4da37c18-6f8a-1ed5-2453-ecc093b0d0ed,2,2026-08-03,marital,Whitman,Whitman,Never Married,Divorced
4db8ff58-9edb-2da7-cca8-ce46a3b6ee54,2,2026-08-03,address,Harvard,Springfield,Never Married,Never Married
4e45e5b9-7a19-21c8-dee3-d48eb2ee933c,2,2026-08-03,address,Melrose,Worcester,Married,Married
4e4e77af-139f-0564-f513-bb7d08eea780,2,2026-08-03,both,Somerville,Worcester,Never Married,Widowed
4e6d5fe6-4711-1430-12e2-3d8f1ebbb4c1,2,2026-08-03,both,Duxbury,Worcester,Never Married,Widowed
4e7bd264-1395-7dd7-d09b-a0742c7d6d60,2,2026-08-03,address,Middleborough,Springfield,Married,Married
4e95d3bb-8f5a-6409-555b-d3440403dda3,2,2026-08-03,address,Scituate,New Bedford,Divorced,Divorced
4edd8cc0-6e34-1e0f-f228-118879da72a9,2,2026-08-03,address,Pittsfield,New Bedford,Married,Married
4f613c5f-1dbc-42c6-fe05-75fc89bddf85,2,2026-08-03,address,North Andover,Springfield,Never Married,Never Married
4f661af3-bc19-2b65-d698-22e351decb45,2,2026-08-03,both,Westport,Quincy,Married,Widowed
4f6a4f5c-a200-d3cd-fab0-abd9075719ab,2,2026-08-03,both,Longmeadow,Worcester,Married,Widowed
4f705997-c7f2-98dd-a41d-608e3bd15628,2,2026-08-03,marital,Franklin,Franklin,Never Married,Divorced
4f9644ce-441f-bc1c-90a5-37e9b48e6caa,2,2026-08-03,address,Springfield,Lowell,Never Married,Never Married
4fa56d40-ff3b-79f5-5b6f-7438953e5f13,2,2026-08-03,marital,Dennis Port,Dennis Port,Divorced,Widowed
4fb4a4df-2d66-8a14-27fc-a7c4c156d1fb,2,2026-08-03,both,Billerica,Quincy,Married,Widowed
4fc33a21-10aa-a118-175e-5ca454c158fd,2,2026-08-03,both,Marblehead,Worcester,Never Married,Widowed
502e2943-a0f2-d6a7-abb6-25e3a825117e,2,2026-08-03,marital,Norton,Norton,Never Married,Divorced
506100a1-6d17-01d8-58a5-09e41fa8f0f5,2,2026-08-03,marital,Norwell,Norwell,Never Married,Divorced
509cd54d-fc53-1992-bdc8-b6f8c43df869,2,2026-08-03,marital,Wrentham,Wrentham,Married,Divorced
50ac017b-906b-300b-f45e-db2f3e902665,2,2026-08-03,address,Barnstable,Worcester,Divorced,Divorced
50b0fcc4-dce2-60b7-bb96-22c11ef1ebeb,2,2026-08-03,marital,Groton,Groton,Never Married,Divorced
51333f5c-278e-8408-e21f-564ef53fd3c1,2,2026-08-03,address,Boston,Springfield,Never Married,Never Married
515559b2-c1c9-dccb-862b-a8fab24be3f9,2,2026-08-03,address,Springfield,New Bedford,Never Married,Never Married
518b4380-d8f3-8a28-2c8c-ffb5c3da04f6,2,2026-08-03,address,Ashland,New Bedford,Never Married,Never Married
51c7f591-a55d-17c7-ad78-6021541dd87c,2,2026-08-03,marital,Millville,Millville,Never Married,Divorced
5211de3b-b1f2-de79-1d60-33ba241c009b,2,2026-08-03,both,Needham,Worcester,Married,Widowed
5249d53f-663a-8c84-d5d7-e14a98817cc2,2,2026-08-03,marital,Boston,Boston,Married,Divorced
524da400-495c-4e2c-1667-2a747930219f,2,2026-08-03,both,Medway,Worcester,Never Married,Widowed
524dc60c-6ac0-d392-3708-81aa82ee8a00,2,2026-08-03,address,Woburn,Springfield,Never Married,Never Married
52958e8c-1dcd-32ff-54b4-1085ec97d003,2,2026-08-03,address,Cambridge,Lowell,Never Married,Never Married
52c53322-cf8f-ada8-0b86-601c4cc2368c,2,2026-08-03,address,Chelmsford,Lowell,Married,Married
52d2bc43-0d55-2291-b24c-891b03af379e,2,2026-08-03,both,Boston,Lowell,Never Married,Widowed
52d449af-37c8-ed85-f0c9-c5de97d0ce35,2,2026-08-03,marital,Winchester,Winchester,Divorced,Widowed
5338b010-8fa3-c803-d63f-7334ff76a7d4,2,2026-08-03,address,Chicopee,Springfield,Divorced,Divorced
533f1b21-8c2b-d75a-8cbf-21ad94e00607,2,2026-08-03,address,Oxford,Springfield,Never Married,Never Married
534dadae-de1c-911f-7e88-991bbd8129e6,2,2026-08-03,both,Bourne,Worcester,Married,Widowed
539e1ba4-2e60-1545-469b-548f3aa70b2d,2,2026-08-03,address,Boston,Worcester,Married,Married
54607066-7da3-1908-7b36-61a2047cc1cc,2,2026-08-03,both,Pembroke,Lowell,Married,Widowed
549cd1d2-5bdf-e64c-2648-1fb1b394b7f8,2,2026-08-03,address,Plainfield,Springfield,Married,Married
54b84e1c-ba33-3b32-ae91-0dc59feaf161,2,2026-08-03,both,Braintree,Worcester,Never Married,Widowed
54bada99-3f6b-c562-cdfe-b7b5dd737484,2,2026-08-03,both,New Bedford,Worcester,Never Married,Widowed
54d6ceaf-3ef7-ac64-00ca-6ebc3640c53b,2,2026-08-03,both,Northborough,New Bedford,Divorced,Widowed
55576417-9a01-ec85-40a8-fcd60fec76de,2,2026-08-03,address,Winchester,Quincy,Never Married,Never Married
55c9857c-312f-ae5c-4e1b-54d765539ba3,2,2026-08-03,address,Pepperell,Quincy,Never Married,Never Married
55e66130-c02f-8951-3207-0afdb89eaccb,2,2026-08-03,address,Sutton,Worcester,Never Married,Never Married
5611ee23-4d70-304f-0996-7c1329ff8053,2,2026-08-03,address,Ludlow,New Bedford,Married,Married
5656257b-ca7c-f253-f3d0-56ffda608779,2,2026-08-03,marital,Marlborough,Marlborough,Never Married,Divorced
568b84c7-bae6-6e44-5b27-ce39595fff80,2,2026-08-03,marital,Raynham,Raynham,Married,Divorced
5699748d-cf2a-8a91-baa4-ad3f021b208a,2,2026-08-03,address,Gloucester,New Bedford,Married,Married
56f42673-5a4f-cdb4-cbd6-26011bc89036,2,2026-08-03,address,Salisbury,New Bedford,Widowed,Widowed
571542c2-3295-d0f7-6775-0e1b9b83eb23,2,2026-08-03,address,Westport,Worcester,Married,Married
5759658d-ab94-9caf-aeb1-0e54f0cd341f,2,2026-08-03,marital,Boston,Boston,Married,Divorced
577a0ae8-8e06-695d-f01e-1811b1dc6d9f,2,2026-08-03,address,Medford,Worcester,Married,Married
57c85f9b-d6cb-0e76-496c-581f1fa43404,2,2026-08-03,both,Wilmington,Worcester,Married,Widowed
57e8e644-cbcc-a435-9151-a3387ba08e37,2,2026-08-03,both,Southbridge,New Bedford,Never Married,Widowed
57f82580-0fc2-d276-3ff7-95fdfe576bf8,2,2026-08-03,address,Sturbridge,Quincy,Never Married,Never Married
5837c0ef-44b3-ff06-dcda-3615e1b55225,2,2026-08-03,address,Truro,Quincy,Married,Married
583fd695-fdeb-adb8-76bc-8f1d47d75a7d,2,2026-08-03,marital,Boston,Boston,Married,Divorced
5889486d-4d9b-945d-599c-506c51004b06,2,2026-08-03,address,Amherst,New Bedford,Never Married,Never Married
58e36fd2-387c-7627-7927-6dbadebfe0fa,2,2026-08-03,marital,Ludlow,Ludlow,Never Married,Divorced
58fb2d83-dbbd-5707-32f4-b279ef0eeddb,2,2026-08-03,address,Amesbury,Worcester,Divorced,Divorced
59236e00-bfa9-0219-4947-cf385ed34b41,2,2026-08-03,both,Milford,New Bedford,Never Married,Widowed
593e5282-1569-d0ac-ef14-b23dd5e3ed17,2,2026-08-03,address,Acton,Worcester,Married,Married
596e84f7-3b4d-68bd-62af-1d8a8b357f58,2,2026-08-03,marital,Bedford,Bedford,Never Married,Divorced
597a108b-6c2a-f5ff-0896-f2c88ff4e9a3,2,2026-08-03,marital,Holliston,Holliston,Never Married,Divorced
597e95c7-2946-099e-01d0-c1f16d5179b8,2,2026-08-03,address,Pepperell,Lowell,Married,Married
599486dc-f95d-10c9-6066-a9ac01728f38,2,2026-08-03,marital,Hopkinton,Hopkinton,Never Married,Divorced
59d3eb04-cbfe-8dba-c4ca-57000ac62910,2,2026-08-03,marital,Marlborough,Marlborough,Married,Divorced
59f7850e-399e-350f-96e5-9a001937d00c,2,2026-08-03,marital,Melrose,Melrose,Married,Divorced
5a01ca47-1a89-1759-2bde-ecb91dea18c0,2,2026-08-03,marital,South Hadley,South Hadley,Never Married,Divorced
5a06bad5-4852-cf1a-9006-e4af87660001,2,2026-08-03,both,Peabody,Worcester,Married,Widowed
5a2721ac-a204-e185-abdb-8ad989997378,2,2026-08-03,address,Salisbury,Worcester,Never Married,Never Married
5a864b19-8c0e-cb99-996c-3cf5a8ca99e3,2,2026-08-03,address,Wayland,Springfield,Never Married,Never Married
5a8a93b9-0260-4366-8f13-243337ba894f,2,2026-08-03,marital,Shirley,Shirley,Married,Divorced
5aa893ad-582e-300a-1f06-107ed4d911e9,2,2026-08-03,address,Taunton,Springfield,Never Married,Never Married
5acb1bcd-e8d2-e698-6179-4f5dc2461a20,2,2026-08-03,address,Chelmsford,Lowell,Married,Married
5b20ccdf-d3f2-740f-3045-39bf89a2591c,2,2026-08-03,marital,Hanover,Hanover,Divorced,Widowed
5b7444e1-58cc-ab4c-bf5b-500b52938bf4,2,2026-08-03,both,Brockton,New Bedford,Never Married,Widowed
5b9c1588-a2cd-1072-7af0-efdb80e88324,2,2026-08-03,both,Boston,New Bedford,Married,Widowed
5bbdb5e1-daba-f1dc-91ff-5a1369da3855,2,2026-08-03,address,Milford,New Bedford,Married,Married
5be1ea2c-7a2c-1261-d4a8-c2639f8cdbbb,2,2026-08-03,both,Dighton,Springfield,Never Married,Widowed
5c23e74f-07e4-e958-88d7-a17998dc8c60,2,2026-08-03,marital,Rockport,Rockport,Never Married,Divorced
5c81b189-37ab-738d-2019-40a23344235c,2,2026-08-03,address,Southbridge,Springfield,Never Married,Never Married
5ca081e0-59b6-e40b-395a-e6fee8166a60,2,2026-08-03,both,Danvers,Lowell,Never Married,Widowed
5ca55d8a-6479-4347-8329-e28fd16127e9,2,2026-08-03,address,Boston,Worcester,Married,Married
5cb08287-c72c-880e-806d-a35f2e349f10,2,2026-08-03,marital,Northborough,Northborough,Never Married,Divorced
5cb28427-d05f-c5e0-7ac0-cc43a12885e7,2,2026-08-03,both,North Andover,New Bedford,Married,Widowed
5cc3aed9-1041-abf9-f51c-8cdc8e114076,2,2026-08-03,address,Georgetown,Springfield,Never Married,Never Married
5cd91479-6494-3f00-976e-9894759cd384,2,2026-08-03,marital,Lawrence,Lawrence,Married,Divorced
5cdaf4e0-83f8-aebc-629c-1a37a5107ba6,2,2026-08-03,address,Carver,Quincy,Never Married,Never Married
5cfaa5a9-9a3f-2d66-bca5-1b36b3279dcd,2,2026-08-03,both,Wakefield,Quincy,Married,Widowed
5dc437c9-492c-c3fb-b02b-f29f85edbd03,2,2026-08-03,both,Cambridge,Lowell,Married,Widowed
5e34db2c-af3d-a31c-548b-1b5b7b0c4414,2,2026-08-03,both,Bourne,Quincy,Never Married,Widowed
5e4e5b89-da94-5441-287a-2e735e6f0f60,2,2026-08-03,address,Boston,Lowell,Married,Married
5e97e3dd-0b71-f9d3-d203-4b399df89850,2,2026-08-03,both,Peabody,Quincy,Divorced,Widowed
5eb8f120-b7bd-fde4-c252-b1a452ca96c0,2,2026-08-03,marital,Auburn,Auburn,Married,Divorced
5edd7412-ea68-168b-e9d9-86b7bbdb9d5f,2,2026-08-03,both,Brookline,New Bedford,Married,Widowed
5ef025f0-c262-49a2-ea60-92140ebdad52,2,2026-08-03,address,Springfield,New Bedford,Married,Married
5f437d29-ab0a-cec7-959b-5e016ef3312a,2,2026-08-03,marital,Hudson,Hudson,Married,Divorced
5faf2b24-e628-4033-261f-ec7a12fc2343,2,2026-08-03,marital,Marblehead,Marblehead,Never Married,Divorced
5fbe87d5-cd51-3c66-7455-9e87ae9bacca,2,2026-08-03,both,Duxbury,Quincy,Married,Widowed
5fcbd4dc-6189-4068-2690-96b240992c53,2,2026-08-03,marital,Westminster,Westminster,Never Married,Divorced
5fcc8992-0612-5872-dd5c-47da9e636be6,2,2026-08-03,marital,Plymouth,Plymouth,Married,Divorced
5fef24d2-a491-b209-a6a5-13b45c642651,2,2026-08-03,address,Woburn,Quincy,Never Married,Never Married
601304fa-cedb-5d1f-bad7-aa5d1f78ddca,2,2026-08-03,marital,Duxbury,Duxbury,Married,Divorced
601f921d-ba79-cc83-3151-f6bca6417161,2,2026-08-03,marital,Plymouth,Plymouth,Never Married,Divorced
6024eb3b-cdb0-1e14-dd2b-b0f618d99b08,2,2026-08-03,both,Bellingham,Lowell,Married,Widowed
602cce64-ddce-4d9d-68a5-94f0a35f6bb8,2,2026-08-03,marital,Yarmouth,Yarmouth,Married,Divorced
60686e16-4d0a-6da6-bc82-a7849a712700,2,2026-08-03,both,Tewksbury,Lowell,Never Married,Widowed
609ab002-99f4-568c-88af-71ab262c1e8b,2,2026-08-03,marital,Worcester,Worcester,Never Married,Divorced
612f58e6-d771-0fc0-71ea-f8744029a4d1,2,2026-08-03,marital,Ipswich,Ipswich,Married,Divorced
6201297d-bec4-e7ef-929d-d6d4f9473734,2,2026-08-03,both,Harwich,Quincy,Never Married,Widowed
62a7a9bd-83aa-23e5-3d08-fbf8a673daad,2,2026-08-03,both,Salisbury,Springfield,Never Married,Widowed
62b8c5f2-d1b2-c830-476f-c4eac2007ced,2,2026-08-03,marital,New Braintree,New Braintree,Married,Divorced
63104cee-362f-0173-c26f-924ec4c761ba,2,2026-08-03,both,Plymouth,Quincy,Married,Widowed
637515d5-a806-de02-f5aa-f123dc8d3ad9,2,2026-08-03,both,Northampton,Worcester,Married,Widowed
637c6382-6f4b-8f61-0414-6166cd0a2ae7,2,2026-08-03,both,Scituate,New Bedford,Married,Widowed
63e4c286-f5ae-acdd-16fe-b6394d2784c2,2,2026-08-03,address,Dartmouth,Lowell,Married,Married
6406f494-e46e-1f90-9dae-48a022a82f6a,2,2026-08-03,marital,Hinsdale,Hinsdale,Divorced,Widowed
6442bbb6-6992-d257-7ab6-fdee03ac5029,2,2026-08-03,marital,Petersham,Petersham,Married,Divorced
647bd0c0-5c31-14d0-2fd8-b539d2c45cef,2,2026-08-03,address,Boston,Quincy,Married,Married
648c7548-05be-098a-f2e7-6c10694cea36,2,2026-08-03,both,Salem,Worcester,Married,Widowed
64c8e788-42f6-14ae-a913-b2cf3a9412f1,2,2026-08-03,both,Cambridge,Quincy,Never Married,Widowed
64ffb060-28ba-39f2-e210-c4072049f8fc,2,2026-08-03,both,Natick,Springfield,Never Married,Widowed
6508ffb4-f637-f120-4a28-d40e4bdc4f98,2,2026-08-03,marital,Holbrook,Holbrook,Never Married,Divorced
6514975f-b479-f561-6b4b-c9cbf7cdda85,2,2026-08-03,both,Billerica,Quincy,Never Married,Widowed
65394133-d008-1dd3-7f6f-043d8b3311d1,2,2026-08-03,address,Holyoke,Worcester,Never Married,Never Married
6554e6d1-c4f1-5b44-bc7d-3596d67f0c3d,2,2026-08-03,address,Bridgewater,New Bedford,Divorced,Divorced
6573c638-7245-df4e-dc9a-717ae8bf3c5b,2,2026-08-03,both,Lowell,Springfield,Married,Widowed
6577f99f-ec1d-bd47-56df-97c87d0c8557,2,2026-08-03,marital,Springfield,Springfield,Never Married,Divorced
658dacb7-ee90-864a-ba28-2da3e1517058,2,2026-08-03,both,New Ashford,Quincy,Married,Widowed
65c11c11-2f4c-66a4-ffb5-e2504be85636,2,2026-08-03,address,Northborough,Worcester,Married,Married
65dfe508-8bd9-9579-10f7-f911eaa5d2fe,2,2026-08-03,both,Chicopee,Lowell,Never Married,Widowed
66164906-b896-ba12-46c2-5364851d963d,2,2026-08-03,address,Woburn,Quincy,Married,Married
664fca4a-2cd3-8161-21f7-f25256a9965f,2,2026-08-03,both,Sharon,New Bedford,Never Married,Widowed
66548590-89ca-1cbb-7f33-0eb5150292f6,2,2026-08-03,marital,Westminster,Westminster,Never Married,Divorced
66620d16-d6fc-e952-33d0-7c59843e3f20,2,2026-08-03,marital,Sandwich,Sandwich,Never Married,Divorced
66828e0c-6640-2dff-66dc-9ab46c04c04c,2,2026-08-03,both,Newburyport,Lowell,Married,Widowed
66e7547f-2765-cbbb-93a3-94c257899932,2,2026-08-03,both,Wilmington,Quincy,Never Married,Widowed
66e7aea7-1a43-452d-9968-d185aee79a25,2,2026-08-03,marital,Melrose,Melrose,Never Married,Divorced
6706bfd0-dc93-4383-ac9b-28ba71dd1732,2,2026-08-03,marital,Scituate,Scituate,Married,Divorced
6732be11-f37b-41dc-19f5-42373a6ee2e1,2,2026-08-03,address,Worcester,Quincy,Never Married,Never Married
67b223a0-5d5a-c2e1-5639-c94fbba85c11,2,2026-08-03,both,Boston,Lowell,Married,Widowed
67cf5b73-0545-8b38-24e7-d6daf2cfc0bd,2,2026-08-03,address,Scituate,Lowell,Married,Married
67d5c21f-e842-69b9-21a0-6c85c717ac88,2,2026-08-03,address,Quincy,Worcester,Married,Married
67daf28e-9d37-a957-2121-03ba2b3fbbec,2,2026-08-03,marital,Plymouth,Plymouth,Married,Divorced
67ec78fe-739c-a86b-4cee-85e41d315d16,2,2026-08-03,marital,West Springfield,West Springfield,Married,Divorced
6822a341-4486-6f6e-364f-6f71b0824841,2,2026-08-03,address,Leominster,Lowell,Married,Married
6875ffe9-a39f-bffc-2874-aabd61309574,2,2026-08-03,both,Springfield,Springfield,Never Married,Widowed
68d11864-632e-2350-b0ae-0a022d9f99c4,2,2026-08-03,marital,Worcester,Worcester,Married,Divorced
68f9eea2-7843-2965-3854-ed3196f4537f,2,2026-08-03,both,Danvers,Worcester,Divorced,Widowed
6987cc14-b2d7-7c56-6e86-b56d81d05383,2,2026-08-03,marital,Marshfield Hills,Marshfield Hills,Never Married,Divorced
698bbb55-770d-3b75-df56-3f30ddad2f01,2,2026-08-03,marital,Cordaville,Cordaville,Never Married,Divorced
69a700bc-7c23-04e5-1bf4-f6ed3687e97b,2,2026-08-03,address,Worcester,Worcester,Married,Married
69e764a6-c79f-dd8b-a04f-bfd9592c73ec,2,2026-08-03,marital,Boston,Boston,Married,Divorced
69fadbb0-7512-ea0f-6bc7-824fce540502,2,2026-08-03,both,Brookline,New Bedford,Never Married,Widowed
6a3b70d4-c129-6582-e03b-62593b5c3e2b,2,2026-08-03,both,Mendon,Worcester,Married,Widowed
6a6325c7-0dc1-6b02-3297-bf3d8a3a30cd,2,2026-08-03,both,West Yarmouth,Springfield,Married,Widowed
6a920433-f420-3a44-1dcb-79b6fce94ef2,2,2026-08-03,address,Springfield,Worcester,Divorced,Divorced
6ac23d40-92ec-a72b-a8f9-17d427d0e248,2,2026-08-03,marital,Boston,Boston,Married,Divorced
6b6f6486-74fe-013f-337c-ed125ae6fd63,2,2026-08-03,marital,Quincy,Quincy,Married,Divorced
6b7c4120-037d-90d7-27e9-d3c1de37cbe1,2,2026-08-03,both,Lexington,Worcester,Never Married,Widowed
6bb7b401-473c-cbf8-bf5d-e06989f8b05c,2,2026-08-03,both,Boston,Lowell,Never Married,Widowed
6bc2cb46-2649-2af2-7025-eb89d7c462a8,2,2026-08-03,address,Cambridge,Worcester,Married,Married
6c1b9363-f5c4-a988-823c-26b75d461f9c,2,2026-08-03,address,Lowell,New Bedford,Married,Married
6c305886-b7e4-e100-ca14-5bb3721aa24c,2,2026-08-03,address,Brookline,Worcester,Never Married,Never Married
6c3b3d37-f404-be81-ab16-667dc05d9c3b,2,2026-08-03,address,Boston,Springfield,Never Married,Never Married
6cf55ae8-9cfc-82ad-7142-dc5030868ae2,2,2026-08-03,both,Boston,Quincy,Never Married,Widowed
6d02b13a-ca34-1a5a-b4b2-3c9819fa085f,2,2026-08-03,both,Gloucester,Springfield,Never Married,Widowed
6d1058f2-81b0-9eb0-7e68-0df92bfab521,2,2026-08-03,marital,Pittsfield,Pittsfield,Never Married,Divorced
6d43c633-3b38-b899-2b30-9145cbf83a0f,2,2026-08-03,marital,Everett,Everett,Married,Divorced
6d4c6109-4925-a13c-8cc7-01273d897313,2,2026-08-03,both,Andover,Quincy,Married,Widowed
6d542237-6531-0913-d8fe-716e7ce1c584,2,2026-08-03,address,Falmouth,Springfield,Divorced,Divorced
6d6153b3-bb56-b1a9-5d00-6c92b0c67cbc,2,2026-08-03,both,Barnstable,Lowell,Married,Widowed
6d709790-8c3c-6c60-5954-534e4c6adecf,2,2026-08-03,both,Salem,New Bedford,Never Married,Widowed
6d7f73b5-5241-ea6b-3ac0-3002f60b0216,2,2026-08-03,marital,Shirley,Shirley,Divorced,Widowed
6d827fb3-1d11-8a44-42d1-6635ff1d963d,2,2026-08-03,marital,Acushnet,Acushnet,Married,Divorced
6dafc002-fde8-4431-ec8b-812efb38a5d0,2,2026-08-03,address,Weymouth,Springfield,Married,Married
6de4aa4f-a72b-55a9-ab4b-8a29f2754e0b,2,2026-08-03,address,Dedham,Quincy,Married,Married
6e01d6ae-de28-f919-ff98-cdc46ca24a5b,2,2026-08-03,marital,Agawam,Agawam,Never Married,Divorced
6e397e30-e09e-4932-471c-c9f12414d11b,2,2026-08-03,marital,Cordaville,Cordaville,Never Married,Divorced
6e48d4cb-82f6-61b7-1532-098441822107,2,2026-08-03,both,Billerica,Quincy,Married,Widowed
6e559a9d-133f-4f35-922f-c072b043343d,2,2026-08-03,both,Waltham,Lowell,Married,Widowed
6ea91589-4574-f90d-67df-13b801c8c87e,2,2026-08-03,marital,Falmouth,Falmouth,Never Married,Divorced
6eaac69d-3838-5af4-6970-606af9a74b4f,2,2026-08-03,marital,Worcester,Worcester,Never Married,Divorced
6eb1e63d-14c8-7b94-ab9e-3f40d93901b7,2,2026-08-03,marital,Easthampton,Easthampton,Never Married,Divorced
6f1c6cb1-076f-08ba-b235-84018f47a53a,2,2026-08-03,both,Easton,Lowell,Married,Widowed
6f4a44f6-2e9c-3e4f-2fc1-b803898af687,2,2026-08-03,both,Southbridge,Springfield,Married,Widowed
6f5cce09-787d-88d0-fbf9-81b9bcc7270a,2,2026-08-03,marital,Boston,Boston,Married,Divorced
6f767669-24cd-6394-fd2e-89aa0c466d9f,2,2026-08-03,marital,Arlington,Arlington,Married,Divorced
6fb1b3a2-b675-3c2a-b0dd-42e1b882d837,2,2026-08-03,both,Erving,Lowell,Never Married,Widowed
6ff19bf9-73fb-7f4d-fc19-3d3672f856d1,2,2026-08-03,marital,Gloucester,Gloucester,Never Married,Divorced
6fffd1d3-9d93-7f3b-c445-7eb799867cb5,2,2026-08-03,address,Framingham,Quincy,Married,Married
701a7073-2a12-de5e-de8f-f67a709e6f5d,2,2026-08-03,address,Rehoboth,Quincy,Widowed,Widowed
708b320f-fc1b-f9d8-c741-709d59738c8a,2,2026-08-03,both,Westfield,New Bedford,Married,Widowed
709d7f27-aa88-e883-2a53-1ac6d928713b,2,2026-08-03,both,Norwood,New Bedford,Married,Widowed
70b8bb3b-cffc-0fcb-5765-0d961f85f846,2,2026-08-03,marital,North Andover,North Andover,Never Married,Divorced
70c471ed-e412-afd7-f951-ac15f14a4126,2,2026-08-03,address,Randolph,Springfield,Never Married,Never Married
70e030d8-6ce4-d78d-8865-013e51192efa,2,2026-08-03,address,Millbury,Lowell,Never Married,Never Married
7128fdce-b431-a55e-2e02-840b64c09ffe,2,2026-08-03,marital,Chelsea,Chelsea,Never Married,Divorced
71435bc7-5fc3-6a52-502e-e67bb4795bb7,2,2026-08-03,marital,Worcester,Worcester,Married,Divorced
7161ea53-2ff2-4999-9b11-0398d5407d18,2,2026-08-03,both,Whitman,Lowell,Never Married,Widowed
717ca396-3655-f298-0ba9-23b36893a3ee,2,2026-08-03,address,Boston,Springfield,Divorced,Divorced
719af0b1-b380-6ef8-e5e8-79b5f5ab233a,2,2026-08-03,both,Northbridge,Worcester,Married,Widowed
71aefc83-46d3-e075-bb8e-e9d4ac047826,2,2026-08-03,both,Westfield,Worcester,Married,Widowed
71d6e03f-8821-baf8-ccc4-3ad50779db02,2,2026-08-03,address,New Bedford,Worcester,Never Married,Never Married
71fc624a-b5e3-2b41-72ac-85816026603c,2,2026-08-03,both,Methuen,New Bedford,Married,Widowed
72077cce-a27b-8148-f6af-9295e4380ec3,2,2026-08-03,marital,Freetown,Freetown,Never Married,Divorced
720ffc8e-8e61-8e63-4910-1e6fb126ac8f,2,2026-08-03,marital,Everett,Everett,Never Married,Divorced
7230d085-4150-157a-3aff-3c39e6bdd798,2,2026-08-03,marital,Raynham,Raynham,Married,Divorced
7236acce-16ca-59c8-471c-a3a0a262591b,2,2026-08-03,address,Braintree,Worcester,Never Married,Never Married
72701e42-0049-5af6-36e6-1e410c6efac1,2,2026-08-03,marital,Sutton,Sutton,Divorced,Widowed
72ce4289-fe60-9028-12be-4ba613b8dbf5,2,2026-08-03,both,Acton,New Bedford,Never Married,Widowed
734a872c-9bc1-317b-3416-73549c66e33a,2,2026-08-03,both,Acton,Springfield,Never Married,Widowed
7372c52b-8fd9-2eb7-9bdf-37d66b34680f,2,2026-08-03,address,Boston,Worcester,Married,Married
737c078e-4061-e7e8-2812-63882894e134,2,2026-08-03,address,Salisbury,Lowell,Never Married,Never Married
73f8811e-b359-c77e-0ea3-045275a21895,2,2026-08-03,marital,Falmouth,Falmouth,Widowed,Divorced
740a64bc-3c7d-5a23-5f98-4109f31491d7,2,2026-08-03,both,Brockton,Lowell,Never Married,Widowed
7429edcf-fad0-5d4f-d350-c44826e230fe,2,2026-08-03,both,Salem,New Bedford,Married,Widowed
745589c5-9dac-5bef-bf8c-7f737616e7b0,2,2026-08-03,marital,North Reading,North Reading,Married,Divorced
745d833a-1d6b-133c-c3a9-120aaca5cff2,2,2026-08-03,address,Monson,Springfield,Married,Married
7490e2cd-dfd6-bc26-628b-b2101f4f57d3,2,2026-08-03,both,Fall River,Quincy,Never Married,Widowed
74e46a71-4671-ef3b-e3e5-061dc3ed3257,2,2026-08-03,marital,Brewster,Brewster,Married,Divorced
74e4ae3a-1060-ccc0-cdee-59d5c543233b,2,2026-08-03,address,Hudson,Lowell,Never Married,Never Married
74ef698c-3e22-4fd3-3b95-83696efa2ceb,2,2026-08-03,marital,Salem,Salem,Married,Divorced
7539f164-1114-c5b7-6cd1-08c06a797d32,2,2026-08-03,both,Bellingham,Quincy,Never Married,Widowed
755d1d0f-964f-2323-0051-8ffd4f50ba9a,2,2026-08-03,address,Dartmouth,Quincy,Married,Married
75a0c734-eab6-eec4-7328-5200dd56931f,2,2026-08-03,both,Chelsea,Lowell,Married,Widowed
75a4a38c-3520-bc68-cfa4-2403d23c7e3c,2,2026-08-03,marital,Worcester,Worcester,Never Married,Divorced
75d3ed0c-6406-44ef-053e-39fa0ba2f145,2,2026-08-03,marital,Peabody,Peabody,Married,Divorced
75d9c15e-d6e7-5735-f132-2b3dc8bf9f77,2,2026-08-03,both,Brewster,Quincy,Never Married,Widowed
75e63677-6038-5a4c-0948-79cda09f48ad,2,2026-08-03,both,Wilmington,Worcester,Married,Widowed
75f3a944-789d-f391-ba67-809eb8b83684,2,2026-08-03,marital,Boston,Boston,Married,Divorced
760e52c6-34ee-a3df-60f9-bf8b64a75be2,2,2026-08-03,address,Hudson,Worcester,Married,Married
763f009c-87d2-4c16-cdd6-3403aba0bc4d,2,2026-08-03,address,Boston,Quincy,Never Married,Never Married
766199a7-c997-5b87-7bd3-bc1ab91f4e10,2,2026-08-03,address,Waltham,Quincy,Never Married,Never Married
767c752b-a153-ef13-2057-4546dd26d8ba,2,2026-08-03,address,Pembroke,Springfield,Married,Married
7680dbc2-0d42-fc5e-c7fe-5fab97f166a7,2,2026-08-03,both,Somerville,Worcester,Married,Widowed
76c082bd-4e7e-7a74-5461-bb53120df23f,2,2026-08-03,marital,Boston,Boston,Never Married,Divorced
76c0b3cc-08c2-58b4-ab88-d50acdacbb5d,2,2026-08-03,address,Barnstable,Springfield,Divorced,Divorced
76c1fcc8-87b0-d98f-a6e8-726bca9801e2,2,2026-08-03,address,Fall River,Worcester,Married,Married
76dcbdcb-fb89-9140-3d93-bd270c570cfb,2,2026-08-03,address,Brockton,Lowell,Never Married,Never Married
774d9246-2d8a-9dc9-be2c-837a0efb50d5,2,2026-08-03,address,Boston,Lowell,Never Married,Never Married
775b4d46-52fc-e444-2004-0465f67fcbac,2,2026-08-03,both,Peabody,Quincy,Married,Widowed
77721a0e-aef7-2e3a-b4d5-caa74a016d02,2,2026-08-03,both,Framingham,Quincy,Never Married,Widowed
7782cb75-a3e9-60bc-65d8-db4549fb2b33,2,2026-08-03,both,Easton,New Bedford,Married,Widowed
77e85ddf-7105-f696-2086-f1decd3f3232,2,2026-08-03,marital,Boston,Boston,Married,Divorced
780b1de1-a5e9-5acd-de88-d0bced84023d,2,2026-08-03,marital,Rowley,Rowley,Married,Divorced
781839f9-5c59-ef44-1c1f-949bdfee9ef2,2,2026-08-03,address,Belchertown,Worcester,Married,Married
78c10846-64d7-cd82-5be8-6b5a3c482730,2,2026-08-03,both,Boston,New Bedford,Divorced,Widowed
78ca1976-d5a7-eb9c-e122-ddde1855734c,2,2026-08-03,both,Boston,Quincy,Married,Widowed
78e2601e-e581-d2d0-7793-39d5d5e785fb,2,2026-08-03,address,Worcester,Lowell,Married,Married
795c2605-7a95-6afe-2347-e2af367caf86,2,2026-08-03,marital,Marlborough,Marlborough,Married,Divorced
796a6774-9bf0-3fc5-3444-e09e21f19200,2,2026-08-03,marital,Quincy,Quincy,Married,Divorced
79859d9f-695a-18b2-de6e-871d035debc6,2,2026-08-03,address,Hanson,Worcester,Widowed,Widowed
7985b8d9-1512-e13f-3030-0ae445f48564,2,2026-08-03,address,Westfield,Lowell,Never Married,Never Married
79a98393-c7de-77e5-b98f-610a82c9088f,2,2026-08-03,both,New Bedford,Worcester,Never Married,Widowed
79dee289-7d94-113e-6ae5-140d80b15f25,2,2026-08-03,both,Swansea,Worcester,Never Married,Widowed
79e3d9df-0aa1-eebf-7c19-7c4780f0a1bc,2,2026-08-03,marital,Yarmouth Port,Yarmouth Port,Never Married,Divorced
79f83404-0f98-e262-fb5c-4f6365bf0fab,2,2026-08-03,address,Brockton,Quincy,Divorced,Divorced
7a074b27-643f-f1af-255a-02d8e5d87207,2,2026-08-03,address,Somerset,Worcester,Married,Married
7a14e920-4f82-b478-dd6e-2426ff0c8f49,2,2026-08-03,marital,Easton,Easton,Never Married,Divorced
7a8a035e-c16d-0653-718a-9d108418b581,2,2026-08-03,both,Wilmington,Lowell,Never Married,Widowed
7abbc8c8-4a5d-708a-be68-35a83098d504,2,2026-08-03,marital,Duxbury,Duxbury,Married,Divorced
7b060a8f-4941-4654-c240-d37bd15728c4,2,2026-08-03,address,Woburn,Springfield,Never Married,Never Married
7b243161-9d86-f58b-893a-d9de497d4bab,2,2026-08-03,marital,Groveland,Groveland,Married,Divorced
7b4f4652-3558-a929-f63f-a1fead5e5ead,2,2026-08-03,marital,Maynard,Maynard,Married,Divorced
7b7a54dc-113a-2db0-7066-aac84e9fc7fb,2,2026-08-03,both,Medford,Lowell,Married,Widowed
7b7f1836-9c81-e571-62cf-73ab1e2ea167,2,2026-08-03,both,Millbury,Springfield,Married,Widowed
7b8f8c0b-e799-86e2-395d-e1613f284f16,2,2026-08-03,marital,South Hadley,South Hadley,Never Married,Divorced
7ba27e69-9254-3edf-c21a-63daac2ec044,2,2026-08-03,address,Marshfield,Lowell,Never Married,Never Married
7bacbd6e-899c-d798-5a9a-5eee572af48b,2,2026-08-03,marital,Boston,Boston,Never Married,Divorced
7bb8cf32-0acf-19e4-405f-26023b1e425e,2,2026-08-03,marital,Athol,Athol,Married,Divorced
7c6033cc-27a5-e629-ee35-5d43267a7ff3,2,2026-08-03,both,Peabody,Springfield,Married,Widowed
7c7d91ed-c527-d267-fe9c-66d990bf883f,2,2026-08-03,both,Shrewsbury,Worcester,Never Married,Widowed
7ca370df-98fd-1736-d3df-4ffafeb23b53,2,2026-08-03,marital,Brockton,Brockton,Never Married,Divorced
7cc9a14c-ba9e-ce20-50b6-ac5d5b2e2d53,2,2026-08-03,both,Boston,Springfield,Widowed,Married
7cef04b2-18e9-3e3b-4b6f-f204dfe35397,2,2026-08-03,address,Canton,Springfield,Widowed,Widowed
7cf9829f-528c-7176-e82e-de4af415d90d,2,2026-08-03,marital,Salem,Salem,Never Married,Divorced
7d51a321-e088-fff2-f7d0-9b4730d532a4,2,2026-08-03,address,Lowell,New Bedford,Married,Married
7d6f9584-8d7c-a44f-b898-1d6dfb33a5ab,2,2026-08-03,address,South Hadley,Springfield,Never Married,Never Married
7db88efa-77f9-8e38-794e-f7d7796db658,2,2026-08-03,both,Warren,Quincy,Divorced,Widowed
7dbf1452-d518-b016-c4d2-ad5e39812cd3,2,2026-08-03,address,Tewksbury,Worcester,Married,Married
7dc39713-b938-994b-cbcf-162757ea312e,2,2026-08-03,both,Boston,Quincy,Married,Widowed
7dd404dd-ccce-95cc-31cb-a28900d783a5,2,2026-08-03,marital,Sherborn,Sherborn,Widowed,Divorced
7de67680-3531-5095-882b-ab5323bc1a3c,2,2026-08-03,address,Lee,Springfield,Married,Married
7e1c7a0d-2667-5e63-1cb1-17c0efd3f53c,2,2026-08-03,address,Worcester,Worcester,Married,Married
7e1ed6bb-c004-ea89-9294-51d60cd4b0a6,2,2026-08-03,address,Whitman,Quincy,Never Married,Never Married
7e285024-4ee9-fd50-b345-f88c9d7f8e56,2,2026-08-03,both,Worcester,Springfield,Never Married,Widowed
7e5dd88d-a4c0-2f6b-7b7d-af9ac5a0991a,2,2026-08-03,address,Mashpee,New Bedford,Never Married,Never Married
7e76393a-addf-2876-f9e7-66f61b6dac2b,2,2026-08-03,address,Woburn,Quincy,Widowed,Widowed
7ed56d62-4d96-02f9-686c-6fe9d088fe80,2,2026-08-03,address,Revere,Worcester,Never Married,Never Married
7f7072be-4110-b922-c423-af3d3be857e9,2,2026-08-03,address,Methuen,Worcester,Never Married,Never Married
7fad84d6-cbab-a263-b626-504dd78276e2,2,2026-08-03,marital,Boston,Boston,Married,Divorced
7fbbe113-6332-0a0b-db8a-fe1cb51107f0,2,2026-08-03,both,Fairhaven,Lowell,Married,Widowed
7fc29592-db23-de62-e5de-9be3652b8f60,2,2026-08-03,marital,Chelsea,Chelsea,Divorced,Widowed
7fe07681-6b0f-8253-dcdb-d78a0372996b,2,2026-08-03,both,Braintree,New Bedford,Never Married,Widowed
7fe87497-9bcf-d825-a523-8790ce30c7fc,2,2026-08-03,both,Leominster,Springfield,Married,Widowed
80104828-f78a-4b06-9491-f011fbb13ad8,2,2026-08-03,marital,Worcester,Worcester,Never Married,Divorced
801ae33e-fab2-6c9d-b808-344c1e01355e,2,2026-08-03,both,Cohasset,Lowell,Never Married,Widowed
80251c6f-122e-3910-f00c-b758dc4f4c1d,2,2026-08-03,both,Harwich,New Bedford,Never Married,Widowed
8050e878-486a-87ca-de28-601e82ac6d7b,2,2026-08-03,marital,Hatfield,Hatfield,Never Married,Divorced
807c17db-af1f-8ad8-46a9-25f13b4c8165,2,2026-08-03,address,North Adams,Worcester,Married,Married
80a7881d-3104-30f7-c59e-87ec5e3b4581,2,2026-08-03,both,Methuen,Lowell,Never Married,Widowed
80a84573-8faf-66c3-0a3e-44f2356e266b,2,2026-08-03,both,Lowell,Springfield,Married,Widowed
80ac0e3d-d947-5cb7-a95b-f62b790d1942,2,2026-08-03,both,South Dennis,New Bedford,Married,Widowed
80fda281-273f-7607-ee49-9c1343b607e7,2,2026-08-03,address,Webster,Lowell,Never Married,Never Married
810cf1dd-22b4-6cca-984e-329ccad6a405,2,2026-08-03,both,North Westport,Lowell,Divorced,Widowed
8134e3f2-9e96-7472-765f-c9f0583136d9,2,2026-08-03,both,Mendon,Springfield,Never Married,Widowed
8149fdd9-c6f7-c387-48fb-fb786a59b113,2,2026-08-03,marital,Wareham,Wareham,Never Married,Divorced
815a70eb-72d4-cac3-069d-55368c83fb00,2,2026-08-03,marital,Springfield,Springfield,Married,Divorced
81b427d4-4188-6f2e-63e5-60a4d1496a4f,2,2026-08-03,address,Dighton,New Bedford,Married,Married
81f01f42-82c2-b46b-0b65-6213aa1912b5,2,2026-08-03,address,Lynnfield,Quincy,Divorced,Divorced
82559757-45a1-9573-24cf-dc41e835efce,2,2026-08-03,address,Duxbury,Worcester,Married,Married
82a104d6-7ea0-0115-0434-efc15c2496ec,2,2026-08-03,marital,Tyngsborough,Tyngsborough,Never Married,Divorced
82c3a9ff-9bb6-1921-5304-103cc821385b,2,2026-08-03,address,Hadley,Lowell,Divorced,Divorced
82fa8901-4d56-0141-21b8-0c6d24fbde1c,2,2026-08-03,marital,Easthampton,Easthampton,Never Married,Divorced
830125b1-ed01-4046-dd04-dd47440852ca,2,2026-08-03,address,Dudley,Springfield,Married,Married
8342bf55-883b-7cb6-9610-16b5a33d1ee1,2,2026-08-03,address,Malden,New Bedford,Married,Married
836b016f-6e12-44dc-11d1-f18aa2309d87,2,2026-08-03,both,Methuen,Springfield,Divorced,Widowed
8372fb77-d4eb-932e-b2b0-6b4670e5d33e,2,2026-08-03,marital,Braintree,Braintree,Never Married,Divorced
837b46cf-2dcc-ee47-f85a-d9148b9512d6,2,2026-08-03,marital,Stoughton,Stoughton,Married,Divorced
83f71db8-e8d5-035b-808d-d642bbcbe903,2,2026-08-03,address,Ludlow,Quincy,Divorced,Divorced
8429c21c-859d-e0b2-5a0a-8612471428e2,2,2026-08-03,both,Springfield,Worcester,Never Married,Widowed
84308518-d07f-9721-44a2-7826d29088c9,2,2026-08-03,marital,Scituate,Scituate,Married,Divorced
8446ba42-0b52-ce91-a995-79e7ca5a0bb5,2,2026-08-03,marital,West Boylston,West Boylston,Married,Divorced
845046bf-883a-7ea0-9265-32b8d752c9f4,2,2026-08-03,marital,Taunton,Taunton,Never Married,Divorced
8463bd0a-48db-f004-3cf9-eb0880c7eb9b,2,2026-08-03,marital,West Chatham,West Chatham,Married,Divorced
84653baf-ccc2-b257-1d1e-53288909c5e0,2,2026-08-03,marital,Lynn,Lynn,Married,Divorced
847351ab-ad37-d45f-6ac8-c77bf8bbba90,2,2026-08-03,address,Reading,New Bedford,Never Married,Never Married
8475f1a8-861d-1c8d-b0d7-b65313920d09,2,2026-08-03,marital,Reading,Reading,Divorced,Widowed
847a1db5-a48d-8bde-0e68-efcc506946d2,2,2026-08-03,address,Weymouth,Lowell,Never Married,Never Married
8488eebb-3d7b-4b5a-a0cf-96ce83da42af,2,2026-08-03,both,Worcester,Quincy,Married,Widowed
849ee08b-2859-b149-fc61-de6e394b0945,2,2026-08-03,both,North Andover,Lowell,Never Married,Widowed
84b4ebbc-6350-ef5d-83cd-edfbc9ea24d7,2,2026-08-03,marital,Milton,Milton,Married,Divorced
84e4fbba-7cd2-e7f8-1238-feda4a04e9a2,2,2026-08-03,both,Wellesley,Quincy,Never Married,Widowed
84ec9ecc-956e-4dcd-bd37-73131651b457,2,2026-08-03,both,Somerville,Quincy,Divorced,Widowed
859da139-a97d-d859-12f5-3fa7bb996a99,2,2026-08-03,address,Walpole,Worcester,Never Married,Never Married
85aceebc-fe37-4a78-b32a-0712186f8c57,2,2026-08-03,address,Monson,Quincy,Never Married,Never Married
85d39fbb-eff6-0b1d-a5ad-6f0732314175,2,2026-08-03,address,Holbrook,New Bedford,Never Married,Never Married
85d54f73-5f8a-d8bf-c284-456ac9b50f6f,2,2026-08-03,marital,Randolph,Randolph,Never Married,Divorced
86252f07-3e41-c42e-a9fb-2c159c1b5d84,2,2026-08-03,address,Marlborough,Springfield,Divorced,Divorced
8672986e-13a6-c001-e98b-29e7aeae1beb,2,2026-08-03,address,Wenham,Springfield,Never Married,Never Married
867841af-a0fe-1b27-a75b-f4573b88b181,2,2026-08-03,address,Lynn,Quincy,Married,Married
86e87ce6-ad30-3060-933f-6f2ae689cfea,2,2026-08-03,address,Hardwick,Springfield,Never Married,Never Married
86f445ac-65dd-5aee-f9e2-e76a9156ac3a,2,2026-08-03,marital,Weymouth,Weymouth,Divorced,Widowed
870389ad-ba3f-312f-488e-2d35039c7bc4,2,2026-08-03,address,Newton,Worcester,Divorced,Divorced
87132d40-bef1-9d7c-7eca-1722fde9873d,2,2026-08-03,address,Lynnfield,Quincy,Never Married,Never Married
8753c004-9d6c-a576-3fe3-cad6f61641dd,2,2026-08-03,address,Chicopee,Quincy,Divorced,Divorced
876bf33a-fcc3-0113-7af2-1075039234b4,2,2026-08-03,address,Springfield,New Bedford,Divorced,Divorced
877ec739-5c3a-31ce-4bae-43371231f7de,2,2026-08-03,address,Wareham,New Bedford,Divorced,Divorced
8795bb15-a19c-1bbd-7dba-67449d80c23c,2,2026-08-03,address,Brockton,Springfield,Married,Married
87f1eae9-3ff0-fe1d-daf2-aead7acb4c9e,2,2026-08-03,address,Lowell,New Bedford,Married,Married
880b1975-58b1-2609-9767-38c0080d6405,2,2026-08-03,address,Lawrence,Springfield,Never Married,Never Married
883e46a1-2638-6f7d-c11c-890666c9556e,2,2026-08-03,marital,Medford,Medford,Widowed,Divorced
88888b0e-d2f2-22d0-2d2c-5a2b25b63cf8,2,2026-08-03,address,Brockton,Worcester,Never Married,Never Married
88f1b915-7c75-6323-20e3-8114c5619ea4,2,2026-08-03,marital,Dedham,Dedham,Married,Divorced
890037f3-e367-33ec-4bf3-07395dd9db57,2,2026-08-03,marital,North Reading,North Reading,Married,Divorced
890a7f86-b593-6ce9-1611-964cbaf1eab7,2,2026-08-03,marital,Ludlow,Ludlow,Divorced,Widowed
890f4e4d-d776-6edb-b120-c7ce5504a75a,2,2026-08-03,both,Salem,Springfield,Never Married,Widowed
8922e7c0-3100-7747-69d8-72f3cfbb9d4c,2,2026-08-03,address,Longmeadow,New Bedford,Married,Married
89401555-3bd5-f0a7-5fc8-7fb6e21af884,2,2026-08-03,marital,North Lakeville,North Lakeville,Never Married,Divorced
89b81b77-88ac-311f-7619-170b748ecc48,2,2026-08-03,marital,East Harwich,East Harwich,Divorced,Widowed
8a6948cc-290e-9b7b-244a-d1b401302eae,2,2026-08-03,both,Brockton,Springfield,Married,Widowed
8aa517e4-be10-c6a4-eff2-b97c7f8f18c0,2,2026-08-03,address,Yarmouth,New Bedford,Married,Married
8ab67d98-be5e-b6e2-969b-8a3cf544d4c0,2,2026-08-03,both,Northborough,Worcester,Never Married,Widowed
8ac8a3dd-e736-5d23-aabd-f980228e5e00,2,2026-08-03,marital,Andover,Andover,Divorced,Widowed
8b07ccdc-a1ed-8a50-4da0-b0f9c3cb0672,2,2026-08-03,marital,Hampden,Hampden,Never Married,Divorced
8b0e8e5a-484d-0731-1a33-cb1f6c445219,2,2026-08-03,marital,Malden,Malden,Never Married,Divorced
8b2a65ed-ed05-785a-cd02-da6a3ea9ee2e,2,2026-08-03,marital,Fitchburg,Fitchburg,Never Married,Divorced
8b361872-0862-952b-253d-03b60f1be01f,2,2026-08-03,address,Taunton,New Bedford,Married,Married
8ba7ae95-505d-c0dd-e28a-98306ce1bfba,2,2026-08-03,both,Sutton,Worcester,Married,Widowed
8c12902e-6537-a908-e4f3-c7c345b42577,2,2026-08-03,marital,Pittsfield,Pittsfield,Never Married,Divorced
8c659422-aa0d-4e98-15c4-6fa40ff2cff3,2,2026-08-03,both,Foxborough,Quincy,Married,Widowed
8cfbb799-ec4b-d965-35b1-46f9be1ca8dc,2,2026-08-03,both,Falmouth,Quincy,Never Married,Widowed
8d003d51-0306-4804-a0ac-e13af0d5d07b,2,2026-08-03,address,Springfield,Springfield,Married,Married
8d107ed5-9f7f-b2d1-aaf9-d985e147750e,2,2026-08-03,address,Falmouth,Quincy,Married,Married
8d37c03b-2269-f1f5-fb7d-7aa260f06bc7,2,2026-08-03,marital,Montague,Montague,Never Married,Divorced
8d380a13-0c6a-c0f2-8322-78a3c3ea0fb9,2,2026-08-03,both,Boston,Worcester,Never Married,Widowed
8d5aed2b-9ce9-faed-4181-70af3da89005,2,2026-08-03,both,Milton,New Bedford,Married,Widowed
8d8a8411-c529-4231-78c6-d0d0e6798462,2,2026-08-03,address,Natick,Worcester,Married,Married
8e16a086-5103-2ba4-6a5c-20336be5e9f4,2,2026-08-03,both,Hanover,Worcester,Married,Widowed
8e273817-94b6-312a-85f6-53a3adf433b7,2,2026-08-03,marital,Cambridge,Cambridge,Married,Divorced
8ef3d947-c613-8f92-7276-b602f438d0ad,2,2026-08-03,marital,Dartmouth,Dartmouth,Never Married,Divorced
8efad5d1-dc1c-1185-08a1-75721918de2e,2,2026-08-03,address,Edgartown,Quincy,Married,Married
8efd0261-f0d8-fa4e-c03d-0829c1688860,2,2026-08-03,address,Mansfield,Worcester,Married,Married
8f2290ab-26d0-c932-ea8d-52d94c6918ad,2,2026-08-03,marital,Newton,Newton,Married,Divorced
8f446513-6bac-051a-d0b3-d1f2b4e4be27,2,2026-08-03,marital,Auburn,Auburn,Never Married,Divorced
8fc9477b-b31a-a7f5-7387-dbb0fa324490,2,2026-08-03,address,Westport,Springfield,Never Married,Never Married
900712db-0782-510f-7ce0-a4f99c2eaa83,2,2026-08-03,address,Somerset,Worcester,Never Married,Never Married
90530f5a-7234-13eb-180a-29317b62ec36,2,2026-08-03,both,Quincy,Springfield,Married,Widowed
908eac66-e3a9-ae60-e864-0705316d2988,2,2026-08-03,marital,Woburn,Woburn,Never Married,Divorced
90c72f51-6828-a82d-2ee2-16a493952309,2,2026-08-03,address,Shrewsbury,Lowell,Never Married,Never Married
9108045f-1020-8415-31ab-61371d96f943,2,2026-08-03,both,Abington,New Bedford,Never Married,Widowed
911216b9-2f8a-5320-3619-f69df929b2b2,2,2026-08-03,address,Salem,Worcester,Never Married,Never Married
914b61f5-c165-984c-87ae-d3ddbc2c18e6,2,2026-08-03,both,Mashpee,Springfield,Never Married,Widowed
91608945-4936-a05a-4338-eb41b52d57be,2,2026-08-03,address,Douglas,Lowell,Married,Married
91b4e1b9-254f-7323-c2a6-59cd046a5691,2,2026-08-03,both,Taunton,Lowell,Married,Widowed
91bba48c-7600-d258-68da-b4d7c8cbcd1b,2,2026-08-03,both,Hudson,New Bedford,Never Married,Widowed
91d5d6ec-6ae1-e353-752b-25e2559c4a33,2,2026-08-03,marital,Carlisle,Carlisle,Divorced,Widowed
91f3c291-32be-baaa-d9fa-0014c1e78490,2,2026-08-03,both,Somerville,Worcester,Divorced,Widowed
91f83542-9191-09ff-1ec3-4ffd26f86b94,2,2026-08-03,marital,Boston,Boston,Married,Divorced
927738d5-090c-2c7b-2a14-38b214f884eb,2,2026-08-03,address,Framingham,Lowell,Widowed,Widowed
92c319b4-9fa3-ba74-2690-667efa8b225f,2,2026-08-03,marital,Williamsburg,Williamsburg,Never Married,Divorced
9302803b-d892-7421-be1b-5cbf73f63f9a,2,2026-08-03,address,Boston,Quincy,Married,Married
9304318d-67eb-1718-d6b5-486d2d2bd22f,2,2026-08-03,both,Millis,Worcester,Married,Widowed
931210c5-7975-a9b5-4527-19d9847ce65a,2,2026-08-03,both,Franklin,Quincy,Married,Widowed
934ffbc0-cfe0-17b0-7428-8326aacb9238,2,2026-08-03,address,Reading,Worcester,Married,Married
937eadc7-68f0-9ad7-05cf-908e87e7835d,2,2026-08-03,address,Boston,New Bedford,Never Married,Never Married
93974d3b-55b8-08e5-4d61-b262209f24b2,2,2026-08-03,address,Cambridge,Lowell,Never Married,Never Married
93b90193-1e83-2daf-1544-731848443746,2,2026-08-03,both,North Andover,Quincy,Married,Widowed
93dff666-6b3f-ccf6-ef7a-c36b129823d3,2,2026-08-03,marital,South Amherst,South Amherst,Never Married,Divorced
94167707-4725-a633-a343-621ccaa52244,2,2026-08-03,address,Beverly,Springfield,Never Married,Never Married
942e2153-f732-1024-c2c8-d1ee5c748da3,2,2026-08-03,marital,Middleborough,Middleborough,Married,Divorced
943c053c-401c-0ffd-5e6a-7f1481854b44,2,2026-08-03,marital,Boston,Boston,Married,Divorced
945fad90-2255-2e4c-d44f-ce230562db44,2,2026-08-03,address,Taunton,New Bedford,Married,Married
94c48ed5-e829-b0e2-0e25-a53233689344,2,2026-08-03,address,East Douglas,Springfield,Married,Married
951c063b-c800-ee61-95c2-5c2a3206163a,2,2026-08-03,address,Melrose,Springfield,Married,Married
9523b236-ab15-b060-646e-2da0cecd5f5e,2,2026-08-03,marital,Newton,Newton,Never Married,Divorced
958b3a1b-90fd-e41f-2f49-486bffc3c610,2,2026-08-03,marital,Somerville,Somerville,Never Married,Divorced
9593b684-0301-ec3b-2650-a2756080af77,2,2026-08-03,address,Lawrence,Quincy,Never Married,Never Married
960d6798-48f8-f3f7-4e1d-6f0220dffef8,2,2026-08-03,marital,Methuen,Methuen,Widowed,Divorced
963fd27a-51d3-c18b-9a24-3515b0504fb4,2,2026-08-03,both,Cambridge,New Bedford,Never Married,Widowed
968db466-34c3-620b-e786-4a6fcdb93ede,2,2026-08-03,marital,Hopkinton,Hopkinton,Never Married,Divorced
969b0656-2cf7-fdd9-707d-44be994456f5,2,2026-08-03,address,Acton,Quincy,Widowed,Widowed
96a48d0d-249f-f2f5-434d-b4557952bbe5,2,2026-08-03,address,Uxbridge,New Bedford,Never Married,Never Married
96aa35fb-78f9-a02c-5a1e-541036203342,2,2026-08-03,both,Haverhill,Lowell,Never Married,Widowed
96b17d6f-2747-2343-c77b-908b97e21608,2,2026-08-03,marital,Randolph,Randolph,Never Married,Divorced
96c8bb6d-6e6a-555c-557a-627ad2ccaffa,2,2026-08-03,both,Worcester,Lowell,Widowed,Married
96ea8b74-70b3-c530-c1e4-65ba79774b2c,2,2026-08-03,address,North Andover,Lowell,Married,Married
96fda114-2667-6e58-5f02-bfb754cededa,2,2026-08-03,both,Shrewsbury,New Bedford,Married,Widowed
972ec4ba-a5aa-9262-edfe-f4e1a2900bf3,2,2026-08-03,both,Brockton,Lowell,Married,Widowed
972f5072-610a-339a-0140-809b8277a8f2,2,2026-08-03,both,Georgetown,Quincy,Married,Widowed
973336ac-d4c1-e953-645c-b6421067fe75,2,2026-08-03,marital,Worcester,Worcester,Never Married,Divorced
973f9f61-393c-a1ab-a95c-e4ecab642661,2,2026-08-03,both,Swansea,Lowell,Married,Widowed
9743d70f-ab1f-e888-01b4-13c2e69ef39a,2,2026-08-03,both,Newton,Springfield,Married,Widowed
9754daac-a9c3-d71b-bc59-aeae6f2253eb,2,2026-08-03,address,Blackstone,Lowell,Never Married,Never Married
975e091e-a16c-051d-ce8e-232588ddead9,2,2026-08-03,both,Winchester,Quincy,Never Married,Widowed
9794b48f-25cb-d543-0f3a-959a8146b808,2,2026-08-03,marital,Webster,Webster,Never Married,Divorced
9799b379-c0ef-01d3-b591-940b3948b67c,2,2026-08-03,marital,Shrewsbury,Shrewsbury,Never Married,Divorced
979c458a-e60a-46b8-4691-a60237e2974c,2,2026-08-03,both,Boston,Springfield,Married,Widowed
97e34993-68bd-90c8-6887-495a7c1cabf8,2,2026-08-03,both,Lynn,New Bedford,Never Married,Widowed
97e7963b-5f14-2eed-1cb4-c39ee8a86969,2,2026-08-03,marital,Holyoke,Holyoke,Married,Divorced
9876af9b-d8e3-9a39-a1da-ba9e84c0da3d,2,2026-08-03,marital,Raynham,Raynham,Never Married,Divorced
989afa41-6be5-b8ff-d4d0-a72318c26d74,2,2026-08-03,both,Lakeville,Quincy,Married,Widowed
98f13aea-d705-9b8a-d9cc-65e0db003867,2,2026-08-03,both,Boston,Springfield,Never Married,Widowed
98f4bc45-99dc-ff25-ee5a-8f379ee18662,2,2026-08-03,address,Lawrence,Quincy,Never Married,Never Married
990a562a-6407-71d4-1a35-d87c0e4764b9,2,2026-08-03,marital,Athol,Athol,Never Married,Divorced
9970b5f4-31fe-06e0-40ab-303b428999ca,2,2026-08-03,address,Boston,Quincy,Married,Married
9997f4f2-0a59-23de-60fe-69dd54295877,2,2026-08-03,both,Fitchburg,Worcester,Never Married,Widowed
99a439a2-3d2c-8d27-560b-ea00cba62113,2,2026-08-03,both,Norton,New Bedford,Never Married,Widowed
99da854d-5420-d765-3503-0e69f8bc7c8e,2,2026-08-03,address,Boston,Worcester,Married,Married
9a7d5b3d-47e4-35b6-d730-1b242bb6409d,2,2026-08-03,marital,Beverly,Beverly,Never Married,Divorced
9abece5c-9ae9-1370-76b3-1e593cc25c86,2,2026-08-03,address,Framingham,Quincy,Never Married,Never Married
9adcf3e1-5c4e-4a16-2d7d-bbc474f55a11,2,2026-08-03,both,Devens,Springfield,Never Married,Widowed
9b2b1d95-01f2-b1f8-789f-87d9906aa672,2,2026-08-03,marital,Needham,Needham,Never Married,Divorced
9b2ff873-816c-6037-be90-79383b695255,2,2026-08-03,address,Webster,New Bedford,Married,Married
9b599c23-a637-8afa-6687-b9525523bd25,2,2026-08-03,marital,Springfield,Springfield,Married,Divorced
9b86c081-3843-b421-0753-816f0c58c4ef,2,2026-08-03,address,Brookline,Worcester,Never Married,Never Married
9ba9b86c-0cfa-dcfe-0b1a-4648fa03c7e3,2,2026-08-03,both,Brookline,Springfield,Married,Widowed
9bb2389b-d7b6-8420-b29c-ba544fdb1ce6,2,2026-08-03,address,Stockbridge,Worcester,Never Married,Never Married
9beadb92-7f6e-8961-a4b8-bbc3c43258b3,2,2026-08-03,both,Worcester,Springfield,Never Married,Widowed
9c11cfab-c07f-7a6c-ebc0-ee553201ab1c,2,2026-08-03,both,Mansfield Center,New Bedford,Never Married,Widowed
9c1d2e9b-1073-1115-09a3-0fb67f5771d2,2,2026-08-03,address,Boston,Quincy,Divorced,Divorced
9c34be37-4ac7-d62c-7b67-8452f17dc393,2,2026-08-03,both,Melrose,Worcester,Widowed,Married
9c37afc7-e15e-0f92-9276-649cdd761108,2,2026-08-03,marital,New Bedford,New Bedford,Married,Divorced
9c4c25d5-c28b-1a92-780f-616e31349721,2,2026-08-03,marital,Braintree,Braintree,Never Married,Divorced
9c531b31-36e1-7c56-a403-3e278225a6b5,2,2026-08-03,both,Lowell,Lowell,Married,Widowed
9cb3060a-9dc7-39f8-6b6a-f7887a9c8b89,2,2026-08-03,address,Peabody,Quincy,Divorced,Divorced
9d08611e-8248-d786-3c11-43fa335c0147,2,2026-08-03,address,New Bedford,Quincy,Never Married,Never Married
9d4e4da8-bea8-a1d6-3ad8-a67f88cb0a24,2,2026-08-03,both,Uxbridge,Quincy,Married,Widowed
9e033ed4-948c-796e-5ad8-012a800cb83b,2,2026-08-03,marital,Fairhaven,Fairhaven,Never Married,Divorced
9e79d5d3-558d-8227-df92-0b0936757933,2,2026-08-03,both,Waltham,New Bedford,Never Married,Widowed
9ea01dc5-0608-b519-1513-d8acc9d632c5,2,2026-08-03,marital,Natick,Natick,Married,Divorced
9ea61de7-f5b9-5ee3-26bb-0d35dff6ea4e,2,2026-08-03,marital,New Bedford,New Bedford,Never Married,Divorced
9eae76f7-527a-aecf-d77c-e17560f1e11a,2,2026-08-03,address,Boston,New Bedford,Never Married,Never Married
9ebb44cf-c3ec-7619-712c-253b097885bc,2,2026-08-03,address,Boston,Quincy,Married,Married
9ee84208-bbf8-ade3-035d-472ed0fff738,2,2026-08-03,marital,Stoughton,Stoughton,Never Married,Divorced
9ef2dc9c-1a25-7b12-9d3e-a7fa85144039,2,2026-08-03,marital,Saugus,Saugus,Married,Divorced
9f3cd840-dd2e-674d-d554-f3657b5e8a07,2,2026-08-03,both,Fall River,Quincy,Never Married,Widowed
9f3efd74-0707-e847-309c-d121aac58492,2,2026-08-03,both,Bedford,Springfield,Never Married,Widowed
9f64dc3d-b1ba-d5dd-d464-2f0abb7cb1e1,2,2026-08-03,marital,Springfield,Springfield,Never Married,Divorced
a0fa298c-d099-b0da-505b-9780aef1a4d5,2,2026-08-03,marital,Attleboro,Attleboro,Never Married,Divorced
a1004d5b-25ac-4351-1a2e-e85576fb6ca3,2,2026-08-03,both,Millbury,Lowell,Never Married,Widowed
a15a70c3-ebe4-e113-b195-7af7b0036a12,2,2026-08-03,both,Dighton,Springfield,Divorced,Widowed
a17fbe2e-de0c-cb6d-9861-9a2ed2a2b15b,2,2026-08-03,marital,Malden,Malden,Married,Divorced
a1af09d5-1cbc-3594-f386-a7b3006f3e0d,2,2026-08-03,both,Ayer,Quincy,Divorced,Widowed
a1b8c4b7-7590-a901-7ffa-34464cb85cd5,2,2026-08-03,marital,Waltham,Waltham,Never Married,Divorced
a1d242a1-cc13-15f0-adf3-9e30d39ac528,2,2026-08-03,address,Huntington,Lowell,Never Married,Never Married
a24b7006-9949-13dc-072a-094aea8f8efe,2,2026-08-03,marital,Saugus,Saugus,Married,Divorced
a24bb626-bcd7-471b-51a0-d86fe3aaec4c,2,2026-08-03,marital,Gardner,Gardner,Married,Divorced
a2699c4e-83c1-0190-34e9-0f757ae7c381,2,2026-08-03,both,Dartmouth,New Bedford,Never Married,Widowed
a2bfb042-ce45-bd1d-fba8-e265a93fd518,2,2026-08-03,both,Boston,Quincy,Married,Widowed
a2dca1c1-6136-6c16-c9c4-d504d3670623,2,2026-08-03,both,Lawrence,Springfield,Never Married,Widowed
a30243c1-4f65-5d1d-9de7-3725a310ce0a,2,2026-08-03,address,Lawrence,Lowell,Widowed,Widowed
a314a55f-ef96-2384-1fd8-763fcc690628,2,2026-08-03,both,Reading,Worcester,Married,Widowed
a39e0ade-6170-998a-8f64-9ddd1a88e14a,2,2026-08-03,both,Peabody,Springfield,Divorced,Widowed
a3b4c351-8564-d878-75dc-eb4b7781edff,2,2026-08-03,address,Haverhill,Worcester,Never Married,Never Married
a3e0cc4b-6194-0742-4785-e9070ecbf144,2,2026-08-03,both,Franklin,Quincy,Never Married,Widowed
a3f5708f-43dd-a95a-4a9b-7a1dcfb10cb7,2,2026-08-03,address,Plymouth,Quincy,Widowed,Widowed
a411f785-85fc-277c-8d7b-e20d63a088ad,2,2026-08-03,both,Boston,Lowell,Never Married,Widowed
a443c4c1-5626-dd9a-7e9a-650100712f58,2,2026-08-03,both,New Salem,New Bedford,Married,Widowed
a44d4c4c-0260-a544-6352-8fee4d806044,2,2026-08-03,address,Ipswich,Quincy,Married,Married
a4537d53-170a-3ca1-38d6-827241243d78,2,2026-08-03,both,Boston,Worcester,Never Married,Widowed
a453e3a8-84a9-7804-fc29-010d053400e3,2,2026-08-03,address,Walpole,New Bedford,Never Married,Never Married
a458c917-c11f-b038-82a5-259b2c26d833,2,2026-08-03,address,Wenham,Worcester,Married,Married
a481e178-b43f-6c72-4066-e94abafddb61,2,2026-08-03,both,Ocean Bluff-Brant Rock,Worcester,Widowed,Married
a4b9288f-28fa-60f9-307a-fce2b7e8c1ea,2,2026-08-03,both,Deerfield,New Bedford,Married,Widowed
a4c774e4-4dd6-442d-2403-2ee6a2edd9ef,2,2026-08-03,marital,Harwich,Harwich,Never Married,Divorced
a4c996d3-0c3b-c7a5-c913-ba408b8fd442,2,2026-08-03,marital,Brockton,Brockton,Married,Divorced
a517968a-66d4-29fc-7f82-b790cb311520,2,2026-08-03,both,Belmont,Springfield,Never Married,Widowed
a531f539-b118-f6df-128e-23d54fd9dc1a,2,2026-08-03,both,Worcester,Quincy,Never Married,Widowed
a536f49d-2188-78c7-c65b-a4421fea123f,2,2026-08-03,address,Holyoke,Springfield,Married,Married
a53a0e18-c2b4-49c9-fdf3-d01cd52c5171,2,2026-08-03,both,Revere,Worcester,Married,Widowed
a571dfae-7cb4-47b4-1f5a-2c84d0987fd2,2,2026-08-03,both,Freetown,Worcester,Married,Widowed
a5c717cd-afbd-46a4-8241-46e07ec2b11d,2,2026-08-03,marital,Barnstable,Barnstable,Widowed,Divorced
a5f40e09-60b0-d887-e212-806be273dfd8,2,2026-08-03,marital,Winchendon,Winchendon,Never Married,Divorced
a615f523-e773-61ee-8d18-b4e0af507c2e,2,2026-08-03,marital,Cambridge,Cambridge,Never Married,Divorced
a629bb2e-dff8-0b9a-23f8-0b798b11d645,2,2026-08-03,address,Salisbury,New Bedford,Never Married,Never Married
a68cf4b2-5fa8-8b7c-adaf-283d23267451,2,2026-08-03,address,Haverhill,Springfield,Never Married,Never Married
a713880e-bd64-3c54-fa97-c2226144fcda,2,2026-08-03,both,Lowell,Worcester,Never Married,Widowed
a748bb82-33d5-96f0-9180-61f5947197b8,2,2026-08-03,both,Medford,Springfield,Married,Widowed
a76804ac-7799-f65d-e216-55d4cd5e20f1,2,2026-08-03,marital,Dracut,Dracut,Never Married,Divorced
a7701b0f-9673-56b8-610a-80d3bd3276b8,2,2026-08-03,marital,Revere,Revere,Married,Divorced
a79ded4f-bdd7-5778-9841-ecd26a445cc8,2,2026-08-03,both,Westfield,Lowell,Married,Widowed
a79e4f70-31f4-77df-8e9f-4eb9b45d12e7,2,2026-08-03,marital,Mansfield,Mansfield,Married,Divorced
a79fb54d-c8b1-39dd-4b7e-339f067f8619,2,2026-08-03,address,Yarmouth,New Bedford,Married,Married
a803717a-3e4f-9463-1092-317d380a58e7,2,2026-08-03,marital,Foxborough,Foxborough,Never Married,Divorced
a85d2ff6-bb0f-037b-a5fc-2e9ba88e2173,2,2026-08-03,address,Sturbridge,Springfield,Never Married,Never Married
a89d5f66-227d-fcb0-1611-65bf4572ffd4,2,2026-08-03,both,Weymouth,Lowell,Never Married,Widowed
a8a8580c-1fac-316d-4f02-6dc314e93dfb,2,2026-08-03,both,Cambridge,Worcester,Married,Widowed
a9217969-fb5c-007d-0c3e-b61ea3e84f2b,2,2026-08-03,address,Andover,Lowell,Never Married,Never Married
a9673d6c-6dbe-9ec2-0c2c-8f735dd28d02,2,2026-08-03,marital,Sudbury,Sudbury,Never Married,Divorced
a968f7d3-090a-bc1f-1be9-4e51b1febf66,2,2026-08-03,address,Templeton,Springfield,Never Married,Never Married
a97f183d-09ca-acd6-f041-15dce42d15d7,2,2026-08-03,address,Burlington,New Bedford,Never Married,Never Married
a9c11237-91b5-6f31-b6a1-ec09d29ba5c0,2,2026-08-03,both,Milford,Lowell,Married,Widowed
a9d003c7-287d-7156-0e90-fda8a9590388,2,2026-08-03,address,Rockland,Quincy,Never Married,Never Married
a9f42dab-d74e-2b98-85b6-ce6421ea4efb,2,2026-08-03,address,Worcester,Quincy,Married,Married
aa0bbf3c-6b0c-649d-a44b-4a4372a2e8be,2,2026-08-03,both,Charlton,Worcester,Never Married,Widowed
aad65ef1-111d-736a-450f-e773bf55c1be,2,2026-08-03,address,Randolph,Lowell,Married,Married
ab15f8ac-4314-227c-7f65-b3685a4b8186,2,2026-08-03,both,Gloucester,Springfield,Married,Widowed
ab1f6045-1270-687b-1e5a-94a1a431cc1b,2,2026-08-03,both,Easton,Worcester,Never Married,Widowed
ab37af07-3d95-fae7-0ebb-d16acc03e971,2,2026-08-03,marital,Milton,Milton,Married,Divorced
ab3c2018-c53a-38eb-2a86-ddb568567020,2,2026-08-03,both,Rehoboth,Quincy,Married,Widowed
ab778b66-63a9-bc5d-11ad-3339c4d557f0,2,2026-08-03,address,Yarmouth,Lowell,Never Married,Never Married
ab883e5c-65c3-6e44-0d66-5b81fe3dbd95,2,2026-08-03,marital,Arlington,Arlington,Never Married,Divorced
aba23f2a-2b5c-ade9-3a6e-e5c31c2232dc,2,2026-08-03,marital,Lowell,Lowell,Married,Divorced
abe018f1-8dac-0f55-536e-96211e8f7b0c,2,2026-08-03,both,Lawrence,Springfield,Married,Widowed
ac665fed-6888-19dd-2197-d8bd41d2f176,2,2026-08-03,address,Revere,Quincy,Never Married,Never Married
ac6991c8-70ac-e38a-f7bd-a3cc21d1bb77,2,2026-08-03,marital,Winchendon,Winchendon,Married,Divorced
ac7e372b-e6f1-eb1e-02e9-1ea6009ffb87,2,2026-08-03,address,Bedford,Lowell,Never Married,Never Married
ace335a3-4101-1176-d18d-b47bbd35751d,2,2026-08-03,address,Rehoboth,Worcester,Married,Married
ace3de68-20ba-4c62-eaaf-d30876d01ded,2,2026-08-03,address,Falmouth,Quincy,Never Married,Never Married
ad2932b3-8f36-f896-dd98-37bbaea81cb6,2,2026-08-03,marital,Arlington,Arlington,Divorced,Widowed
ad5b187d-5420-b286-4822-ca6036221b66,2,2026-08-03,marital,Bedford,Bedford,Married,Divorced
adc36259-7abb-9bc4-aff1-a1a718ae89b3,2,2026-08-03,address,Boston,Worcester,Never Married,Never Married
ae3bd16d-603c-c2f0-87fd-e836ef1b87d1,2,2026-08-03,both,Burlington,Worcester,Married,Widowed
ae438dee-61d8-4a3a-6b1d-2e426786aa06,2,2026-08-03,marital,Amherst,Amherst,Never Married,Divorced
ae774606-90f1-9a2a-12ae-b6e31ed02a09,2,2026-08-03,address,Quincy,Worcester,Never Married,Never Married
aec7e7f3-e78f-ff8f-a462-d14e5ca02452,2,2026-08-03,address,Stoneham,Springfield,Never Married,Never Married
aed63e95-0fda-a905-6ca6-f824a923d48c,2,2026-08-03,marital,Amesbury,Amesbury,Never Married,Divorced
aed9194e-5d7b-1a08-dcb4-5f36ba308524,2,2026-08-03,both,Taunton,New Bedford,Never Married,Widowed
aeeea7ae-ea92-ea6f-4109-ef8498a61034,2,2026-08-03,both,Hull,Quincy,Married,Widowed
aefadba6-f5ed-a470-5bfd-85573f649930,2,2026-08-03,marital,Maynard,Maynard,Never Married,Divorced
af11b7a1-0f06-b211-417f-2237ab37b781,2,2026-08-03,marital,Weymouth,Weymouth,Never Married,Divorced
af1f7305-c167-4a45-9d3d-ea39360d783f,2,2026-08-03,address,Weymouth,Lowell,Never Married,Never Married
af28499a-11b0-d73f-511f-2da45bcddc8a,2,2026-08-03,both,Boston,Worcester,Married,Widowed
af715e6a-5caf-e8f9-a881-b8dc020984f0,2,2026-08-03,marital,Boston,Boston,Never Married,Divorced
af9843d2-5ac3-6f3b-16bc-8cc3534f5161,2,2026-08-03,both,Rockland,Worcester,Divorced,Widowed
afa3e6ff-2a45-3735-60d5-087dc63363bb,2,2026-08-03,both,Framingham,Lowell,Married,Widowed
afa479f1-734d-9a1c-8191-8a08261feb9f,2,2026-08-03,both,Somerset,Quincy,Married,Widowed
afe24caa-660e-bc62-bd01-4d889604d1aa,2,2026-08-03,marital,Bernardston,Bernardston,Never Married,Divorced
afe7a2b5-0f92-1e52-e2f6-9e62aa56e2ab,2,2026-08-03,address,Holliston,New Bedford,Never Married,Never Married
aff4de6e-d8b3-7627-a063-1775d0092799,2,2026-08-03,address,Northampton,Worcester,Married,Married
b02b5dfe-229c-83d3-83ba-e784ebc5ffa0,2,2026-08-03,both,Salem,Quincy,Never Married,Widowed
b092dbaa-6c6a-79aa-b72f-6340ef289301,2,2026-08-03,marital,Cambridge,Cambridge,Married,Divorced
b0cb3b05-967e-6dd1-0266-18cdcc043098,2,2026-08-03,marital,Dighton,Dighton,Never Married,Divorced
b0cc8665-b8c0-a227-ee81-99a5bffe3008,2,2026-08-03,address,Lawrence,Worcester,Never Married,Never Married
b0dad5df-9768-6633-3821-8ec897abe91b,2,2026-08-03,address,Mansfield,Quincy,Never Married,Never Married
b0ff1fe0-e4b6-4d4d-eb04-f4672fddcf47,2,2026-08-03,address,Boston,Lowell,Married,Married
b122b557-412e-803f-4ff6-8490804e632b,2,2026-08-03,address,Grafton,Lowell,Never Married,Never Married
b123d81a-dc44-9669-6f1f-dc6278b14803,2,2026-08-03,marital,Salem,Salem,Never Married,Divorced
b13f0e85-5e76-1cb1-4524-f88d66bd137f,2,2026-08-03,both,Lexington,Worcester,Divorced,Widowed
b18e6f3e-fc1f-f110-2712-e0aa830338d7,2,2026-08-03,both,Boston,Quincy,Never Married,Widowed
b1d4ba63-8432-7bd9-a674-b434ed1dae01,2,2026-08-03,marital,Northborough,Northborough,Never Married,Divorced
b1f9a216-3c6d-d1c5-2af4-53a52577ce96,2,2026-08-03,marital,Cambridge,Cambridge,Never Married,Divorced
b2230970-475e-1beb-f070-2fc58b782872,2,2026-08-03,address,Fitchburg,Quincy,Never Married,Never Married
b248a77d-c2f0-cf0e-d79a-c675ac2e828f,2,2026-08-03,both,Westford,Springfield,Never Married,Widowed
b2805773-ff42-ed85-dc2e-47b0e7d6c09f,2,2026-08-03,address,Salem,Springfield,Married,Married
b29808f3-7ea1-52fe-904f-5710635703a1,2,2026-08-03,both,West Bridgewater,New Bedford,Married,Widowed
b2eea7ac-d603-af49-5d26-acd6a5b48afd,2,2026-08-03,marital,Milford,Milford,Married,Divorced
b305c4f7-05e4-7497-9e1e-2a279da144a2,2,2026-08-03,both,South Hadley,Springfield,Married,Widowed
b35c3ea0-d9f5-2b1b-3394-0c3bd4a99e93,2,2026-08-03,both,Springfield,Quincy,Never Married,Widowed
b376077f-4984-44b4-b903-a39c4e0aa0b2,2,2026-08-03,both,Brockton,New Bedford,Married,Widowed
b3d95d78-a290-e6df-eb1c-f097d8b8351f,2,2026-08-03,both,Lowell,New Bedford,Married,Widowed
b3fac9f6-8120-3dd0-e0ea-50c35b48bbfa,2,2026-08-03,address,Worcester,Springfield,Married,Married
b40b065e-adc2-ba9c-1650-f370dc3b4dfe,2,2026-08-03,address,Ashburnham,Springfield,Married,Married
b466051f-66e4-876e-a4aa-99ea045572f7,2,2026-08-03,marital,Boston,Boston,Divorced,Widowed
b4ac3464-87a9-e99f-91ce-7724f00a29ff,2,2026-08-03,address,Webster,Worcester,Divorced,Divorced
b5a56c3c-ecc8-c049-be4d-1651a6afb9ab,2,2026-08-03,marital,Holbrook,Holbrook,Married,Divorced
b601a21f-5a57-2140-44e5-a6b048cced80,2,2026-08-03,marital,Boston,Boston,Never Married,Divorced
b61c23cc-582f-4f93-9765-09f418a60f04,2,2026-08-03,marital,Woburn,Woburn,Never Married,Divorced
b6275056-d711-ae19-ac9a-8b74bec3779b,2,2026-08-03,address,Rowley,Quincy,Married,Married
b68d74cf-d54c-e187-b7c7-0d629242b522,2,2026-08-03,address,Worcester,Springfield,Divorced,Divorced
b76a1467-3275-90a2-690f-03920caec912,2,2026-08-03,both,Granby,Lowell,Never Married,Widowed
b7838910-1b59-aefd-3f5c-87c1f1e50c0a,2,2026-08-03,address,Brockton,Springfield,Married,Married
b7d886dc-dcda-4b11-625d-30673b9e766e,2,2026-08-03,both,North Reading,Quincy,Married,Widowed
b7e9d6a0-f933-c719-6a1e-1d4859a22826,2,2026-08-03,both,Plymouth,Springfield,Never Married,Widowed
b7f16d81-f042-589e-140a-c04eb81d61a2,2,2026-08-03,address,Malden,Lowell,Never Married,Never Married
b81cb44b-cfb1-7279-a19c-33eb3ae9a97c,2,2026-08-03,both,Boston,Lowell,Never Married,Widowed
b835f9b2-ad18-9f75-afe5-dc06a9bb1b51,2,2026-08-03,marital,Saugus,Saugus,Divorced,Widowed
b8378c37-4c70-4cbe-8094-9bbdccd46ad2,2,2026-08-03,marital,Randolph,Randolph,Never Married,Divorced
b8b5865f-01cf-cab8-3a9b-4c6401cd3aa3,2,2026-08-03,marital,Boston,Boston,Never Married,Divorced
b8c340bc-7636-fccc-3df5-c0acaa2f1c7c,2,2026-08-03,both,Plymouth,Lowell,Married,Widowed
b91e68c7-2af3-4bcc-8eea-3679247f343d,2,2026-08-03,marital,Boston,Boston,Married,Divorced
b9229b4f-d6dd-53c3-a20f-570813494d13,2,2026-08-03,address,Lowell,New Bedford,Never Married,Never Married
b935404a-e681-6d88-3ec8-3b1c6cef0a9c,2,2026-08-03,address,Norton,Quincy,Never Married,Never Married
b93c95c5-80c0-2046-4cfa-b6fd257eb2df,2,2026-08-03,both,Rehoboth,Springfield,Never Married,Widowed
b98b4b20-19a2-455f-abe2-fe370a593778,2,2026-08-03,marital,Wenham,Wenham,Married,Divorced
b98dae5c-4b56-febd-9c23-c06ce27f542a,2,2026-08-03,address,Everett,Quincy,Never Married,Never Married
b9f298e0-0ae7-3851-8822-09e518dc81d9,2,2026-08-03,marital,Haverhill,Haverhill,Never Married,Divorced
b9fa06ed-ecf9-b4b2-8365-7d66b5a15c14,2,2026-08-03,marital,Cambridge,Cambridge,Married,Divorced
ba033c3d-37e7-0704-0be1-e8b2c9f21346,2,2026-08-03,marital,Amherst Center,Amherst Center,Never Married,Divorced
ba05cbfb-b4c0-3d4e-cdf7-9d7b94d9e62d,2,2026-08-03,address,Watertown,Worcester,Married,Married
ba2a24da-3d2e-2006-80ce-03fb96ef32c9,2,2026-08-03,address,Barnstable,New Bedford,Married,Married
ba467fb0-b3f5-0d2b-3ca6-1ed56cf94251,2,2026-08-03,marital,Pocasset,Pocasset,Never Married,Divorced
ba62530d-b0c5-92c5-0c21-a9af3be4935a,2,2026-08-03,both,Waltham,New Bedford,Married,Widowed
ba782e42-3d8d-6d3a-2f29-2da19526d3cd,2,2026-08-03,both,Whitman,New Bedford,Widowed,Married
ba81d128-baa8-0f43-3309-473d5814ca98,2,2026-08-03,address,Attleboro,Worcester,Never Married,Never Married
ba88ff88-8ede-7505-a161-1e7f26b3fa15,2,2026-08-03,address,North Attleborough,Worcester,Married,Married
bab226b0-f900-1e1a-c5a3-155407a11a27,2,2026-08-03,both,Milton,New Bedford,Never Married,Widowed
babeaa86-70f9-8d6d-b900-dad06d8caaec,2,2026-08-03,address,Bliss Corner,Lowell,Divorced,Divorced
bacfaa34-cad3-0456-2b08-8e8a4f12b6d5,2,2026-08-03,both,Raynham Center,Quincy,Married,Widowed
bade7d6b-d06c-67fe-32b0-907cdbb139eb,2,2026-08-03,address,Methuen,Lowell,Married,Married
bb155159-3e66-9491-8b87-40f8f30748ef,2,2026-08-03,address,Wakefield,Springfield,Married,Married
bbea1906-671b-710c-1d8d-27f43501a27d,2,2026-08-03,address,West Boylston,New Bedford,Never Married,Never Married
bbed98be-f601-9391-bcb1-062a89343e53,2,2026-08-03,both,Hull,Lowell,Divorced,Widowed
bc1aa7bc-28d7-be3e-0e30-9d9dcd595d2a,2,2026-08-03,address,Plymouth,New Bedford,Never Married,Never Married
bc2f56a7-664d-6e98-5421-5599bb8fadad,2,2026-08-03,marital,Boylston,Boylston,Married,Divorced
bc400fbb-53b6-175c-8347-6ce83ea5f6fa,2,2026-08-03,both,Quincy,Worcester,Never Married,Widowed
bc699563-83d8-82c8-af6a-46c6e4280ec8,2,2026-08-03,address,Worcester,Quincy,Never Married,Never Married
bc6f44fa-6c48-40fb-d994-54450cc3c390,2,2026-08-03,marital,Cambridge,Cambridge,Married,Divorced
bc9a8cd3-7dfa-edad-fe8b-7a5996cb3ca7,2,2026-08-03,address,Dartmouth,New Bedford,Married,Married
bcd5f1c8-30b9-73c2-fc80-67e997fab82a,2,2026-08-03,marital,Cambridge,Cambridge,Married,Divorced
bd16a037-9cc8-e105-807d-9363590bd78c,2,2026-08-03,address,Framingham,Worcester,Never Married,Never Married
bd5248d5-e4a2-1a26-3c6f-0b360d367866,2,2026-08-03,both,Southbridge,Worcester,Never Married,Widowed
bd55b7e0-c215-950a-8e3e-060f78c889ed,2,2026-08-03,address,West Springfield,Quincy,Divorced,Divorced
bd5ffeae-ea37-7514-dd2c-23e0f58dca34,2,2026-08-03,marital,South Hadley,South Hadley,Never Married,Divorced
bd64918e-ed4b-e9af-90a0-530a2ea20c1a,2,2026-08-03,address,Cambridge,New Bedford,Never Married,Never Married
bdcc7ccc-b0f6-d1df-dd8d-10a985360918,2,2026-08-03,both,West Springfield,New Bedford,Married,Widowed
bdf95d06-4b1a-4437-a1bb-081706a6d5b1,2,2026-08-03,marital,Freetown,Freetown,Married,Divorced
be016b04-48c9-fffc-2b91-58414d2cbb7a,2,2026-08-03,address,Mattapoisett,Lowell,Divorced,Divorced
be7f3d88-27d9-858b-b500-f6407f27c895,2,2026-08-03,both,Fall River,Worcester,Never Married,Widowed
be8b8ddf-5e25-45ca-2c17-9d7fd4f259fa,2,2026-08-03,marital,Watertown,Watertown,Married,Divorced
be911aeb-a53b-f6a8-e30a-daeb58d6bec5,2,2026-08-03,address,Framingham,Quincy,Married,Married
bea49770-2517-33d5-bcbd-ab1c191862fc,2,2026-08-03,address,Wilmington,New Bedford,Married,Married
beb9f7b3-7025-de30-8451-ad315acf288a,2,2026-08-03,both,Ludlow,Quincy,Married,Widowed
bee430d0-80b8-5f94-0810-c8e25a3e95ac,2,2026-08-03,address,Beverly,New Bedford,Never Married,Never Married
bef9d422-1f36-992a-67dc-7cf76fd48ba6,2,2026-08-03,marital,Framingham,Framingham,Married,Divorced
bf83d5aa-2fef-0313-64ef-434c692599a8,2,2026-08-03,marital,Sterling,Sterling,Married,Divorced
bf99db13-fb1e-c3ab-d0ee-47df62c51f3c,2,2026-08-03,address,Worcester,Worcester,Never Married,Never Married
c019d02b-66fd-45c9-0d58-f13e7ee6c618,2,2026-08-03,both,Quincy,New Bedford,Never Married,Widowed
c03a082c-1edd-5908-90d6-9315bc41b502,2,2026-08-03,marital,North Westport,North Westport,Married,Divorced
c07f5133-29fe-543a-574a-c39e58321065,2,2026-08-03,both,West Springfield,Springfield,Married,Widowed
c09ed98f-8eda-075d-8c8c-d3d64ff93dda,2,2026-08-03,address,Cambridge,New Bedford,Never Married,Never Married
c1105adf-5c99-65b7-b7ae-44a0a4068532,2,2026-08-03,marital,Fall River,Fall River,Never Married,Divorced
c15fe91b-13c8-562c-85bb-682b21936355,2,2026-08-03,both,Norton,Lowell,Never Married,Widowed
c16b12c0-e991-25e5-0dcc-88aebecddd93,2,2026-08-03,address,Holliston,Springfield,Married,Married
c1706b68-1e9e-6e74-8277-7134183dabdb,2,2026-08-03,both,Somerville,New Bedford,Never Married,Widowed
c19d6de9-cbfd-e4b4-4387-96c3f1b17bec,2,2026-08-03,marital,Southborough,Southborough,Never Married,Divorced
c1eba5b0-8e6d-4e08-c279-c3d551ac399e,2,2026-08-03,both,Milton,Quincy,Never Married,Widowed
c26186ca-351a-8e18-6584-29a52b605a83,2,2026-08-03,both,Gloucester,Quincy,Married,Widowed
c295a46e-8e23-0d81-4c77-c01477ea2cfe,2,2026-08-03,both,Cambridge,New Bedford,Married,Widowed
c2e5e4b2-3280-15ff-e0ef-287248318894,2,2026-08-03,marital,Cambridge,Cambridge,Never Married,Divorced
c2f1f37e-99be-3c18-d062-ef82df90e3d5,2,2026-08-03,marital,Grafton,Grafton,Never Married,Divorced
c323f07c-9167-97c7-7e20-f058319f1d1d,2,2026-08-03,marital,Lowell,Lowell,Never Married,Divorced
c32fa8d7-f503-0866-4cc8-c2a022ff5ea0,2,2026-08-03,address,Boston,New Bedford,Married,Married
c3ab8d58-c1c2-f6f8-a838-ee291a7827c5,2,2026-08-03,address,Springfield,Quincy,Never Married,Never Married
c3da05ba-b9bf-d78f-6bf0-0495b73a42c6,2,2026-08-03,both,Westport,Quincy,Married,Widowed
c3f04931-cf12-28ee-cc97-456e7623d81a,2,2026-08-03,both,Marlborough,Lowell,Never Married,Widowed
c49306f4-d3c7-8464-802b-17a40111b8cf,2,2026-08-03,address,Oxford,Lowell,Never Married,Never Married
c4d59c85-985e-e168-a3ed-4e142f5458c2,2,2026-08-03,marital,Billerica,Billerica,Married,Divorced
c584a9c7-2993-c19f-d102-2efeaa3de69e,2,2026-08-03,marital,Taunton,Taunton,Widowed,Divorced
c58f258a-eaa4-e2f7-55af-e91a684dc118,2,2026-08-03,both,Wakefield,Springfield,Divorced,Widowed
c5a4fc4b-6a2e-8fed-3490-4b17ee592cd1,2,2026-08-03,marital,West Springfield,West Springfield,Never Married,Divorced
c5cf77df-0de7-2d0d-1612-94289ebd0162,2,2026-08-03,marital,Burlington,Burlington,Married,Divorced
c5e2694b-5fe4-75a9-75ff-1ff40f506776,2,2026-08-03,both,Weymouth,Quincy,Never Married,Widowed
c62534f1-4a4a-fe53-9aa8-c5685dd1ceef,2,2026-08-03,marital,Cambridge,Cambridge,Married,Divorced
c665ddaf-aa5e-72eb-3454-1d6cf076c60e,2,2026-08-03,address,Springfield,Lowell,Married,Married
c6c4c6ca-ad64-ab52-e0dd-bb39c07e1384,2,2026-08-03,marital,Abington,Abington,Never Married,Divorced
c717f6df-4487-c9a8-ee86-da13450fba4f,2,2026-08-03,marital,Somerville,Somerville,Married,Divorced
c79d2c58-1303-3e61-8144-934de120b6f4,2,2026-08-03,address,Northborough,Quincy,Married,Married
c7c6db21-6e5b-3d23-a1df-77abb823c853,2,2026-08-03,address,Worcester,Lowell,Married,Married
c7c860e6-1926-9410-7576-948e693da800,2,2026-08-03,address,Springfield,New Bedford,Widowed,Widowed
c7f76cac-0c89-05ce-d726-f0fd8ead0bff,2,2026-08-03,address,Barnstable,Springfield,Never Married,Never Married
c85d8124-f901-b210-2d32-eaefd42ad64d,2,2026-08-03,address,Wareham Center,Springfield,Never Married,Never Married
c8e1e20c-c914-772d-41f9-f0d1dd2cdc7a,2,2026-08-03,marital,Worcester,Worcester,Never Married,Divorced
c8e8f12b-e19b-90ce-77c1-6785cca45bcc,2,2026-08-03,marital,Taunton,Taunton,Never Married,Divorced
c8eea214-b294-e35a-71bb-cd5b8a2ffd20,2,2026-08-03,address,Cambridge,New Bedford,Widowed,Widowed
c90e1fc3-812e-f4f9-c990-61204449fd80,2,2026-08-03,address,Malden,New Bedford,Never Married,Never Married
c91c39e3-0aaf-8dd5-274a-a8e540e4c28f,2,2026-08-03,address,Somerset,Lowell,Never Married,Never Married
c989b103-f975-7bf5-dc9a-f816dbdda795,2,2026-08-03,address,Haverhill,Springfield,Married,Married
c9913532-0eb5-bff9-371b-cc44871afc25,2,2026-08-03,both,Hamilton,Worcester,Married,Widowed
c9a4d431-3d4f-7314-d2a1-4dd5e71b301c,2,2026-08-03,address,Andover,Lowell,Married,Married
c9a8c6c1-d4fa-0d36-2142-eefdaf7b7b67,2,2026-08-03,both,Woburn,Worcester,Never Married,Widowed
c9ad5643-8dff-a84c-79e8-077fb6316f47,2,2026-08-03,both,Newton,Quincy,Married,Widowed
c9b1d76e-1def-1b25-3898-6eea870a4330,2,2026-08-03,address,Lawrence,New Bedford,Never Married,Never Married
c9e5b260-60ec-79a2-c218-cc88f0e5a721,2,2026-08-03,address,Millbury,Worcester,Married,Married
ca26523d-1d4c-7c4d-85da-6779a8f82fda,2,2026-08-03,marital,Revere,Revere,Never Married,Divorced
ca502633-d491-336b-2fd1-e9cc4575b25d,2,2026-08-03,address,Lynn,Worcester,Married,Married
ca62b743-ca48-3fc1-7f24-97a8de7cabec,2,2026-08-03,both,Melrose,Lowell,Divorced,Widowed
ca6f83c6-c210-d119-a466-cef436b28497,2,2026-08-03,marital,Boston,Boston,Never Married,Divorced
ca8b8ffc-31e4-dc21-06e2-ca647eba5a73,2,2026-08-03,marital,Randolph,Randolph,Never Married,Divorced
ca9236ad-ab2d-6254-82f6-d26f65b8b3d3,2,2026-08-03,marital,Billerica,Billerica,Never Married,Divorced
cab67d19-27da-0257-3f0d-285f951e7383,2,2026-08-03,marital,Lancaster,Lancaster,Never Married,Divorced
caf25089-4716-8521-e4d9-5081dfa2cc1d,2,2026-08-03,marital,Revere,Revere,Married,Divorced
caf4938a-90b6-f4d5-0fa1-bf93bad31095,2,2026-08-03,marital,Pembroke,Pembroke,Married,Divorced
caf9e6a9-b9a8-19bb-ea69-38898b2e24c5,2,2026-08-03,marital,Winchendon,Winchendon,Married,Divorced
cb9fd2b5-bf8e-eed5-1f08-097d7f2bfcfb,2,2026-08-03,marital,Littleton,Littleton,Never Married,Divorced
cbd14ed5-ddca-8dde-5872-45a8213a12e6,2,2026-08-03,both,Newton,Worcester,Never Married,Widowed
cbe506ec-f574-536f-9364-12150b14fd9f,2,2026-08-03,address,Salem,New Bedford,Married,Married
cbfee192-a44e-6a51-8d45-f480c93de210,2,2026-08-03,both,Worcester,Worcester,Divorced,Widowed
cc151f86-9613-7d67-72b3-f8e9de2c4af7,2,2026-08-03,marital,Wilmington,Wilmington,Never Married,Divorced
cc4e3ac3-964b-5356-e11f-ea34f7144224,2,2026-08-03,address,Salisbury,Lowell,Divorced,Divorced
cc751a78-ec58-4720-b767-8a050ab1225c,2,2026-08-03,marital,Framingham,Framingham,Married,Divorced
cc98a872-9596-f83d-138e-116f83105663,2,2026-08-03,both,Boston,Lowell,Never Married,Widowed
cd1fd27d-ad80-2a95-583d-28da27691e7f,2,2026-08-03,marital,Attleboro,Attleboro,Never Married,Divorced
cd2a144d-a9cd-47f7-97fb-42c98606b44f,2,2026-08-03,both,Worcester,New Bedford,Married,Widowed
cd33fc3f-8a0b-485e-a3e4-3041e3d34aec,2,2026-08-03,marital,Sterling,Sterling,Divorced,Widowed
cd4a3e24-1374-0c8c-3404-f719b744bc36,2,2026-08-03,marital,Holyoke,Holyoke,Never Married,Divorced
cd7ddad9-17aa-7e8b-e44a-72f437a72ef0,2,2026-08-03,address,Bourne,New Bedford,Never Married,Never Married
cde21921-f9f2-1512-952f-1ed520f1386e,2,2026-08-03,address,Lowell,Lowell,Divorced,Divorced
ce054ad0-8132-dcda-fec9-9facc1845328,2,2026-08-03,address,New Bedford,New Bedford,Never Married,Never Married
ce5e2c34-8dd2-7834-88b4-c62d757574ff,2,2026-08-03,address,Belmont,Worcester,Never Married,Never Married
ce7a69c6-670f-15c3-65f5-c32a1d82b291,2,2026-08-03,both,Brookline,Lowell,Married,Widowed
ce9fb7e5-ba9a-4fdf-7408-4d8811ef3d69,2,2026-08-03,both,Lawrence,Worcester,Never Married,Widowed
cf093cd9-2cb3-7338-0263-04463a66da1b,2,2026-08-03,marital,Medford,Medford,Married,Divorced
cf2e4d60-8e24-75f8-0892-0fc7fecbd8c8,2,2026-08-03,address,Ashland,Springfield,Widowed,Widowed
cf34ed90-8158-9164-9d0a-9d6580297e1c,2,2026-08-03,both,Melrose,Quincy,Never Married,Widowed
cf8214d4-f454-91b6-1ac0-334ce294b87b,2,2026-08-03,marital,Lexington,Lexington,Never Married,Divorced
cf9d0e51-be5f-3ac0-33f3-84afff924d74,2,2026-08-03,marital,Canton,Canton,Never Married,Divorced
cfcc6b9c-d333-9206-207a-3e1616ed9fa7,2,2026-08-03,marital,Athol,Athol,Widowed,Divorced
cfe7316e-c5df-708d-0204-14c45d33aa58,2,2026-08-03,marital,Littleton Common,Littleton Common,Married,Divorced
cff887da-7851-41fa-5658-571163423d62,2,2026-08-03,both,East Longmeadow,Springfield,Never Married,Widowed
d0606c1f-205b-c6e8-544d-2d7e0a274a74,2,2026-08-03,marital,Marlborough,Marlborough,Never Married,Divorced
d0cba8a2-8da0-39a5-11bc-024d0029a52c,2,2026-08-03,address,Boston,Quincy,Never Married,Never Married
d10d7ea4-c7b2-67bf-d017-e6aacd4c8464,2,2026-08-03,both,Woburn,Springfield,Never Married,Widowed
d1b1441f-5ebd-99ea-8887-b2ac3121bea1,2,2026-08-03,both,Amesbury,Quincy,Married,Widowed
d1b78d81-7368-b43d-5714-e30a97e3c497,2,2026-08-03,marital,Attleboro,Attleboro,Divorced,Widowed
d1cd5c64-01f6-398a-88bd-d112b770967b,2,2026-08-03,marital,Methuen,Methuen,Divorced,Widowed
d1d551a3-a6fc-c032-f1d3-3d442c0ad0ef,2,2026-08-03,marital,Newton,Newton,Never Married,Divorced
d22e177d-3d1e-2a38-1172-9eb156c3bbf8,2,2026-08-03,address,Somerset,Worcester,Married,Married
d2341612-8955-6a67-2f5c-e50d1ddee85e,2,2026-08-03,marital,Worcester,Worcester,Widowed,Divorced
d2439340-0279-bc1b-2b20-d5505ac5b5c9,2,2026-08-03,both,Millis,Worcester,Never Married,Widowed
d2439e25-2065-f496-357e-3e8aa606b073,2,2026-08-03,marital,Springfield,Springfield,Never Married,Divorced
d291d05f-a759-0f69-6ed0-c77106387be7,2,2026-08-03,address,Andover,Quincy,Divorced,Divorced
d2f4186c-f117-c468-6499-b63b9e5a4db0,2,2026-08-03,both,Westfield,New Bedford,Married,Widowed
d31d086e-2943-76dd-4c1b-6aa51c06be8c,2,2026-08-03,marital,Boston,Boston,Never Married,Divorced
d33d6552-a7f6-36f8-434f-e644503dba15,2,2026-08-03,both,Waltham,Lowell,Married,Widowed
d3e8ac86-e6a7-0f6d-129c-745c5f3df5ba,2,2026-08-03,marital,Methuen,Methuen,Never Married,Divorced
d42758b1-0b4f-3f83-292b-a3f75b8d4b60,2,2026-08-03,address,Woburn,Quincy,Married,Married
d4382634-26bd-bacb-5154-56ed875ac10c,2,2026-08-03,both,North Attleborough,Quincy,Never Married,Widowed
d43bcaa0-967e-8f46-cd69-4ece19a5ccc3,2,2026-08-03,both,Fairhaven,Springfield,Married,Widowed
d44bca4d-8e75-3257-b9b4-31d9938f1073,2,2026-08-03,marital,Boston,Boston,Divorced,Widowed
d45e9c56-aba0-efcc-e0b3-895c71f0187b,2,2026-08-03,address,New Bedford,Springfield,Never Married,Never Married
d46343f0-af0f-5dc6-3ee0-b89d0d65d45c,2,2026-08-03,address,Attleboro,Springfield,Never Married,Never Married
d470a06c-26d6-7aea-7a60-a780531b71d0,2,2026-08-03,address,Duxbury,Lowell,Widowed,Widowed
d4798914-7d1b-2af3-5524-520a97a89521,2,2026-08-03,both,Northbridge,Lowell,Never Married,Widowed
d47f01a1-1542-fcaf-48b2-27e2ef004663,2,2026-08-03,address,Dennis Port,Worcester,Never Married,Never Married
d497a83b-cff5-0940-0708-d4e305000c06,2,2026-08-03,address,Marblehead,Quincy,Married,Married
d4c33bb5-d34a-34d3-ed4e-0ee4c0f95b9b,2,2026-08-03,both,Boston,Lowell,Married,Widowed
d4d53d54-19f3-3271-87b1-08b085ad0971,2,2026-08-03,marital,Worcester,Worcester,Never Married,Divorced
d4e09356-a689-1d85-7b82-d663a8664cd4,2,2026-08-03,address,Mattapoisett,Quincy,Married,Married
d519a16a-8850-a0b2-86c9-298e512c6649,2,2026-08-03,marital,Reading,Reading,Never Married,Divorced
d532f503-f332-3c95-a41c-578c300989b4,2,2026-08-03,address,Haverhill,Quincy,Married,Married
d5560413-8e21-f3f2-6947-0b0afc37257d,2,2026-08-03,address,Fitchburg,Quincy,Never Married,Never Married
d67e1a5a-6bc0-1e9a-baf7-57f6f2263fcf,2,2026-08-03,address,Halifax,Quincy,Married,Married
d68cd575-d4d4-d970-9b79-02468c575846,2,2026-08-03,both,Boston,Quincy,Married,Widowed
d6931eec-5039-bd50-1a30-a531fc5e8832,2,2026-08-03,marital,Becket,Becket,Never Married,Divorced
d6c1c786-e323-1dfe-7e86-6e3c54428b41,2,2026-08-03,marital,Northborough,Northborough,Married,Divorced
d797cebf-0e82-8f80-6eeb-2cdfa0aa28ed,2,2026-08-03,both,Cambridge,Worcester,Never Married,Widowed
d7ad2b65-b9e4-30bf-12ce-85f858df5f0e,2,2026-08-03,marital,Boston,Boston,Never Married,Divorced
d7b26dc7-5023-8f22-e7dd-650b6aa1b66e,2,2026-08-03,address,Millis,Quincy,Married,Married
d7d284e1-1f2a-7a0e-b917-44ffef05dd9f,2,2026-08-03,both,Dunstable,Lowell,Married,Widowed
d7e82d23-6b3d-eb2a-408c-3fa873d8a138,2,2026-08-03,address,Athol,Lowell,Never Married,Never Married
d7fcfbee-6166-4a6d-53fd-0f04a4857f2d,2,2026-08-03,both,Bellingham,Worcester,Never Married,Widowed
d8284908-43b4-1359-504b-ca81410bf283,2,2026-08-03,both,Sandwich,Springfield,Never Married,Widowed
d82dd37a-3359-7533-cc89-afc5f4ac5df0,2,2026-08-03,both,Dracut,Quincy,Never Married,Widowed
d8a037af-9d89-766e-3880-ba34d5b51dfd,2,2026-08-03,address,Malden,Worcester,Never Married,Never Married
d8a243ac-3663-88ec-aa84-8fc10471fb57,2,2026-08-03,address,Wakefield,Quincy,Divorced,Divorced
d90ffe72-53f0-9e95-8c46-2f35b42964df,2,2026-08-03,marital,Worcester,Worcester,Married,Divorced
d978839b-1230-4eab-402a-3d0f5080448f,2,2026-08-03,both,Whitman,Springfield,Never Married,Widowed
d98417e8-0bb1-4766-cd60-847f041b160f,2,2026-08-03,marital,Worcester,Worcester,Never Married,Divorced
d9a76490-4451-7d56-c6ba-6b5e518f1335,2,2026-08-03,address,Hingham,Quincy,Never Married,Never Married
d9e5bd29-99cc-32a0-c792-85c773bb38ea,2,2026-08-03,address,Chelsea,Worcester,Married,Married
d9fb229e-e94e-1ecd-473e-2d598542fd16,2,2026-08-03,both,Taunton,New Bedford,Married,Widowed
da5aee3f-979f-46d2-8447-48f1c17e7d67,2,2026-08-03,both,Boston,New Bedford,Never Married,Widowed
da829de6-ebf5-4963-d2e7-87edeee2ed18,2,2026-08-03,address,Plainfield,Quincy,Never Married,Never Married
da8f91bd-5cb7-e255-6620-d2ae19ff9cfc,2,2026-08-03,address,Boston,New Bedford,Never Married,Never Married
dade1c9f-0de3-b983-a9bc-424f554f79d5,2,2026-08-03,marital,Warren,Warren,Married,Divorced
daffcf1b-1e0a-765e-ea63-9eaef27c7e55,2,2026-08-03,marital,Danvers,Danvers,Married,Divorced
dc0afc9b-830f-dd63-06c8-952174901d6c,2,2026-08-03,address,Barnstable,New Bedford,Married,Married
dc6040d6-e485-3067-0a8e-b2d232c4b83c,2,2026-08-03,marital,Charlton,Charlton,Married,Divorced
dc7d337e-0eda-e64b-e5b1-e04d71ae9ca7,2,2026-08-03,both,Boston,Lowell,Never Married,Widowed
dc9710fa-c1c3-023e-69ec-fb18e8fb85b8,2,2026-08-03,address,Millbury,Quincy,Never Married,Never Married
dcb41764-57ee-27f2-2381-d7e4a4a62383,2,2026-08-03,both,Cambridge,Springfield,Married,Widowed
dcb5fd6d-18d0-964d-24eb-9cbb802e1d8e,2,2026-08-03,marital,Belmont,Belmont,Married,Divorced
dcc591b6-de6c-2774-82a8-ae028b1ef4e4,2,2026-08-03,marital,Somerville,Somerville,Never Married,Divorced
dce6c9b1-1c19-da29-bb14-a9daf7142aaa,2,2026-08-03,marital,Lowell,Lowell,Married,Divorced
ddd18d48-603a-8497-a31a-7c5e6aa39806,2,2026-08-03,address,Quincy,New Bedford,Never Married,Never Married
dde54f17-bab9-c8fb-88d1-9d118714f4da,2,2026-08-03,address,Tewksbury,Springfield,Married,Married
de512fff-ded4-0791-abbc-77bdf3485b82,2,2026-08-03,address,Boston,Worcester,Never Married,Never Married
de9c2604-e7c0-e506-ce9d-9d1bc413657e,2,2026-08-03,both,Belchertown,Lowell,Never Married,Widowed
dea57530-b008-0ce1-6131-5cfb9cd5b0e5,2,2026-08-03,marital,Easthampton,Easthampton,Never Married,Divorced
dea6e571-58cf-2cdc-7dbd-33d166215a24,2,2026-08-03,both,Raynham Center,Springfield,Never Married,Widowed
deda113a-db9c-22e9-7b23-f640d6631103,2,2026-08-03,address,Arlington,Lowell,Divorced,Divorced
def36dda-78bb-064e-7eb8-75a2305a7679,2,2026-08-03,both,Weymouth,Worcester,Married,Widowed
df43ecda-10cb-31fe-1490-6f8f8b99aed2,2,2026-08-03,address,Somerville,Quincy,Married,Married
df93f781-63e8-1f6a-9362-7e3bed9fc3b4,2,2026-08-03,both,Granby,New Bedford,Married,Widowed
df9b3e17-8603-69f8-dfbd-0ba1863134fe,2,2026-08-03,marital,North Andover,North Andover,Never Married,Divorced
dfe6f47d-273a-1bc9-faee-1b612d6965fe,2,2026-08-03,marital,Dartmouth,Dartmouth,Never Married,Divorced
e01adeb6-c912-18aa-a808-75b1b05d943b,2,2026-08-03,address,Boston,Worcester,Never Married,Never Married
e03666da-6e01-e1d9-774f-9cfb189a0ce3,2,2026-08-03,address,Billerica,New Bedford,Married,Married
e0f722bd-c924-ea5b-39ab-b49fbab51ce9,2,2026-08-03,marital,Brockton,Brockton,Never Married,Divorced
e103fdf8-f82b-7017-6492-1148e2b1bb09,2,2026-08-03,both,Acton,Quincy,Married,Widowed
e10b6b2d-8340-74fb-5d02-de6e5ade8fd4,2,2026-08-03,both,Newton,Quincy,Never Married,Widowed
e145a6ff-e617-fb91-7a74-aaa4600e2970,2,2026-08-03,address,Lynn,Lowell,Never Married,Never Married
e1530cc9-7173-4e4f-95ec-e76eb51b177d,2,2026-08-03,both,Lynn,Worcester,Married,Widowed
e16f3d5b-3611-40fe-58fb-7ea801c8d1ef,2,2026-08-03,marital,Lynn,Lynn,Widowed,Divorced
e1de0bff-af96-a37a-ffbb-3d8286d2bf74,2,2026-08-03,marital,Halifax,Halifax,Married,Divorced
e23d12a9-de6c-e27e-7dd4-d5419b9cb1db,2,2026-08-03,address,Brimfield,New Bedford,Never Married,Never Married
e28ab4a4-c89a-1864-caea-c866e9fb0f08,2,2026-08-03,both,Dartmouth,Springfield,Divorced,Widowed
e29ff69f-388e-8441-a4ec-6f29ed74ac1b,2,2026-08-03,address,Quincy,Worcester,Never Married,Never Married
e2a8ed12-2fc1-58a3-0283-10c4d1a0abbb,2,2026-08-03,marital,Raynham,Raynham,Married,Divorced
e2be6e2e-9b70-c179-6615-9a643a8ba8e6,2,2026-08-03,address,Littleton,Worcester,Never Married,Never Married
e3442d5c-06bc-6dca-a360-c4badbb2774d,2,2026-08-03,address,Norton Center,Quincy,Never Married,Never Married
e35ef8cb-15d3-67a1-a322-8e0bd8210f20,2,2026-08-03,address,Haverhill,New Bedford,Divorced,Divorced
e3b66c9e-6c7a-1c5a-e534-1f210ffe281d,2,2026-08-03,marital,Billerica,Billerica,Married,Divorced
e3e10b28-b9ac-1895-928a-2cfa418322bd,2,2026-08-03,address,Great Barrington,Worcester,Never Married,Never Married
e3e4af96-2d6a-3638-327a-25eea9dada8d,2,2026-08-03,marital,Carver,Carver,Never Married,Divorced
e41c2fd9-e456-04a2-fb3d-6e3315518538,2,2026-08-03,both,Springfield,Lowell,Never Married,Widowed
e47cc359-0982-d1fa-fb69-911083e7842e,2,2026-08-03,both,Springfield,Lowell,Never Married,Widowed
e4a13c87-4bf1-f9cb-d6c7-2767ff68fa7c,2,2026-08-03,both,Northampton,Quincy,Never Married,Widowed
e4b29666-d6aa-add0-09a3-adb4e09b2638,2,2026-08-03,both,Mattapoisett,Worcester,Married,Widowed
e4e65212-7286-5e0f-33f5-536cc4d4058f,2,2026-08-03,both,Amherst Center,Lowell,Married,Widowed
e4fd20ec-833c-0dae-f6d7-bad0acce7916,2,2026-08-03,both,Boston,Quincy,Married,Widowed
e50e6372-e19a-9e77-a1fd-10dc483ae6d4,2,2026-08-03,address,Mattapoisett,Springfield,Married,Married
e56b344f-5de8-4999-f318-58f71dba4a1e,2,2026-08-03,both,Dartmouth,Quincy,Widowed,Married
e577a2f7-6597-eb22-3fc2-dadffe919888,2,2026-08-03,both,Webster,Quincy,Married,Widowed
e5936cf7-5c5c-658f-4f23-37fe5c984243,2,2026-08-03,both,Milton,Worcester,Married,Widowed
e5a60aaa-1b4c-b9c9-e4e9-f70a4cf7772a,2,2026-08-03,both,Barnstable,Lowell,Widowed,Married
e5bf8825-b07b-a2a7-8223-03902a1ad8eb,2,2026-08-03,marital,Westfield,Westfield,Divorced,Widowed
e60c69e1-5482-114f-4b5e-ad5e4315b15b,2,2026-08-03,marital,Pinehurst,Pinehurst,Married,Divorced
e6148df2-a578-c21c-adca-5988c3d33f91,2,2026-08-03,address,Worcester,New Bedford,Never Married,Never Married
e62cba47-cab1-0cd8-9d99-00c0df30ae27,2,2026-08-03,address,Franklin,Quincy,Never Married,Never Married
e63ba0ef-9b5e-3e92-5e01-1d717b437135,2,2026-08-03,both,Billerica,Worcester,Married,Widowed
e66e0f8f-42f8-dabf-cb14-43a390db191d,2,2026-08-03,address,Newton,Quincy,Never Married,Never Married
e684e0bf-561f-e414-e14d-f782d83834e0,2,2026-08-03,marital,Bourne,Bourne,Married,Divorced
e68ddd49-20f4-a0df-6cbe-279f1a3e4ce8,2,2026-08-03,both,Granby,Springfield,Never Married,Widowed
e725393c-aaf8-c058-866d-fe46b92f1461,2,2026-08-03,marital,Swampscott,Swampscott,Never Married,Divorced
e7ab8cd2-0758-f5a9-f8f2-35e65e29b849,2,2026-08-03,both,Hull,Lowell,Never Married,Widowed
e7c7bec4-0061-e0c8-1ab9-36808e97445f,2,2026-08-03,both,Boston,Worcester,Never Married,Widowed
e7cf3905-a1e2-a09c-fb63-43c5d3a3b1fa,2,2026-08-03,address,Everett,Lowell,Never Married,Never Married
e7d43a28-9461-9f32-c15c-b7134271165c,2,2026-08-03,both,Worcester,Worcester,Married,Widowed
e7e16881-c083-3a67-c465-61765f869244,2,2026-08-03,both,Beverly,Springfield,Never Married,Widowed
e848d12e-13e1-5676-6068-311a41c5567f,2,2026-08-03,both,Fall River,Worcester,Married,Widowed
e84e7e6a-673e-bb04-a61b-de81a69c6e04,2,2026-08-03,both,Newton,Lowell,Never Married,Widowed
e87805f6-ca43-c9e0-cbc5-5a3c10ca14e5,2,2026-08-03,address,Lowell,Springfield,Married,Married
e8da3c5a-d9f3-28fb-f12f-6218a657bfa3,2,2026-08-03,address,Greenfield,New Bedford,Married,Married
e8f2f826-cb9f-33a0-2ca8-f21c2afc5f9d,2,2026-08-03,marital,Billerica,Billerica,Married,Divorced
e952fc6a-ad8d-d977-b2dd-ebba34cf2075,2,2026-08-03,both,Amherst,Quincy,Never Married,Widowed
e976b49a-450f-63a3-0dcf-5f0a9c979236,2,2026-08-03,address,Boston,Lowell,Married,Married
e9dcdb75-6b7f-9725-5a9f-4c4471d29ee5,2,2026-08-03,marital,South Yarmouth,South Yarmouth,Divorced,Widowed
e9f54d92-516c-0f2f-619c-249800dc3585,2,2026-08-03,marital,Lowell,Lowell,Married,Divorced
ea416a6b-366c-e200-9165-54378556ddd4,2,2026-08-03,both,Milton,New Bedford,Never Married,Widowed
ea490791-e0e6-cb70-b637-a50ed95be4d5,2,2026-08-03,both,Concord,Springfield,Married,Widowed
ea5fcd38-7552-ce62-62d7-01d943a7f51c,2,2026-08-03,both,New Bedford,New Bedford,Never Married,Widowed
ea7f5949-ccb7-9a31-9eae-d5a08690b690,2,2026-08-03,address,Marion,Worcester,Never Married,Never Married
eaa13dc4-b788-7c26-7c09-f59734ec9be9,2,2026-08-03,address,Franklin,Springfield,Divorced,Divorced
eaae8019-45b9-f506-4294-771e778e0c5a,2,2026-08-03,marital,Somerville,Somerville,Never Married,Divorced
eb1e1d24-1f20-e6e9-8fd2-30f40ee85f3a,2,2026-08-03,address,Norton,Quincy,Never Married,Never Married
eb23644a-9593-bbf0-b5ba-1c7b36574bab,2,2026-08-03,both,Cambridge,Lowell,Never Married,Widowed
eb424f4b-21a3-f4e7-e04b-5bba1dd0e545,2,2026-08-03,marital,West Brookfield,West Brookfield,Married,Divorced
eb759a6d-ff40-3377-1fec-10d6905eb6cc,2,2026-08-03,marital,Reading,Reading,Never Married,Divorced
eb8ba342-c5e6-eff6-3ded-171cf523e084,2,2026-08-03,marital,Seekonk,Seekonk,Never Married,Divorced
ebb1236b-a737-5352-cf5a-175bb110cdfb,2,2026-08-03,address,Somerville,New Bedford,Never Married,Never Married
ebcd6a5c-c6ab-374d-a8e0-5f89288c488b,2,2026-08-03,both,Rowley,New Bedford,Never Married,Widowed
ebcddae0-481a-33dd-b62b-04acb1673b40,2,2026-08-03,both,Springfield,Lowell,Never Married,Widowed
ebeb848d-c34b-5d7e-b923-c2fbd3269325,2,2026-08-03,address,Rehoboth,Lowell,Married,Married
ec0b2322-7156-2271-878b-99c35700f219,2,2026-08-03,address,Stoughton,Worcester,Never Married,Never Married
ec21db76-0f70-ab80-70f9-ef749cf28bf6,2,2026-08-03,both,Quincy,Worcester,Widowed,Married
ec6cd521-c45e-c62d-4775-2507ab6e6e2e,2,2026-08-03,marital,Worcester,Worcester,Married,Divorced
ecdb776b-96b5-cb7f-9640-3659da09a383,2,2026-08-03,marital,Lowell,Lowell,Never Married,Divorced
ed016105-a4f9-be46-81c0-cc211640f103,2,2026-08-03,marital,Natick,Natick,Never Married,Divorced
ed073244-0954-0f1a-c85d-687179b92c00,2,2026-08-03,marital,Wareham,Wareham,Never Married,Divorced
ed3b7664-2604-a39d-fb0a-b4a96828b3ab,2,2026-08-03,address,Plymouth,Lowell,Never Married,Never Married
ed6530ad-18bb-3061-d33a-0c497b9e513c,2,2026-08-03,both,Fitchburg,New Bedford,Never Married,Widowed
ed80036b-d43c-7e8d-5ff8-8371ed3b8906,2,2026-08-03,address,Palmer,Worcester,Never Married,Never Married
eda58e63-232b-a707-c741-9ee21535815c,2,2026-08-03,both,Kingston,New Bedford,Never Married,Widowed
edcc47b0-804d-1cc0-adc5-8ff3b41af068,2,2026-08-03,address,Whitinsville,Springfield,Married,Married
edce3348-e608-e9bc-0d02-d21ec685e81b,2,2026-08-03,both,Fall River,Springfield,Never Married,Widowed
edf1aae6-943f-4d60-6110-cfde63c11a39,2,2026-08-03,both,Lowell,Lowell,Married,Widowed
edf7a4ca-ce5f-27b5-b31a-63cdcf5d710a,2,2026-08-03,both,South Hadley,Worcester,Never Married,Widowed
ee3483a4-5259-591d-ebc9-87db6af184b7,2,2026-08-03,address,Northbridge,Lowell,Never Married,Never Married
ee6005fe-289f-cb9e-b1aa-ca61889a806c,2,2026-08-03,both,Adams,Worcester,Never Married,Widowed
ee9b7d38-dd98-d0f6-b540-b92bf71d7967,2,2026-08-03,both,New Bedford,Worcester,Divorced,Widowed
eeb1898d-42d3-50c2-400d-f42cae7374ca,2,2026-08-03,both,Wrentham,Quincy,Never Married,Widowed
eef4943a-75be-00f1-9394-19f54fd7423f,2,2026-08-03,address,Taunton,Lowell,Married,Married
ef296204-df9a-9f9d-de97-e81863084123,2,2026-08-03,address,Sterling,Worcester,Never Married,Never Married
ef5b3571-b6ad-1ab3-2b9d-4dfda7d4fc88,2,2026-08-03,marital,Methuen,Methuen,Divorced,Widowed
efc41255-11b4-c7c7-3575-2f6dbefb624b,2,2026-08-03,marital,Peabody,Peabody,Married,Divorced
efd5f1ff-0f96-2b09-3306-f9728cc03725,2,2026-08-03,address,Boston,Worcester,Never Married,Never Married
efe34359-5467-8c29-a39b-264d1d4573c9,2,2026-08-03,address,Braintree,Quincy,Never Married,Never Married
eff9acc9-fe6a-f604-ede6-9c9e74353fd9,2,2026-08-03,marital,Woburn,Woburn,Never Married,Divorced
effe5d18-ff2e-f426-d08c-b76fa1f9174d,2,2026-08-03,marital,Attleboro,Attleboro,Married,Divorced
f00e13f5-ecfa-899f-8c0b-64e98558c812,2,2026-08-03,marital,Hamilton,Hamilton,Married,Divorced
f011fa66-979b-9cd7-35b1-6e3895d53628,2,2026-08-03,marital,Fitchburg,Fitchburg,Never Married,Divorced
f042e05a-f1a1-e685-b76b-d6f683e11b1c,2,2026-08-03,marital,North Andover,North Andover,Married,Divorced
f052c609-9b8d-8006-246e-1d680d71c426,2,2026-08-03,address,Lynn,Quincy,Never Married,Never Married
f079a18d-37ef-fbf6-0b27-8048d1f30d71,2,2026-08-03,marital,Springfield,Springfield,Never Married,Divorced
f07e348f-8154-0d7d-2c70-c6a582b106c4,2,2026-08-03,both,Worcester,Springfield,Never Married,Widowed
f09ad8f7-5f45-bb7c-b4b0-db612d580aa3,2,2026-08-03,address,Dracut,Worcester,Never Married,Never Married
f119e162-57b8-2ee2-0336-f0feddc4dd59,2,2026-08-03,both,South Dennis,Springfield,Never Married,Widowed
f155af6e-f23a-3b27-fb6a-7aa05f424aff,2,2026-08-03,address,Boston,Springfield,Never Married,Never Married
f158c88c-8ebe-a86b-4360-66ee7d152a58,2,2026-08-03,address,Quincy,Springfield,Married,Married
f1961411-ba2c-c443-791b-b63ca21c787e,2,2026-08-03,address,Webster,Quincy,Divorced,Divorced
f1a40c86-3ede-c71c-f512-cbabcc5a375f,2,2026-08-03,both,Everett,Lowell,Never Married,Widowed
f1c9c796-31e8-af9a-fae4-4d1aa4f5fbd5,2,2026-08-03,marital,Wakefield,Wakefield,Never Married,Divorced
f1ffe1c1-1153-c511-782e-c9f9f1697d6d,2,2026-08-03,both,Boston,Worcester,Never Married,Widowed
f29abb6e-59cf-c315-e51c-d8d7df33684e,2,2026-08-03,both,Clinton,Quincy,Married,Widowed
f2abbc0a-76d5-07b0-72b5-f6b33a3b84d2,2,2026-08-03,address,Cambridge,Springfield,Married,Married
f2e579f1-c170-17d2-5668-914fbcd3c520,2,2026-08-03,marital,Belchertown,Belchertown,Married,Divorced
f31681ae-3e80-bb06-9b19-9b16796561ef,2,2026-08-03,both,Gardner,Springfield,Never Married,Widowed
f32d46ee-9d5d-b644-8e0c-cf49012610ec,2,2026-08-03,marital,Sudbury,Sudbury,Married,Divorced
f364219e-3990-7780-c3c1-8783e453d323,2,2026-08-03,both,Taunton,New Bedford,Married,Widowed
f39c8e49-e838-967b-f964-81fbe857f86e,2,2026-08-03,address,Norton Center,Lowell,Divorced,Divorced
f3ab1b0a-1b52-6e82-85e5-afe58bc56ee5,2,2026-08-03,marital,Worcester,Worcester,Widowed,Divorced
f3c1cf3d-e4b2-d197-a854-a73615323216,2,2026-08-03,marital,Acton,Acton,Never Married,Divorced
f3c2d624-231e-dd1a-f98b-5ee5d528ff98,2,2026-08-03,marital,Millis-Clicquot,Millis-Clicquot,Married,Divorced
f414c60e-e8f1-5f9b-b418-2d7488038a7b,2,2026-08-03,marital,Malden,Malden,Married,Divorced
f4a9e129-3011-a2eb-d3ba-fc58f6a35d59,2,2026-08-03,marital,Woburn,Woburn,Never Married,Divorced
f4f0ac81-393b-0c83-7819-2c673046cd28,2,2026-08-03,address,Milford,Lowell,Never Married,Never Married
f4f96fd1-fb84-2fb2-704e-5e2680c8c7be,2,2026-08-03,marital,Shrewsbury,Shrewsbury,Never Married,Divorced
f507a9a3-1f1a-5efc-2170-4dd4d30737c9,2,2026-08-03,marital,Milford,Milford,Divorced,Widowed
f5135330-3cae-7761-a31f-45db2790491a,2,2026-08-03,both,Boston,Lowell,Never Married,Widowed
f514a784-f843-cebe-fd2e-a35616c958bd,2,2026-08-03,marital,Waltham,Waltham,Married,Divorced
f5420afa-60eb-3f1d-58ae-183a73b15a8e,2,2026-08-03,address,Malden,Worcester,Never Married,Never Married
f547bac5-68c3-f396-3e97-c6fc36c861a9,2,2026-08-03,address,Springfield,New Bedford,Widowed,Widowed
f5a19a51-b7c3-74d9-62d5-2a95589dca90,2,2026-08-03,both,Revere,Worcester,Married,Widowed
f5ae16d4-5463-9a06-0069-8ab96a4e43d8,2,2026-08-03,marital,Westfield,Westfield,Divorced,Widowed
f5cff22a-3b69-0a72-f534-0e50854db726,2,2026-08-03,both,Watertown,Quincy,Never Married,Widowed
f6015bc9-ff6e-9c29-406e-dcb546d59613,2,2026-08-03,marital,Boston,Boston,Never Married,Divorced
f63925dd-765d-8077-1ad5-a5809353fc7c,2,2026-08-03,both,Rutland,Springfield,Never Married,Widowed
f6ca307d-66f7-ba1a-32a9-b6146b3b4448,2,2026-08-03,address,Wakefield,Lowell,Married,Married
f6f35a33-fa12-bd11-8eb7-3d47ae726c07,2,2026-08-03,marital,Brockton,Brockton,Married,Divorced
f70c6ab0-886f-a0ec-2785-eac7cb8f6684,2,2026-08-03,both,Malden,Quincy,Never Married,Widowed
f7405e13-7151-ea07-6712-b880fc9aae58,2,2026-08-03,both,Revere,Lowell,Never Married,Widowed
f74137bd-96af-a09c-2520-105e83e4451f,2,2026-08-03,both,Revere,Springfield,Never Married,Widowed
f75742ab-5201-952e-4c86-5416f7b54fa4,2,2026-08-03,both,Holden,Springfield,Never Married,Widowed
f7591557-2162-f95e-e0a9-ccec5553e898,2,2026-08-03,both,West Concord,Lowell,Never Married,Widowed
f75d415b-7795-6234-a953-45a040652125,2,2026-08-03,marital,Dalton,Dalton,Never Married,Divorced
f76a99be-cc84-5797-6c7c-2d0c0cc0bf38,2,2026-08-03,address,Everett,New Bedford,Never Married,Never Married
f76c800b-4ec1-8bb8-5a38-bb126180aa69,2,2026-08-03,address,Rochester,Lowell,Married,Married
f76cedb5-6129-5301-57d3-05893c3431c2,2,2026-08-03,marital,Lynn,Lynn,Married,Divorced
f775497d-fc9b-6bac-ded0-87ff6c948029,2,2026-08-03,address,Agawam,New Bedford,Married,Married
f7a9df86-55b3-bb66-4ebe-6a799d257524,2,2026-08-03,both,Wilmington,Springfield,Married,Widowed
f7b8716f-a536-9a22-5210-526a68f33cfc,2,2026-08-03,both,East Sandwich,Quincy,Married,Widowed
f7c20eab-124b-537b-d91e-407f9e4165ee,2,2026-08-03,marital,Whitman,Whitman,Married,Divorced
f7c4e803-f0c6-23d9-60c7-836ec5cbc014,2,2026-08-03,marital,Lowell,Lowell,Never Married,Divorced
f7cca2c4-244c-78ca-0830-c0038a2e4010,2,2026-08-03,address,Shutesbury,New Bedford,Never Married,Never Married
f7e6d236-4025-7c57-0f4e-6adb7ce32878,2,2026-08-03,marital,Upton,Upton,Married,Divorced
f7e7be0e-50da-f3d2-2f48-9c01708c3db0,2,2026-08-03,both,Lawrence,Springfield,Married,Widowed
f80d666d-5acc-9a67-af34-c0daec808b12,2,2026-08-03,marital,Worcester,Worcester,Never Married,Divorced
f862f7bc-e475-f241-130e-a2ffa3962b33,2,2026-08-03,marital,Bliss Corner,Bliss Corner,Never Married,Divorced
f89937f3-17bb-98f0-3cca-c6c3ba2534d9,2,2026-08-03,address,Natick,Worcester,Never Married,Never Married
f8d81ae0-19e5-1c6f-3129-e20ef099de5d,2,2026-08-03,address,Boston,Worcester,Widowed,Widowed
f9323569-780d-3306-2750-9ae5be7d0feb,2,2026-08-03,both,Wilbraham,Springfield,Never Married,Widowed
f97c3a57-72de-a42f-b6b4-ce50a64043c7,2,2026-08-03,marital,Lawrence,Lawrence,Widowed,Divorced
f9e9f68d-77e1-51ce-6116-64afdbd2de5f,2,2026-08-03,both,Dalton,Lowell,Never Married,Widowed
fa71d4f6-3c1b-e1e0-de20-a925ce833025,2,2026-08-03,marital,Burlington,Burlington,Never Married,Divorced
fa846d91-5249-0a41-067a-1052c74a8f28,2,2026-08-03,address,Rockland,Worcester,Never Married,Never Married
fa84977e-72d0-06b4-63fa-460783299fb2,2,2026-08-03,marital,Billerica,Billerica,Never Married,Divorced
fafb2e70-bf29-e023-6bde-584d0ab9c6c8,2,2026-08-03,address,Acton,Worcester,Never Married,Never Married
fb1ad71c-f6a9-05ae-9b26-ab77604982f9,2,2026-08-03,marital,Walpole,Walpole,Never Married,Divorced
fb4253ba-8261-4a2b-9d7f-df8a64f85c49,2,2026-08-03,address,Southwick,Springfield,Never Married,Never Married
fb6b93cd-9b56-acbe-c67c-fe540b7ec57e,2,2026-08-03,marital,Norwell,Norwell,Never Married,Divorced
fb76ebf6-1107-21e4-4c96-04071f1f861b,2,2026-08-03,both,Holyoke,Worcester,Never Married,Widowed
fb7d1a42-a580-b1bc-f87c-110e900b1eb1,2,2026-08-03,marital,Winthrop,Winthrop,Never Married,Divorced
fbdb7855-f8de-a826-d4bb-1f1c60054188,2,2026-08-03,address,Haverhill,Lowell,Divorced,Divorced
fc1b7b9d-dc5f-3978-b941-e34ced0b9829,2,2026-08-03,marital,Cheshire,Cheshire,Married,Divorced
fc3f9471-2f55-d3f3-7003-3278c21e9476,2,2026-08-03,marital,Lynn,Lynn,Never Married,Divorced
fc6e09b2-b179-9256-e188-00df6ca7a8d5,2,2026-08-03,both,Brookline,Springfield,Married,Widowed
fc725444-353d-cc4a-06fc-25075ac55fb3,2,2026-08-03,address,Peabody,Worcester,Never Married,Never Married
fc9a4283-ec36-9f19-9b64-68cbdadcb9c2,2,2026-08-03,both,Barnstable,Springfield,Never Married,Widowed
fcbc2e44-f261-e4d6-e4ef-234827e12400,2,2026-08-03,address,Chicopee,Quincy,Never Married,Never Married
fd14ad65-a8e5-c145-3a4d-1704fb1ee233,2,2026-08-03,address,Hancock,Lowell,Married,Married
fd596d8f-7bd0-694b-b121-7614c851ff19,2,2026-08-03,marital,Lowell,Lowell,Divorced,Widowed
fda10e1a-eb81-5f99-243a-0392b98ff859,2,2026-08-03,both,Dighton,New Bedford,Married,Widowed
fdb5a46f-b474-1ee8-6857-ec8af9a9b02e,2,2026-08-03,address,Oak Bluffs,Quincy,Divorced,Divorced
fe426699-65f4-97bc-6732-014edb6dd3c2,2,2026-08-03,address,Danvers,Lowell,Never Married,Never Married
fe801e1a-7550-c3c6-0ad5-7f74b501ece8,2,2026-08-03,marital,Yarmouth Port,Yarmouth Port,Never Married,Divorced
feb5f716-1073-f565-3576-1e3a97513f8b,2,2026-08-03,address,Quincy,New Bedford,Never Married,Never Married
fec503b6-3ec5-b9c9-7144-bc871247db63,2,2026-08-03,marital,Billerica,Billerica,Divorced,Widowed
ff6b63ef-2833-ea22-7f16-324ddffdfddc,2,2026-08-03,marital,Hadley,Hadley,Married,Divorced
ffb1cafc-01ff-796d-b1c5-1b6faef5f5d4,2,2026-08-03,both,Brookline,Lowell,Divorced,Widowed
ffc4519d-0ffc-2d92-6d8b-b5953b9d9ba1,2,2026-08-03,address,Sandwich,Springfield,Divorced,Divorced
ffe1edd5-69d4-9c4d-55fe-c026e93235ec,2,2026-08-03,address,Avon,Springfield,Never Married,Never Married
ffe90144-3db7-2834-41f5-b2fddb9b4195,2,2026-08-03,address,Boston,Worcester,Never Married,Never Married
fffa6d14-67fc-f65b-138a-d4a141885ef1,2,2026-08-03,both,Swampscott,New Bedford,Never Married,Widowed
